[0.000000] (-) TimerEvent: {}
[0.000332] (base_interfaces_demo) JobQueued: {'identifier': 'base_interfaces_demo', 'dependencies': OrderedDict()}
[0.000358] (cpp01_topic) JobQueued: {'identifier': 'cpp01_topic', 'dependencies': OrderedDict({'base_interfaces_demo': '/home/loser/ws01_plumbing/install/base_interfaces_demo'})}
[0.000373] (cpp02_service) JobQueued: {'identifier': 'cpp02_service', 'dependencies': OrderedDict({'base_interfaces_demo': '/home/loser/ws01_plumbing/install/base_interfaces_demo'})}
[0.000384] (cpp03_action) JobQueued: {'identifier': 'cpp03_action', 'dependencies': OrderedDict({'base_interfaces_demo': '/home/loser/ws01_plumbing/install/base_interfaces_demo'})}
[0.000391] (py01_topic) JobQueued: {'identifier': 'py01_topic', 'dependencies': OrderedDict({'base_interfaces_demo': '/home/loser/ws01_plumbing/install/base_interfaces_demo'})}
[0.000397] (py02_service) JobQueued: {'identifier': 'py02_service', 'dependencies': OrderedDict({'base_interfaces_demo': '/home/loser/ws01_plumbing/install/base_interfaces_demo'})}
[0.000404] (py03_action) JobQueued: {'identifier': 'py03_action', 'dependencies': OrderedDict({'base_interfaces_demo': '/home/loser/ws01_plumbing/install/base_interfaces_demo'})}
[0.000844] (base_interfaces_demo) JobStarted: {'identifier': 'base_interfaces_demo'}
[0.005926] (base_interfaces_demo) JobProgress: {'identifier': 'base_interfaces_demo', 'progress': 'cmake'}
[0.006404] (base_interfaces_demo) Command: {'cmd': ['/usr/bin/cmake', '/home/loser/ws01_plumbing/src/base_interfaces_demo', '-DCMAKE_INSTALL_PREFIX=/home/loser/ws01_plumbing/install/base_interfaces_demo'], 'cwd': '/home/loser/ws01_plumbing/build/base_interfaces_demo', 'env': OrderedDict({'GJS_DEBUG_TOPICS': 'JS ERROR;JS LOG', 'LESSOPEN': '| /usr/bin/lesspipe %s', 'GZ_SIM_RESOURCE_PATH': '/opt/ros/jazzy/share', 'USER': 'loser', 'LC_TIME': 'zh_CN.UTF-8', 'GZ_CONFIG_PATH': '/opt/ros/jazzy/opt/gz_sim_vendor/share/gz:/opt/ros/jazzy/opt/sdformat_vendor/share/gz:/opt/ros/jazzy/opt/gz_gui_vendor/share/gz:/opt/ros/jazzy/opt/gz_transport_vendor/share/gz:/opt/ros/jazzy/opt/gz_rendering_vendor/share/gz:/opt/ros/jazzy/opt/gz_plugin_vendor/share/gz:/opt/ros/jazzy/opt/gz_fuel_tools_vendor/share/gz:/opt/ros/jazzy/opt/gz_msgs_vendor/share/gz:/opt/ros/jazzy/opt/gz_common_vendor/share/gz', 'XDG_SESSION_TYPE': 'wayland', 'GIT_ASKPASS': '/usr/share/code/resources/app/extensions/git/dist/askpass.sh', 'CLUTTER_DISABLE_MIPMAPPED_TEXT': '1', 'SHLVL': '1', 'LIBGL_ALWAYS_SOFTWARE': '1', 'LD_LIBRARY_PATH': '/opt/ros/jazzy/opt/gz_sim_vendor/lib:/opt/ros/jazzy/opt/gz_sensors_vendor/lib:/opt/ros/jazzy/opt/gz_physics_vendor/lib:/opt/ros/jazzy/opt/sdformat_vendor/lib:/opt/ros/jazzy/opt/rviz_ogre_vendor/lib:/opt/ros/jazzy/lib/x86_64-linux-gnu:/opt/ros/jazzy/opt/gz_gui_vendor/lib:/opt/ros/jazzy/opt/gz_transport_vendor/lib:/opt/ros/jazzy/opt/gz_rendering_vendor/lib:/opt/ros/jazzy/opt/gz_plugin_vendor/lib:/opt/ros/jazzy/opt/gz_fuel_tools_vendor/lib:/opt/ros/jazzy/opt/gz_msgs_vendor/lib:/opt/ros/jazzy/opt/gz_common_vendor/lib:/opt/ros/jazzy/opt/gz_math_vendor/lib:/opt/ros/jazzy/opt/gz_utils_vendor/lib:/opt/ros/jazzy/opt/gz_tools_vendor/lib:/opt/ros/jazzy/opt/gz_ogre_next_vendor/lib:/opt/ros/jazzy/opt/gz_dartsim_vendor/lib:/opt/ros/jazzy/opt/gz_cmake_vendor/lib:/opt/ros/jazzy/lib', 'HOME': '/home/loser', 'CHROME_DESKTOP': 'code.desktop', 'TERM_PROGRAM_VERSION': '1.121.0', 'DESKTOP_SESSION': 'ubuntu', 'GIO_LAUNCHED_DESKTOP_FILE': '/usr/share/applications/code.desktop', 'ROS_PYTHON_VERSION': '3', 'GNOME_SHELL_SESSION_MODE': 'ubuntu', 'GTK_MODULES': 'gail:atk-bridge', 'VSCODE_GIT_ASKPASS_MAIN': '/usr/share/code/resources/app/extensions/git/dist/askpass-main.js', 'LC_MONETARY': 'zh_CN.UTF-8', 'VSCODE_GIT_ASKPASS_NODE': '/usr/share/code/code', 'MANAGERPID': '2282', 'SYSTEMD_EXEC_PID': '2501', 'IM_CONFIG_CHECK_ENV': '1', 'VSCODE_PYTHON_AUTOACTIVATE_GUARD': '1', 'GSM_SKIP_SSH_AGENT_WORKAROUND': 'true', 'DBUS_SESSION_BUS_ADDRESS': 'unix:path=/run/user/1000/bus', 'COLORTERM': 'truecolor', 'GIO_LAUNCHED_DESKTOP_FILE_PID': '4584', 'DEBUGINFOD_URLS': 'https://debuginfod.ubuntu.com', 'IM_CONFIG_PHASE': '1', 'WAYLAND_DISPLAY': 'wayland-0', 'ROS_DISTRO': 'jazzy', 'LOGNAME': 'loser', 'JOURNAL_STREAM': '9:28365', '_': '/usr/bin/colcon', 'ROS_VERSION': '2', 'MEMORY_PRESSURE_WATCH': '/sys/fs/cgroup/user.slice/user-1000.slice/user@1000.service/session.slice/org.gnome.Shell@wayland.service/memory.pressure', 'XDG_SESSION_CLASS': 'user', 'USERNAME': 'loser', 'TERM': 'xterm-256color', 'GNOME_DESKTOP_SESSION_ID': 'this-is-deprecated', 'FC_FONTATIONS': '1', 'PATH': '/home/loser/.config/Code/User/globalStorage/github.copilot-chat/debugCommand:/home/loser/.config/Code/User/globalStorage/github.copilot-chat/copilotCli:/opt/ros/jazzy/opt/gz_msgs_vendor/bin:/opt/ros/jazzy/opt/gz_tools_vendor/bin:/opt/ros/jazzy/opt/gz_ogre_next_vendor/bin:/opt/ros/jazzy/bin:/usr/local/sbin:/usr/local/bin:/usr/sbin:/usr/bin:/sbin:/bin:/usr/games:/usr/local/games:/snap/bin:/snap/bin', 'SESSION_MANAGER': 'local/loser-vm:@/tmp/.ICE-unix/2471,unix/loser-vm:/tmp/.ICE-unix/2471', 'INVOCATION_ID': '7445e4fbb8684575a4b0207dba2de19a', 'PAPERSIZE': 'a4', 'XDG_MENU_PREFIX': 'gnome-', 'LC_ADDRESS': 'zh_CN.UTF-8', 'GNOME_SETUP_DISPLAY': ':1', 'XDG_RUNTIME_DIR': '/run/user/1000', 'GDK_BACKEND': 'wayland', 'DISPLAY': ':0', 'LANG': 'zh_CN.UTF-8', 'XDG_CURRENT_DESKTOP': 'ubuntu:GNOME', 'LC_TELEPHONE': 'zh_CN.UTF-8', 'XMODIFIERS': '@im=ibus', 'XDG_SESSION_DESKTOP': 'ubuntu', 'XAUTHORITY': '/run/user/1000/.mutter-Xwaylandauth.9H1UP3', 'LS_COLORS': 'rs=0:di=01;34:ln=01;36:mh=00:pi=40;33:so=01;35:do=01;35:bd=40;33;01:cd=40;33;01:or=40;31;01:mi=00:su=37;41:sg=30;43:ca=00:tw=30;42:ow=34;42:st=37;44:ex=01;32:*.tar=01;31:*.tgz=01;31:*.arc=01;31:*.arj=01;31:*.taz=01;31:*.lha=01;31:*.lz4=01;31:*.lzh=01;31:*.lzma=01;31:*.tlz=01;31:*.txz=01;31:*.tzo=01;31:*.t7z=01;31:*.zip=01;31:*.z=01;31:*.dz=01;31:*.gz=01;31:*.lrz=01;31:*.lz=01;31:*.lzo=01;31:*.xz=01;31:*.zst=01;31:*.tzst=01;31:*.bz2=01;31:*.bz=01;31:*.tbz=01;31:*.tbz2=01;31:*.tz=01;31:*.deb=01;31:*.rpm=01;31:*.jar=01;31:*.war=01;31:*.ear=01;31:*.sar=01;31:*.rar=01;31:*.alz=01;31:*.ace=01;31:*.zoo=01;31:*.cpio=01;31:*.7z=01;31:*.rz=01;31:*.cab=01;31:*.wim=01;31:*.swm=01;31:*.dwm=01;31:*.esd=01;31:*.avif=01;35:*.jpg=01;35:*.jpeg=01;35:*.mjpg=01;35:*.mjpeg=01;35:*.gif=01;35:*.bmp=01;35:*.pbm=01;35:*.pgm=01;35:*.ppm=01;35:*.tga=01;35:*.xbm=01;35:*.xpm=01;35:*.tif=01;35:*.tiff=01;35:*.png=01;35:*.svg=01;35:*.svgz=01;35:*.mng=01;35:*.pcx=01;35:*.mov=01;35:*.mpg=01;35:*.mpeg=01;35:*.m2v=01;35:*.mkv=01;35:*.webm=01;35:*.webp=01;35:*.ogm=01;35:*.mp4=01;35:*.m4v=01;35:*.mp4v=01;35:*.vob=01;35:*.qt=01;35:*.nuv=01;35:*.wmv=01;35:*.asf=01;35:*.rm=01;35:*.rmvb=01;35:*.flc=01;35:*.avi=01;35:*.fli=01;35:*.flv=01;35:*.gl=01;35:*.dl=01;35:*.xcf=01;35:*.xwd=01;35:*.yuv=01;35:*.cgm=01;35:*.emf=01;35:*.ogv=01;35:*.ogx=01;35:*.aac=00;36:*.au=00;36:*.flac=00;36:*.m4a=00;36:*.mid=00;36:*.midi=00;36:*.mka=00;36:*.mp3=00;36:*.mpc=00;36:*.ogg=00;36:*.ra=00;36:*.wav=00;36:*.oga=00;36:*.opus=00;36:*.spx=00;36:*.xspf=00;36:*~=00;90:*#=00;90:*.bak=00;90:*.crdownload=00;90:*.dpkg-dist=00;90:*.dpkg-new=00;90:*.dpkg-old=00;90:*.dpkg-tmp=00;90:*.old=00;90:*.orig=00;90:*.part=00;90:*.rej=00;90:*.rpmnew=00;90:*.rpmorig=00;90:*.rpmsave=00;90:*.swp=00;90:*.tmp=00;90:*.ucf-dist=00;90:*.ucf-new=00;90:*.ucf-old=00;90:', 'VSCODE_GIT_IPC_HANDLE': '/run/user/1000/vscode-git-7f319e5332.sock', 'TERM_PROGRAM': 'vscode', 'SSH_AUTH_SOCK': '/run/user/1000/keyring/ssh', 'AMENT_PREFIX_PATH': '/opt/ros/jazzy', 'SHELL': '/bin/bash', 'LC_NAME': 'zh_CN.UTF-8', 'QT_ACCESSIBILITY': '1', 'GDMSESSION': 'ubuntu', 'LESSCLOSE': '/usr/bin/lesspipe %s %s', 'LC_MEASUREMENT': 'zh_CN.UTF-8', 'GJS_DEBUG_OUTPUT': 'stderr', 'LC_IDENTIFICATION': 'zh_CN.UTF-8', 'ROS_AUTOMATIC_DISCOVERY_RANGE': 'SUBNET', 'VSCODE_GIT_ASKPASS_EXTRA_ARGS': '', 'QT_IM_MODULE': 'ibus', 'PWD': '/home/loser/ws01_plumbing/build/base_interfaces_demo', 'XDG_CONFIG_DIRS': '/etc/xdg/xdg-ubuntu:/etc/xdg', 'XDG_DATA_DIRS': '/usr/share/ubuntu:/usr/share/gnome:/usr/local/share/:/usr/share/:/var/lib/snapd/desktop', 'QTWEBENGINE_DICTIONARIES_PATH': '/usr/share/hunspell-bdic/', 'PYTHONPATH': '/opt/ros/jazzy/lib/python3.12/site-packages', 'LC_NUMERIC': 'zh_CN.UTF-8', 'LC_PAPER': 'zh_CN.UTF-8', 'COLCON': '1', 'MEMORY_PRESSURE_WRITE': 'c29tZSAyMDAwMDAgMjAwMDAwMAA=', 'CMAKE_PREFIX_PATH': '/opt/ros/jazzy/opt/gz_sim_vendor:/opt/ros/jazzy/opt/gz_sensors_vendor:/opt/ros/jazzy/opt/gz_physics_vendor:/opt/ros/jazzy/opt/sdformat_vendor:/opt/ros/jazzy/opt/gz_gui_vendor:/opt/ros/jazzy/opt/gz_transport_vendor:/opt/ros/jazzy/opt/gz_rendering_vendor:/opt/ros/jazzy/opt/gz_plugin_vendor:/opt/ros/jazzy/opt/gz_fuel_tools_vendor:/opt/ros/jazzy/opt/gz_msgs_vendor:/opt/ros/jazzy/opt/gz_common_vendor:/opt/ros/jazzy/opt/gz_math_vendor:/opt/ros/jazzy/opt/gz_utils_vendor:/opt/ros/jazzy/opt/gz_tools_vendor:/opt/ros/jazzy/opt/gz_ogre_next_vendor:/opt/ros/jazzy/opt/gz_dartsim_vendor:/opt/ros/jazzy/opt/gz_cmake_vendor:/opt/ros/jazzy'}), 'shell': False}
[0.060037] (base_interfaces_demo) StdoutLine: {'line': b'-- The C compiler identification is GNU 13.3.0\n'}
[0.100077] (-) TimerEvent: {}
[0.102818] (base_interfaces_demo) StdoutLine: {'line': b'-- The CXX compiler identification is GNU 13.3.0\n'}
[0.119201] (base_interfaces_demo) StdoutLine: {'line': b'-- Detecting C compiler ABI info\n'}
[0.193122] (base_interfaces_demo) StdoutLine: {'line': b'-- Detecting C compiler ABI info - done\n'}
[0.197177] (base_interfaces_demo) StdoutLine: {'line': b'-- Check for working C compiler: /usr/bin/cc - skipped\n'}
[0.197294] (base_interfaces_demo) StdoutLine: {'line': b'-- Detecting C compile features\n'}
[0.197689] (base_interfaces_demo) StdoutLine: {'line': b'-- Detecting C compile features - done\n'}
[0.200130] (-) TimerEvent: {}
[0.206167] (base_interfaces_demo) StdoutLine: {'line': b'-- Detecting CXX compiler ABI info\n'}
[0.287378] (base_interfaces_demo) StdoutLine: {'line': b'-- Detecting CXX compiler ABI info - done\n'}
[0.291990] (base_interfaces_demo) StdoutLine: {'line': b'-- Check for working CXX compiler: /usr/bin/c++ - skipped\n'}
[0.292273] (base_interfaces_demo) StdoutLine: {'line': b'-- Detecting CXX compile features\n'}
[0.292626] (base_interfaces_demo) StdoutLine: {'line': b'-- Detecting CXX compile features - done\n'}
[0.295315] (base_interfaces_demo) StdoutLine: {'line': b'-- Found ament_cmake: 2.5.6 (/opt/ros/jazzy/share/ament_cmake/cmake)\n'}
[0.300226] (-) TimerEvent: {}
[0.397177] (base_interfaces_demo) StdoutLine: {'line': b'-- Found Python3: /usr/bin/python3 (found version "3.12.3") found components: Interpreter \n'}
[0.400332] (-) TimerEvent: {}
[0.475169] (base_interfaces_demo) StdoutLine: {'line': b'-- Found rosidl_default_generators: 1.6.0 (/opt/ros/jazzy/share/rosidl_default_generators/cmake)\n'}
[0.478678] (base_interfaces_demo) StdoutLine: {'line': b'-- Using all available rosidl_typesupport_c: rosidl_typesupport_fastrtps_c;rosidl_typesupport_introspection_c\n'}
[0.500453] (-) TimerEvent: {}
[0.518518] (base_interfaces_demo) StdoutLine: {'line': b'-- Using all available rosidl_typesupport_cpp: rosidl_typesupport_fastrtps_cpp;rosidl_typesupport_introspection_cpp\n'}
[0.554937] (base_interfaces_demo) StdoutLine: {'line': b'-- Found rosidl_adapter: 4.6.7 (/opt/ros/jazzy/share/rosidl_adapter/cmake)\n'}
[0.600569] (-) TimerEvent: {}
[0.703209] (-) TimerEvent: {}
[0.804151] (-) TimerEvent: {}
[0.904348] (-) TimerEvent: {}
[1.005026] (-) TimerEvent: {}
[1.081980] (base_interfaces_demo) StdoutLine: {'line': b'-- Found ament_cmake_ros: 0.12.0 (/opt/ros/jazzy/share/ament_cmake_ros/cmake)\n'}
[1.105145] (-) TimerEvent: {}
[1.205498] (-) TimerEvent: {}
[1.305742] (-) TimerEvent: {}
[1.405350] (base_interfaces_demo) StdoutLine: {'line': b'-- Using all available rosidl_typesupport_c: rosidl_typesupport_fastrtps_c;rosidl_typesupport_introspection_c\n'}
[1.405809] (-) TimerEvent: {}
[1.507147] (-) TimerEvent: {}
[1.609927] (-) TimerEvent: {}
[1.710351] (-) TimerEvent: {}
[1.809559] (base_interfaces_demo) StdoutLine: {'line': b'-- Using all available rosidl_typesupport_cpp: rosidl_typesupport_fastrtps_cpp;rosidl_typesupport_introspection_cpp\n'}
[1.810418] (-) TimerEvent: {}
[1.813640] (base_interfaces_demo) StdoutLine: {'line': b'-- Found python_cmake_module: 0.11.1 (/opt/ros/jazzy/share/python_cmake_module/cmake)\n'}
[1.910170] (base_interfaces_demo) StdoutLine: {'line': b'-- Found PythonExtra: /usr/bin/python3  \n'}
[1.910497] (-) TimerEvent: {}
[2.010689] (-) TimerEvent: {}
[2.111129] (-) TimerEvent: {}
[2.211337] (-) TimerEvent: {}
[2.221970] (base_interfaces_demo) StdoutLine: {'line': b'-- Found Python3: /usr/bin/python3 (found version "3.12.3") found components: Interpreter Development NumPy Development.Module Development.Embed \n'}
[2.274362] (base_interfaces_demo) StdoutLine: {'line': b'-- Found Python3: /usr/bin/python3 (found version "3.12.3") found components: Interpreter \n'}
[2.278155] (base_interfaces_demo) StdoutLine: {'line': b'-- Found ament_lint_auto: 0.17.5 (/opt/ros/jazzy/share/ament_lint_auto/cmake)\n'}
[2.282083] (base_interfaces_demo) StdoutLine: {'line': b'-- Configuring done (2.3s)\n'}
[2.311441] (-) TimerEvent: {}
[2.313198] (base_interfaces_demo) StdoutLine: {'line': b'-- Generating done (0.0s)\n'}
[2.324591] (base_interfaces_demo) StdoutLine: {'line': b'-- Build files have been written to: /home/loser/ws01_plumbing/build/base_interfaces_demo\n'}
[2.336407] (base_interfaces_demo) CommandEnded: {'returncode': 0}
[2.336792] (base_interfaces_demo) JobProgress: {'identifier': 'base_interfaces_demo', 'progress': 'build'}
[2.337263] (base_interfaces_demo) Command: {'cmd': ['/usr/bin/cmake', '--build', '/home/loser/ws01_plumbing/build/base_interfaces_demo', '--', '-j4', '-l4'], 'cwd': '/home/loser/ws01_plumbing/build/base_interfaces_demo', 'env': OrderedDict({'GJS_DEBUG_TOPICS': 'JS ERROR;JS LOG', 'LESSOPEN': '| /usr/bin/lesspipe %s', 'GZ_SIM_RESOURCE_PATH': '/opt/ros/jazzy/share', 'USER': 'loser', 'LC_TIME': 'zh_CN.UTF-8', 'GZ_CONFIG_PATH': '/opt/ros/jazzy/opt/gz_sim_vendor/share/gz:/opt/ros/jazzy/opt/sdformat_vendor/share/gz:/opt/ros/jazzy/opt/gz_gui_vendor/share/gz:/opt/ros/jazzy/opt/gz_transport_vendor/share/gz:/opt/ros/jazzy/opt/gz_rendering_vendor/share/gz:/opt/ros/jazzy/opt/gz_plugin_vendor/share/gz:/opt/ros/jazzy/opt/gz_fuel_tools_vendor/share/gz:/opt/ros/jazzy/opt/gz_msgs_vendor/share/gz:/opt/ros/jazzy/opt/gz_common_vendor/share/gz', 'XDG_SESSION_TYPE': 'wayland', 'GIT_ASKPASS': '/usr/share/code/resources/app/extensions/git/dist/askpass.sh', 'CLUTTER_DISABLE_MIPMAPPED_TEXT': '1', 'SHLVL': '1', 'LIBGL_ALWAYS_SOFTWARE': '1', 'LD_LIBRARY_PATH': '/opt/ros/jazzy/opt/gz_sim_vendor/lib:/opt/ros/jazzy/opt/gz_sensors_vendor/lib:/opt/ros/jazzy/opt/gz_physics_vendor/lib:/opt/ros/jazzy/opt/sdformat_vendor/lib:/opt/ros/jazzy/opt/rviz_ogre_vendor/lib:/opt/ros/jazzy/lib/x86_64-linux-gnu:/opt/ros/jazzy/opt/gz_gui_vendor/lib:/opt/ros/jazzy/opt/gz_transport_vendor/lib:/opt/ros/jazzy/opt/gz_rendering_vendor/lib:/opt/ros/jazzy/opt/gz_plugin_vendor/lib:/opt/ros/jazzy/opt/gz_fuel_tools_vendor/lib:/opt/ros/jazzy/opt/gz_msgs_vendor/lib:/opt/ros/jazzy/opt/gz_common_vendor/lib:/opt/ros/jazzy/opt/gz_math_vendor/lib:/opt/ros/jazzy/opt/gz_utils_vendor/lib:/opt/ros/jazzy/opt/gz_tools_vendor/lib:/opt/ros/jazzy/opt/gz_ogre_next_vendor/lib:/opt/ros/jazzy/opt/gz_dartsim_vendor/lib:/opt/ros/jazzy/opt/gz_cmake_vendor/lib:/opt/ros/jazzy/lib', 'HOME': '/home/loser', 'CHROME_DESKTOP': 'code.desktop', 'TERM_PROGRAM_VERSION': '1.121.0', 'DESKTOP_SESSION': 'ubuntu', 'GIO_LAUNCHED_DESKTOP_FILE': '/usr/share/applications/code.desktop', 'ROS_PYTHON_VERSION': '3', 'GNOME_SHELL_SESSION_MODE': 'ubuntu', 'GTK_MODULES': 'gail:atk-bridge', 'VSCODE_GIT_ASKPASS_MAIN': '/usr/share/code/resources/app/extensions/git/dist/askpass-main.js', 'LC_MONETARY': 'zh_CN.UTF-8', 'VSCODE_GIT_ASKPASS_NODE': '/usr/share/code/code', 'MANAGERPID': '2282', 'SYSTEMD_EXEC_PID': '2501', 'IM_CONFIG_CHECK_ENV': '1', 'VSCODE_PYTHON_AUTOACTIVATE_GUARD': '1', 'GSM_SKIP_SSH_AGENT_WORKAROUND': 'true', 'DBUS_SESSION_BUS_ADDRESS': 'unix:path=/run/user/1000/bus', 'COLORTERM': 'truecolor', 'GIO_LAUNCHED_DESKTOP_FILE_PID': '4584', 'DEBUGINFOD_URLS': 'https://debuginfod.ubuntu.com', 'IM_CONFIG_PHASE': '1', 'WAYLAND_DISPLAY': 'wayland-0', 'ROS_DISTRO': 'jazzy', 'LOGNAME': 'loser', 'JOURNAL_STREAM': '9:28365', '_': '/usr/bin/colcon', 'ROS_VERSION': '2', 'MEMORY_PRESSURE_WATCH': '/sys/fs/cgroup/user.slice/user-1000.slice/user@1000.service/session.slice/org.gnome.Shell@wayland.service/memory.pressure', 'XDG_SESSION_CLASS': 'user', 'USERNAME': 'loser', 'TERM': 'xterm-256color', 'GNOME_DESKTOP_SESSION_ID': 'this-is-deprecated', 'FC_FONTATIONS': '1', 'PATH': '/home/loser/.config/Code/User/globalStorage/github.copilot-chat/debugCommand:/home/loser/.config/Code/User/globalStorage/github.copilot-chat/copilotCli:/opt/ros/jazzy/opt/gz_msgs_vendor/bin:/opt/ros/jazzy/opt/gz_tools_vendor/bin:/opt/ros/jazzy/opt/gz_ogre_next_vendor/bin:/opt/ros/jazzy/bin:/usr/local/sbin:/usr/local/bin:/usr/sbin:/usr/bin:/sbin:/bin:/usr/games:/usr/local/games:/snap/bin:/snap/bin', 'SESSION_MANAGER': 'local/loser-vm:@/tmp/.ICE-unix/2471,unix/loser-vm:/tmp/.ICE-unix/2471', 'INVOCATION_ID': '7445e4fbb8684575a4b0207dba2de19a', 'PAPERSIZE': 'a4', 'XDG_MENU_PREFIX': 'gnome-', 'LC_ADDRESS': 'zh_CN.UTF-8', 'GNOME_SETUP_DISPLAY': ':1', 'XDG_RUNTIME_DIR': '/run/user/1000', 'GDK_BACKEND': 'wayland', 'DISPLAY': ':0', 'LANG': 'zh_CN.UTF-8', 'XDG_CURRENT_DESKTOP': 'ubuntu:GNOME', 'LC_TELEPHONE': 'zh_CN.UTF-8', 'XMODIFIERS': '@im=ibus', 'XDG_SESSION_DESKTOP': 'ubuntu', 'XAUTHORITY': '/run/user/1000/.mutter-Xwaylandauth.9H1UP3', 'LS_COLORS': 'rs=0:di=01;34:ln=01;36:mh=00:pi=40;33:so=01;35:do=01;35:bd=40;33;01:cd=40;33;01:or=40;31;01:mi=00:su=37;41:sg=30;43:ca=00:tw=30;42:ow=34;42:st=37;44:ex=01;32:*.tar=01;31:*.tgz=01;31:*.arc=01;31:*.arj=01;31:*.taz=01;31:*.lha=01;31:*.lz4=01;31:*.lzh=01;31:*.lzma=01;31:*.tlz=01;31:*.txz=01;31:*.tzo=01;31:*.t7z=01;31:*.zip=01;31:*.z=01;31:*.dz=01;31:*.gz=01;31:*.lrz=01;31:*.lz=01;31:*.lzo=01;31:*.xz=01;31:*.zst=01;31:*.tzst=01;31:*.bz2=01;31:*.bz=01;31:*.tbz=01;31:*.tbz2=01;31:*.tz=01;31:*.deb=01;31:*.rpm=01;31:*.jar=01;31:*.war=01;31:*.ear=01;31:*.sar=01;31:*.rar=01;31:*.alz=01;31:*.ace=01;31:*.zoo=01;31:*.cpio=01;31:*.7z=01;31:*.rz=01;31:*.cab=01;31:*.wim=01;31:*.swm=01;31:*.dwm=01;31:*.esd=01;31:*.avif=01;35:*.jpg=01;35:*.jpeg=01;35:*.mjpg=01;35:*.mjpeg=01;35:*.gif=01;35:*.bmp=01;35:*.pbm=01;35:*.pgm=01;35:*.ppm=01;35:*.tga=01;35:*.xbm=01;35:*.xpm=01;35:*.tif=01;35:*.tiff=01;35:*.png=01;35:*.svg=01;35:*.svgz=01;35:*.mng=01;35:*.pcx=01;35:*.mov=01;35:*.mpg=01;35:*.mpeg=01;35:*.m2v=01;35:*.mkv=01;35:*.webm=01;35:*.webp=01;35:*.ogm=01;35:*.mp4=01;35:*.m4v=01;35:*.mp4v=01;35:*.vob=01;35:*.qt=01;35:*.nuv=01;35:*.wmv=01;35:*.asf=01;35:*.rm=01;35:*.rmvb=01;35:*.flc=01;35:*.avi=01;35:*.fli=01;35:*.flv=01;35:*.gl=01;35:*.dl=01;35:*.xcf=01;35:*.xwd=01;35:*.yuv=01;35:*.cgm=01;35:*.emf=01;35:*.ogv=01;35:*.ogx=01;35:*.aac=00;36:*.au=00;36:*.flac=00;36:*.m4a=00;36:*.mid=00;36:*.midi=00;36:*.mka=00;36:*.mp3=00;36:*.mpc=00;36:*.ogg=00;36:*.ra=00;36:*.wav=00;36:*.oga=00;36:*.opus=00;36:*.spx=00;36:*.xspf=00;36:*~=00;90:*#=00;90:*.bak=00;90:*.crdownload=00;90:*.dpkg-dist=00;90:*.dpkg-new=00;90:*.dpkg-old=00;90:*.dpkg-tmp=00;90:*.old=00;90:*.orig=00;90:*.part=00;90:*.rej=00;90:*.rpmnew=00;90:*.rpmorig=00;90:*.rpmsave=00;90:*.swp=00;90:*.tmp=00;90:*.ucf-dist=00;90:*.ucf-new=00;90:*.ucf-old=00;90:', 'VSCODE_GIT_IPC_HANDLE': '/run/user/1000/vscode-git-7f319e5332.sock', 'TERM_PROGRAM': 'vscode', 'SSH_AUTH_SOCK': '/run/user/1000/keyring/ssh', 'AMENT_PREFIX_PATH': '/opt/ros/jazzy', 'SHELL': '/bin/bash', 'LC_NAME': 'zh_CN.UTF-8', 'QT_ACCESSIBILITY': '1', 'GDMSESSION': 'ubuntu', 'LESSCLOSE': '/usr/bin/lesspipe %s %s', 'LC_MEASUREMENT': 'zh_CN.UTF-8', 'GJS_DEBUG_OUTPUT': 'stderr', 'LC_IDENTIFICATION': 'zh_CN.UTF-8', 'ROS_AUTOMATIC_DISCOVERY_RANGE': 'SUBNET', 'VSCODE_GIT_ASKPASS_EXTRA_ARGS': '', 'QT_IM_MODULE': 'ibus', 'PWD': '/home/loser/ws01_plumbing/build/base_interfaces_demo', 'XDG_CONFIG_DIRS': '/etc/xdg/xdg-ubuntu:/etc/xdg', 'XDG_DATA_DIRS': '/usr/share/ubuntu:/usr/share/gnome:/usr/local/share/:/usr/share/:/var/lib/snapd/desktop', 'QTWEBENGINE_DICTIONARIES_PATH': '/usr/share/hunspell-bdic/', 'PYTHONPATH': '/opt/ros/jazzy/lib/python3.12/site-packages', 'LC_NUMERIC': 'zh_CN.UTF-8', 'LC_PAPER': 'zh_CN.UTF-8', 'COLCON': '1', 'MEMORY_PRESSURE_WRITE': 'c29tZSAyMDAwMDAgMjAwMDAwMAA=', 'CMAKE_PREFIX_PATH': '/opt/ros/jazzy/opt/gz_sim_vendor:/opt/ros/jazzy/opt/gz_sensors_vendor:/opt/ros/jazzy/opt/gz_physics_vendor:/opt/ros/jazzy/opt/sdformat_vendor:/opt/ros/jazzy/opt/gz_gui_vendor:/opt/ros/jazzy/opt/gz_transport_vendor:/opt/ros/jazzy/opt/gz_rendering_vendor:/opt/ros/jazzy/opt/gz_plugin_vendor:/opt/ros/jazzy/opt/gz_fuel_tools_vendor:/opt/ros/jazzy/opt/gz_msgs_vendor:/opt/ros/jazzy/opt/gz_common_vendor:/opt/ros/jazzy/opt/gz_math_vendor:/opt/ros/jazzy/opt/gz_utils_vendor:/opt/ros/jazzy/opt/gz_tools_vendor:/opt/ros/jazzy/opt/gz_ogre_next_vendor:/opt/ros/jazzy/opt/gz_dartsim_vendor:/opt/ros/jazzy/opt/gz_cmake_vendor:/opt/ros/jazzy'}), 'shell': False}
[2.386087] (base_interfaces_demo) StdoutLine: {'line': b'[  1%] \x1b[34m\x1b[1mGenerating type hashes for ROS interfaces\x1b[0m\n'}
[2.386267] (base_interfaces_demo) StdoutLine: {'line': b'[  3%] \x1b[34m\x1b[1mGenerating Rust code for ROS interfaces\x1b[0m\n'}
[2.393096] (base_interfaces_demo) StdoutLine: {'line': b'[  3%] Built target ament_cmake_python_copy_base_interfaces_demo\n'}
[2.411570] (-) TimerEvent: {}
[2.511939] (-) TimerEvent: {}
[2.529526] (base_interfaces_demo) StdoutLine: {'line': b'[  3%] Built target base_interfaces_demo__rosidl_generator_type_description\n'}
[2.538884] (base_interfaces_demo) StdoutLine: {'line': b'[  5%] \x1b[34m\x1b[1mGenerating C code for ROS interfaces\x1b[0m\n'}
[2.559016] (base_interfaces_demo) StdoutLine: {'line': b'running egg_info\n'}
[2.560138] (base_interfaces_demo) StdoutLine: {'line': b'creating base_interfaces_demo.egg-info\n'}
[2.561151] (base_interfaces_demo) StdoutLine: {'line': b'[  7%] \x1b[34m\x1b[1mGenerating C++ code for ROS interfaces\x1b[0m\n'}
[2.571620] (base_interfaces_demo) StdoutLine: {'line': b'writing base_interfaces_demo.egg-info/PKG-INFO\n'}
[2.571954] (base_interfaces_demo) StdoutLine: {'line': b'writing dependency_links to base_interfaces_demo.egg-info/dependency_links.txt\n'}
[2.572009] (base_interfaces_demo) StdoutLine: {'line': b'writing top-level names to base_interfaces_demo.egg-info/top_level.txt\n'}
[2.572038] (base_interfaces_demo) StdoutLine: {'line': b"writing manifest file 'base_interfaces_demo.egg-info/SOURCES.txt'\n"}
[2.604924] (base_interfaces_demo) StdoutLine: {'line': b"reading manifest file 'base_interfaces_demo.egg-info/SOURCES.txt'\n"}
[2.605199] (base_interfaces_demo) StdoutLine: {'line': b"writing manifest file 'base_interfaces_demo.egg-info/SOURCES.txt'\n"}
[2.612292] (-) TimerEvent: {}
[2.627233] (base_interfaces_demo) StdoutLine: {'line': b'[  7%] Built target ament_cmake_python_build_base_interfaces_demo_egg\n'}
[2.630204] (base_interfaces_demo) StdoutLine: {'line': b'[  7%] Built target base_interfaces_demo__rs\n'}
[2.712388] (-) TimerEvent: {}
[2.812804] (-) TimerEvent: {}
[2.898978] (base_interfaces_demo) StdoutLine: {'line': b'[  7%] Built target base_interfaces_demo__cpp\n'}
[2.912907] (-) TimerEvent: {}
[2.918189] (base_interfaces_demo) StdoutLine: {'line': b'[ 12%] \x1b[32mBuilding C object CMakeFiles/base_interfaces_demo__rosidl_generator_c.dir/rosidl_generator_c/base_interfaces_demo/srv/detail/addints__description.c.o\x1b[0m\n'}
[2.919044] (base_interfaces_demo) StdoutLine: {'line': b'[ 12%] \x1b[32mBuilding C object CMakeFiles/base_interfaces_demo__rosidl_generator_c.dir/rosidl_generator_c/base_interfaces_demo/msg/detail/student__type_support.c.o\x1b[0m\n'}
[2.919097] (base_interfaces_demo) StdoutLine: {'line': b'[ 12%] \x1b[32mBuilding C object CMakeFiles/base_interfaces_demo__rosidl_generator_c.dir/rosidl_generator_c/base_interfaces_demo/msg/detail/student__description.c.o\x1b[0m\n'}
[2.921241] (base_interfaces_demo) StdoutLine: {'line': b'[ 14%] \x1b[32mBuilding C object CMakeFiles/base_interfaces_demo__rosidl_generator_c.dir/rosidl_generator_c/base_interfaces_demo/msg/detail/student__functions.c.o\x1b[0m\n'}
[2.942384] (base_interfaces_demo) StdoutLine: {'line': b'[ 16%] \x1b[32mBuilding C object CMakeFiles/base_interfaces_demo__rosidl_generator_c.dir/rosidl_generator_c/base_interfaces_demo/srv/detail/addints__functions.c.o\x1b[0m\n'}
[2.966307] (base_interfaces_demo) StdoutLine: {'line': b'[ 18%] \x1b[32mBuilding C object CMakeFiles/base_interfaces_demo__rosidl_generator_c.dir/rosidl_generator_c/base_interfaces_demo/srv/detail/addints__type_support.c.o\x1b[0m\n'}
[2.980063] (base_interfaces_demo) StdoutLine: {'line': b'[ 20%] \x1b[32mBuilding C object CMakeFiles/base_interfaces_demo__rosidl_generator_c.dir/rosidl_generator_c/base_interfaces_demo/action/detail/progress__description.c.o\x1b[0m\n'}
[2.986014] (base_interfaces_demo) StdoutLine: {'line': b'[ 21%] \x1b[32mBuilding C object CMakeFiles/base_interfaces_demo__rosidl_generator_c.dir/rosidl_generator_c/base_interfaces_demo/action/detail/progress__functions.c.o\x1b[0m\n'}
[2.997520] (base_interfaces_demo) StdoutLine: {'line': b'[ 23%] \x1b[32mBuilding C object CMakeFiles/base_interfaces_demo__rosidl_generator_c.dir/rosidl_generator_c/base_interfaces_demo/action/detail/progress__type_support.c.o\x1b[0m\n'}
[3.013016] (-) TimerEvent: {}
[3.089557] (base_interfaces_demo) StdoutLine: {'line': b'[ 25%] \x1b[32m\x1b[1mLinking C shared library libbase_interfaces_demo__rosidl_generator_c.so\x1b[0m\n'}
[3.113147] (-) TimerEvent: {}
[3.124009] (base_interfaces_demo) StdoutLine: {'line': b'[ 25%] Built target base_interfaces_demo__rosidl_generator_c\n'}
[3.135260] (base_interfaces_demo) StdoutLine: {'line': b'[ 27%] \x1b[34m\x1b[1mGenerating C++ type support for eProsima Fast-RTPS\x1b[0m\n'}
[3.137302] (base_interfaces_demo) StdoutLine: {'line': b'[ 29%] \x1b[34m\x1b[1mGenerating C type support for eProsima Fast-RTPS\x1b[0m\n'}
[3.141376] (base_interfaces_demo) StdoutLine: {'line': b'[ 30%] \x1b[34m\x1b[1mGenerating C type support dispatch for ROS interfaces\x1b[0m\n'}
[3.142302] (base_interfaces_demo) StdoutLine: {'line': b'[ 32%] \x1b[34m\x1b[1mGenerating C introspection for ROS interfaces\x1b[0m\n'}
[3.213237] (-) TimerEvent: {}
[3.313439] (-) TimerEvent: {}
[3.338205] (base_interfaces_demo) StdoutLine: {'line': b'[ 34%] \x1b[32mBuilding CXX object CMakeFiles/base_interfaces_demo__rosidl_typesupport_c.dir/rosidl_typesupport_c/base_interfaces_demo/msg/student__type_support.cpp.o\x1b[0m\n'}
[3.409247] (base_interfaces_demo) StdoutLine: {'line': b'[ 36%] \x1b[32mBuilding CXX object CMakeFiles/base_interfaces_demo__rosidl_typesupport_c.dir/rosidl_typesupport_c/base_interfaces_demo/srv/addints__type_support.cpp.o\x1b[0m\n'}
[3.413518] (-) TimerEvent: {}
[3.460067] (base_interfaces_demo) StdoutLine: {'line': b'[ 38%] \x1b[32mBuilding CXX object CMakeFiles/base_interfaces_demo__rosidl_typesupport_c.dir/rosidl_typesupport_c/base_interfaces_demo/action/progress__type_support.cpp.o\x1b[0m\n'}
[3.490731] (base_interfaces_demo) StdoutLine: {'line': b'[ 40%] \x1b[32mBuilding CXX object CMakeFiles/base_interfaces_demo__rosidl_typesupport_fastrtps_cpp.dir/rosidl_typesupport_fastrtps_cpp/base_interfaces_demo/msg/detail/dds_fastrtps/student__type_support.cpp.o\x1b[0m\n'}
[3.507385] (base_interfaces_demo) StdoutLine: {'line': b'[ 41%] \x1b[32m\x1b[1mLinking CXX shared library libbase_interfaces_demo__rosidl_typesupport_c.so\x1b[0m\n'}
[3.514173] (-) TimerEvent: {}
[3.517308] (base_interfaces_demo) StdoutLine: {'line': b'[ 43%] \x1b[32mBuilding CXX object CMakeFiles/base_interfaces_demo__rosidl_typesupport_fastrtps_c.dir/rosidl_typesupport_fastrtps_c/base_interfaces_demo/msg/detail/student__type_support_c.cpp.o\x1b[0m\n'}
[3.553840] (base_interfaces_demo) StdoutLine: {'line': b'[ 45%] \x1b[32mBuilding C object CMakeFiles/base_interfaces_demo__rosidl_typesupport_introspection_c.dir/rosidl_typesupport_introspection_c/base_interfaces_demo/msg/detail/student__type_support.c.o\x1b[0m\n'}
[3.558245] (base_interfaces_demo) StdoutLine: {'line': b'[ 45%] Built target base_interfaces_demo__rosidl_typesupport_c\n'}
[3.568196] (base_interfaces_demo) StdoutLine: {'line': b'[ 47%] \x1b[34m\x1b[1mGenerating C++ introspection for ROS interfaces\x1b[0m\n'}
[3.612365] (base_interfaces_demo) StdoutLine: {'line': b'[ 49%] \x1b[32mBuilding C object CMakeFiles/base_interfaces_demo__rosidl_typesupport_introspection_c.dir/rosidl_typesupport_introspection_c/base_interfaces_demo/srv/detail/addints__type_support.c.o\x1b[0m\n'}
[3.615120] (-) TimerEvent: {}
[3.683041] (base_interfaces_demo) StdoutLine: {'line': b'[ 50%] \x1b[32mBuilding C object CMakeFiles/base_interfaces_demo__rosidl_typesupport_introspection_c.dir/rosidl_typesupport_introspection_c/base_interfaces_demo/action/detail/progress__type_support.c.o\x1b[0m\n'}
[3.717179] (-) TimerEvent: {}
[3.770224] (base_interfaces_demo) StdoutLine: {'line': b'[ 52%] \x1b[32m\x1b[1mLinking C shared library libbase_interfaces_demo__rosidl_typesupport_introspection_c.so\x1b[0m\n'}
[3.814482] (base_interfaces_demo) StdoutLine: {'line': b'[ 54%] \x1b[32mBuilding CXX object CMakeFiles/base_interfaces_demo__rosidl_typesupport_fastrtps_cpp.dir/rosidl_typesupport_fastrtps_cpp/base_interfaces_demo/srv/detail/dds_fastrtps/addints__type_support.cpp.o\x1b[0m\n'}
[3.817258] (-) TimerEvent: {}
[3.853716] (base_interfaces_demo) StdoutLine: {'line': b'[ 54%] Built target base_interfaces_demo__rosidl_typesupport_introspection_c\n'}
[3.866195] (base_interfaces_demo) StdoutLine: {'line': b'[ 56%] \x1b[32mBuilding CXX object CMakeFiles/base_interfaces_demo__rosidl_typesupport_fastrtps_c.dir/rosidl_typesupport_fastrtps_c/base_interfaces_demo/srv/detail/addints__type_support_c.cpp.o\x1b[0m\n'}
[3.876569] (base_interfaces_demo) StdoutLine: {'line': b'[ 58%] \x1b[34m\x1b[1mGenerating C++ type support dispatch for ROS interfaces\x1b[0m\n'}
[3.892326] (base_interfaces_demo) StdoutLine: {'line': b'[ 60%] \x1b[32mBuilding CXX object CMakeFiles/base_interfaces_demo__rosidl_typesupport_introspection_cpp.dir/rosidl_typesupport_introspection_cpp/base_interfaces_demo/msg/detail/student__type_support.cpp.o\x1b[0m\n'}
[3.920557] (-) TimerEvent: {}
[4.021691] (-) TimerEvent: {}
[4.092569] (base_interfaces_demo) StdoutLine: {'line': b'[ 61%] \x1b[32mBuilding CXX object CMakeFiles/base_interfaces_demo__rosidl_typesupport_cpp.dir/rosidl_typesupport_cpp/base_interfaces_demo/msg/student__type_support.cpp.o\x1b[0m\n'}
[4.121792] (-) TimerEvent: {}
[4.194800] (base_interfaces_demo) StdoutLine: {'line': b'[ 63%] \x1b[32mBuilding CXX object CMakeFiles/base_interfaces_demo__rosidl_typesupport_fastrtps_cpp.dir/rosidl_typesupport_fastrtps_cpp/base_interfaces_demo/action/detail/dds_fastrtps/progress__type_support.cpp.o\x1b[0m\n'}
[4.221922] (-) TimerEvent: {}
[4.275884] (base_interfaces_demo) StdoutLine: {'line': b'[ 65%] \x1b[32mBuilding CXX object CMakeFiles/base_interfaces_demo__rosidl_typesupport_fastrtps_c.dir/rosidl_typesupport_fastrtps_c/base_interfaces_demo/action/detail/progress__type_support_c.cpp.o\x1b[0m\n'}
[4.315017] (base_interfaces_demo) StdoutLine: {'line': b'[ 67%] \x1b[32mBuilding CXX object CMakeFiles/base_interfaces_demo__rosidl_typesupport_introspection_cpp.dir/rosidl_typesupport_introspection_cpp/base_interfaces_demo/srv/detail/addints__type_support.cpp.o\x1b[0m\n'}
[4.318430] (base_interfaces_demo) StdoutLine: {'line': b'[ 69%] \x1b[32mBuilding CXX object CMakeFiles/base_interfaces_demo__rosidl_typesupport_cpp.dir/rosidl_typesupport_cpp/base_interfaces_demo/srv/addints__type_support.cpp.o\x1b[0m\n'}
[4.321969] (-) TimerEvent: {}
[4.425084] (-) TimerEvent: {}
[4.527891] (-) TimerEvent: {}
[4.548954] (base_interfaces_demo) StdoutLine: {'line': b'[ 70%] \x1b[32mBuilding CXX object CMakeFiles/base_interfaces_demo__rosidl_typesupport_cpp.dir/rosidl_typesupport_cpp/base_interfaces_demo/action/progress__type_support.cpp.o\x1b[0m\n'}
[4.627996] (-) TimerEvent: {}
[4.728454] (-) TimerEvent: {}
[4.800857] (base_interfaces_demo) StdoutLine: {'line': b'[ 72%] \x1b[32mBuilding CXX object CMakeFiles/base_interfaces_demo__rosidl_typesupport_introspection_cpp.dir/rosidl_typesupport_introspection_cpp/base_interfaces_demo/action/detail/progress__type_support.cpp.o\x1b[0m\n'}
[4.801071] (base_interfaces_demo) StdoutLine: {'line': b'[ 74%] \x1b[32m\x1b[1mLinking CXX shared library libbase_interfaces_demo__rosidl_typesupport_fastrtps_cpp.so\x1b[0m\n'}
[4.828557] (-) TimerEvent: {}
[4.840764] (base_interfaces_demo) StdoutLine: {'line': b'[ 76%] \x1b[32m\x1b[1mLinking CXX shared library libbase_interfaces_demo__rosidl_typesupport_fastrtps_c.so\x1b[0m\n'}
[4.929153] (-) TimerEvent: {}
[4.944181] (base_interfaces_demo) StdoutLine: {'line': b'[ 76%] Built target base_interfaces_demo__rosidl_typesupport_fastrtps_c\n'}
[4.980203] (base_interfaces_demo) StdoutLine: {'line': b'[ 76%] Built target base_interfaces_demo__rosidl_typesupport_fastrtps_cpp\n'}
[5.029257] (-) TimerEvent: {}
[5.056024] (base_interfaces_demo) StdoutLine: {'line': b'[ 78%] \x1b[32m\x1b[1mLinking CXX shared library libbase_interfaces_demo__rosidl_typesupport_cpp.so\x1b[0m\n'}
[5.120002] (base_interfaces_demo) StdoutLine: {'line': b'[ 78%] Built target base_interfaces_demo__rosidl_typesupport_cpp\n'}
[5.129361] (-) TimerEvent: {}
[5.230156] (-) TimerEvent: {}
[5.330438] (-) TimerEvent: {}
[5.350605] (base_interfaces_demo) StdoutLine: {'line': b'[ 80%] \x1b[32m\x1b[1mLinking CXX shared library libbase_interfaces_demo__rosidl_typesupport_introspection_cpp.so\x1b[0m\n'}
[5.412444] (base_interfaces_demo) StdoutLine: {'line': b'[ 80%] Built target base_interfaces_demo__rosidl_typesupport_introspection_cpp\n'}
[5.431684] (-) TimerEvent: {}
[5.432071] (base_interfaces_demo) StdoutLine: {'line': b'[ 80%] Built target base_interfaces_demo\n'}
[5.454148] (base_interfaces_demo) StdoutLine: {'line': b'[ 81%] \x1b[34m\x1b[1mGenerating Python code for ROS interfaces\x1b[0m\n'}
[5.531795] (-) TimerEvent: {}
[5.632089] (-) TimerEvent: {}
[5.732541] (-) TimerEvent: {}
[5.832955] (-) TimerEvent: {}
[5.889979] (base_interfaces_demo) StdoutLine: {'line': b'[ 81%] Built target base_interfaces_demo__py\n'}
[5.908529] (base_interfaces_demo) StdoutLine: {'line': b'[ 83%] \x1b[32mBuilding C object CMakeFiles/base_interfaces_demo__rosidl_generator_py.dir/rosidl_generator_py/base_interfaces_demo/msg/_student_s.c.o\x1b[0m\n'}
[5.916168] (base_interfaces_demo) StdoutLine: {'line': b'[ 85%] \x1b[32mBuilding C object CMakeFiles/base_interfaces_demo__rosidl_generator_py.dir/rosidl_generator_py/base_interfaces_demo/srv/_addints_s.c.o\x1b[0m\n'}
[5.916528] (base_interfaces_demo) StdoutLine: {'line': b'[ 87%] \x1b[32mBuilding C object CMakeFiles/base_interfaces_demo__rosidl_generator_py.dir/rosidl_generator_py/base_interfaces_demo/action/_progress_s.c.o\x1b[0m\n'}
[5.933810] (-) TimerEvent: {}
[6.034129] (-) TimerEvent: {}
[6.101520] (base_interfaces_demo) StdoutLine: {'line': b'[ 89%] \x1b[32m\x1b[1mLinking C shared library libbase_interfaces_demo__rosidl_generator_py.so\x1b[0m\n'}
[6.134203] (-) TimerEvent: {}
[6.146468] (base_interfaces_demo) StdoutLine: {'line': b'[ 89%] Built target base_interfaces_demo__rosidl_generator_py\n'}
[6.168281] (base_interfaces_demo) StdoutLine: {'line': b'[ 92%] \x1b[32mBuilding C object CMakeFiles/base_interfaces_demo_s__rosidl_typesupport_fastrtps_c.dir/rosidl_generator_py/base_interfaces_demo/_base_interfaces_demo_s.ep.rosidl_typesupport_fastrtps_c.c.o\x1b[0m\n'}
[6.171262] (base_interfaces_demo) StdoutLine: {'line': b'[ 92%] \x1b[32mBuilding C object CMakeFiles/base_interfaces_demo_s__rosidl_typesupport_c.dir/rosidl_generator_py/base_interfaces_demo/_base_interfaces_demo_s.ep.rosidl_typesupport_c.c.o\x1b[0m\n'}
[6.171344] (base_interfaces_demo) StdoutLine: {'line': b'[ 94%] \x1b[32mBuilding C object CMakeFiles/base_interfaces_demo_s__rosidl_typesupport_introspection_c.dir/rosidl_generator_py/base_interfaces_demo/_base_interfaces_demo_s.ep.rosidl_typesupport_introspection_c.c.o\x1b[0m\n'}
[6.234300] (-) TimerEvent: {}
[6.258299] (base_interfaces_demo) StdoutLine: {'line': b'[ 96%] \x1b[32m\x1b[1mLinking C shared module rosidl_generator_py/base_interfaces_demo/base_interfaces_demo_s__rosidl_typesupport_introspection_c.so\x1b[0m\n'}
[6.264022] (base_interfaces_demo) StdoutLine: {'line': b'[100%] \x1b[32m\x1b[1mLinking C shared module rosidl_generator_py/base_interfaces_demo/base_interfaces_demo_s__rosidl_typesupport_c.so\x1b[0m\n'}
[6.264225] (base_interfaces_demo) StdoutLine: {'line': b'[100%] \x1b[32m\x1b[1mLinking C shared module rosidl_generator_py/base_interfaces_demo/base_interfaces_demo_s__rosidl_typesupport_fastrtps_c.so\x1b[0m\n'}
[6.293313] (base_interfaces_demo) StdoutLine: {'line': b'[100%] Built target base_interfaces_demo_s__rosidl_typesupport_introspection_c\n'}
[6.315222] (base_interfaces_demo) StdoutLine: {'line': b'[100%] Built target base_interfaces_demo_s__rosidl_typesupport_c\n'}
[6.317119] (base_interfaces_demo) StdoutLine: {'line': b'[100%] Built target base_interfaces_demo_s__rosidl_typesupport_fastrtps_c\n'}
[6.328766] (base_interfaces_demo) CommandEnded: {'returncode': 0}
[6.329290] (base_interfaces_demo) JobProgress: {'identifier': 'base_interfaces_demo', 'progress': 'install'}
[6.334385] (-) TimerEvent: {}
[6.339261] (base_interfaces_demo) Command: {'cmd': ['/usr/bin/cmake', '--install', '/home/loser/ws01_plumbing/build/base_interfaces_demo'], 'cwd': '/home/loser/ws01_plumbing/build/base_interfaces_demo', 'env': OrderedDict({'GJS_DEBUG_TOPICS': 'JS ERROR;JS LOG', 'LESSOPEN': '| /usr/bin/lesspipe %s', 'GZ_SIM_RESOURCE_PATH': '/opt/ros/jazzy/share', 'USER': 'loser', 'LC_TIME': 'zh_CN.UTF-8', 'GZ_CONFIG_PATH': '/opt/ros/jazzy/opt/gz_sim_vendor/share/gz:/opt/ros/jazzy/opt/sdformat_vendor/share/gz:/opt/ros/jazzy/opt/gz_gui_vendor/share/gz:/opt/ros/jazzy/opt/gz_transport_vendor/share/gz:/opt/ros/jazzy/opt/gz_rendering_vendor/share/gz:/opt/ros/jazzy/opt/gz_plugin_vendor/share/gz:/opt/ros/jazzy/opt/gz_fuel_tools_vendor/share/gz:/opt/ros/jazzy/opt/gz_msgs_vendor/share/gz:/opt/ros/jazzy/opt/gz_common_vendor/share/gz', 'XDG_SESSION_TYPE': 'wayland', 'GIT_ASKPASS': '/usr/share/code/resources/app/extensions/git/dist/askpass.sh', 'CLUTTER_DISABLE_MIPMAPPED_TEXT': '1', 'SHLVL': '1', 'LIBGL_ALWAYS_SOFTWARE': '1', 'LD_LIBRARY_PATH': '/opt/ros/jazzy/opt/gz_sim_vendor/lib:/opt/ros/jazzy/opt/gz_sensors_vendor/lib:/opt/ros/jazzy/opt/gz_physics_vendor/lib:/opt/ros/jazzy/opt/sdformat_vendor/lib:/opt/ros/jazzy/opt/rviz_ogre_vendor/lib:/opt/ros/jazzy/lib/x86_64-linux-gnu:/opt/ros/jazzy/opt/gz_gui_vendor/lib:/opt/ros/jazzy/opt/gz_transport_vendor/lib:/opt/ros/jazzy/opt/gz_rendering_vendor/lib:/opt/ros/jazzy/opt/gz_plugin_vendor/lib:/opt/ros/jazzy/opt/gz_fuel_tools_vendor/lib:/opt/ros/jazzy/opt/gz_msgs_vendor/lib:/opt/ros/jazzy/opt/gz_common_vendor/lib:/opt/ros/jazzy/opt/gz_math_vendor/lib:/opt/ros/jazzy/opt/gz_utils_vendor/lib:/opt/ros/jazzy/opt/gz_tools_vendor/lib:/opt/ros/jazzy/opt/gz_ogre_next_vendor/lib:/opt/ros/jazzy/opt/gz_dartsim_vendor/lib:/opt/ros/jazzy/opt/gz_cmake_vendor/lib:/opt/ros/jazzy/lib', 'HOME': '/home/loser', 'CHROME_DESKTOP': 'code.desktop', 'TERM_PROGRAM_VERSION': '1.121.0', 'DESKTOP_SESSION': 'ubuntu', 'GIO_LAUNCHED_DESKTOP_FILE': '/usr/share/applications/code.desktop', 'ROS_PYTHON_VERSION': '3', 'GNOME_SHELL_SESSION_MODE': 'ubuntu', 'GTK_MODULES': 'gail:atk-bridge', 'VSCODE_GIT_ASKPASS_MAIN': '/usr/share/code/resources/app/extensions/git/dist/askpass-main.js', 'LC_MONETARY': 'zh_CN.UTF-8', 'VSCODE_GIT_ASKPASS_NODE': '/usr/share/code/code', 'MANAGERPID': '2282', 'SYSTEMD_EXEC_PID': '2501', 'IM_CONFIG_CHECK_ENV': '1', 'VSCODE_PYTHON_AUTOACTIVATE_GUARD': '1', 'GSM_SKIP_SSH_AGENT_WORKAROUND': 'true', 'DBUS_SESSION_BUS_ADDRESS': 'unix:path=/run/user/1000/bus', 'COLORTERM': 'truecolor', 'GIO_LAUNCHED_DESKTOP_FILE_PID': '4584', 'DEBUGINFOD_URLS': 'https://debuginfod.ubuntu.com', 'IM_CONFIG_PHASE': '1', 'WAYLAND_DISPLAY': 'wayland-0', 'ROS_DISTRO': 'jazzy', 'LOGNAME': 'loser', 'JOURNAL_STREAM': '9:28365', '_': '/usr/bin/colcon', 'ROS_VERSION': '2', 'MEMORY_PRESSURE_WATCH': '/sys/fs/cgroup/user.slice/user-1000.slice/user@1000.service/session.slice/org.gnome.Shell@wayland.service/memory.pressure', 'XDG_SESSION_CLASS': 'user', 'USERNAME': 'loser', 'TERM': 'xterm-256color', 'GNOME_DESKTOP_SESSION_ID': 'this-is-deprecated', 'FC_FONTATIONS': '1', 'PATH': '/home/loser/.config/Code/User/globalStorage/github.copilot-chat/debugCommand:/home/loser/.config/Code/User/globalStorage/github.copilot-chat/copilotCli:/opt/ros/jazzy/opt/gz_msgs_vendor/bin:/opt/ros/jazzy/opt/gz_tools_vendor/bin:/opt/ros/jazzy/opt/gz_ogre_next_vendor/bin:/opt/ros/jazzy/bin:/usr/local/sbin:/usr/local/bin:/usr/sbin:/usr/bin:/sbin:/bin:/usr/games:/usr/local/games:/snap/bin:/snap/bin', 'SESSION_MANAGER': 'local/loser-vm:@/tmp/.ICE-unix/2471,unix/loser-vm:/tmp/.ICE-unix/2471', 'INVOCATION_ID': '7445e4fbb8684575a4b0207dba2de19a', 'PAPERSIZE': 'a4', 'XDG_MENU_PREFIX': 'gnome-', 'LC_ADDRESS': 'zh_CN.UTF-8', 'GNOME_SETUP_DISPLAY': ':1', 'XDG_RUNTIME_DIR': '/run/user/1000', 'GDK_BACKEND': 'wayland', 'DISPLAY': ':0', 'LANG': 'zh_CN.UTF-8', 'XDG_CURRENT_DESKTOP': 'ubuntu:GNOME', 'LC_TELEPHONE': 'zh_CN.UTF-8', 'XMODIFIERS': '@im=ibus', 'XDG_SESSION_DESKTOP': 'ubuntu', 'XAUTHORITY': '/run/user/1000/.mutter-Xwaylandauth.9H1UP3', 'LS_COLORS': 'rs=0:di=01;34:ln=01;36:mh=00:pi=40;33:so=01;35:do=01;35:bd=40;33;01:cd=40;33;01:or=40;31;01:mi=00:su=37;41:sg=30;43:ca=00:tw=30;42:ow=34;42:st=37;44:ex=01;32:*.tar=01;31:*.tgz=01;31:*.arc=01;31:*.arj=01;31:*.taz=01;31:*.lha=01;31:*.lz4=01;31:*.lzh=01;31:*.lzma=01;31:*.tlz=01;31:*.txz=01;31:*.tzo=01;31:*.t7z=01;31:*.zip=01;31:*.z=01;31:*.dz=01;31:*.gz=01;31:*.lrz=01;31:*.lz=01;31:*.lzo=01;31:*.xz=01;31:*.zst=01;31:*.tzst=01;31:*.bz2=01;31:*.bz=01;31:*.tbz=01;31:*.tbz2=01;31:*.tz=01;31:*.deb=01;31:*.rpm=01;31:*.jar=01;31:*.war=01;31:*.ear=01;31:*.sar=01;31:*.rar=01;31:*.alz=01;31:*.ace=01;31:*.zoo=01;31:*.cpio=01;31:*.7z=01;31:*.rz=01;31:*.cab=01;31:*.wim=01;31:*.swm=01;31:*.dwm=01;31:*.esd=01;31:*.avif=01;35:*.jpg=01;35:*.jpeg=01;35:*.mjpg=01;35:*.mjpeg=01;35:*.gif=01;35:*.bmp=01;35:*.pbm=01;35:*.pgm=01;35:*.ppm=01;35:*.tga=01;35:*.xbm=01;35:*.xpm=01;35:*.tif=01;35:*.tiff=01;35:*.png=01;35:*.svg=01;35:*.svgz=01;35:*.mng=01;35:*.pcx=01;35:*.mov=01;35:*.mpg=01;35:*.mpeg=01;35:*.m2v=01;35:*.mkv=01;35:*.webm=01;35:*.webp=01;35:*.ogm=01;35:*.mp4=01;35:*.m4v=01;35:*.mp4v=01;35:*.vob=01;35:*.qt=01;35:*.nuv=01;35:*.wmv=01;35:*.asf=01;35:*.rm=01;35:*.rmvb=01;35:*.flc=01;35:*.avi=01;35:*.fli=01;35:*.flv=01;35:*.gl=01;35:*.dl=01;35:*.xcf=01;35:*.xwd=01;35:*.yuv=01;35:*.cgm=01;35:*.emf=01;35:*.ogv=01;35:*.ogx=01;35:*.aac=00;36:*.au=00;36:*.flac=00;36:*.m4a=00;36:*.mid=00;36:*.midi=00;36:*.mka=00;36:*.mp3=00;36:*.mpc=00;36:*.ogg=00;36:*.ra=00;36:*.wav=00;36:*.oga=00;36:*.opus=00;36:*.spx=00;36:*.xspf=00;36:*~=00;90:*#=00;90:*.bak=00;90:*.crdownload=00;90:*.dpkg-dist=00;90:*.dpkg-new=00;90:*.dpkg-old=00;90:*.dpkg-tmp=00;90:*.old=00;90:*.orig=00;90:*.part=00;90:*.rej=00;90:*.rpmnew=00;90:*.rpmorig=00;90:*.rpmsave=00;90:*.swp=00;90:*.tmp=00;90:*.ucf-dist=00;90:*.ucf-new=00;90:*.ucf-old=00;90:', 'VSCODE_GIT_IPC_HANDLE': '/run/user/1000/vscode-git-7f319e5332.sock', 'TERM_PROGRAM': 'vscode', 'SSH_AUTH_SOCK': '/run/user/1000/keyring/ssh', 'AMENT_PREFIX_PATH': '/opt/ros/jazzy', 'SHELL': '/bin/bash', 'LC_NAME': 'zh_CN.UTF-8', 'QT_ACCESSIBILITY': '1', 'GDMSESSION': 'ubuntu', 'LESSCLOSE': '/usr/bin/lesspipe %s %s', 'LC_MEASUREMENT': 'zh_CN.UTF-8', 'GJS_DEBUG_OUTPUT': 'stderr', 'LC_IDENTIFICATION': 'zh_CN.UTF-8', 'ROS_AUTOMATIC_DISCOVERY_RANGE': 'SUBNET', 'VSCODE_GIT_ASKPASS_EXTRA_ARGS': '', 'QT_IM_MODULE': 'ibus', 'PWD': '/home/loser/ws01_plumbing/build/base_interfaces_demo', 'XDG_CONFIG_DIRS': '/etc/xdg/xdg-ubuntu:/etc/xdg', 'XDG_DATA_DIRS': '/usr/share/ubuntu:/usr/share/gnome:/usr/local/share/:/usr/share/:/var/lib/snapd/desktop', 'QTWEBENGINE_DICTIONARIES_PATH': '/usr/share/hunspell-bdic/', 'PYTHONPATH': '/opt/ros/jazzy/lib/python3.12/site-packages', 'LC_NUMERIC': 'zh_CN.UTF-8', 'LC_PAPER': 'zh_CN.UTF-8', 'COLCON': '1', 'MEMORY_PRESSURE_WRITE': 'c29tZSAyMDAwMDAgMjAwMDAwMAA=', 'CMAKE_PREFIX_PATH': '/opt/ros/jazzy/opt/gz_sim_vendor:/opt/ros/jazzy/opt/gz_sensors_vendor:/opt/ros/jazzy/opt/gz_physics_vendor:/opt/ros/jazzy/opt/sdformat_vendor:/opt/ros/jazzy/opt/gz_gui_vendor:/opt/ros/jazzy/opt/gz_transport_vendor:/opt/ros/jazzy/opt/gz_rendering_vendor:/opt/ros/jazzy/opt/gz_plugin_vendor:/opt/ros/jazzy/opt/gz_fuel_tools_vendor:/opt/ros/jazzy/opt/gz_msgs_vendor:/opt/ros/jazzy/opt/gz_common_vendor:/opt/ros/jazzy/opt/gz_math_vendor:/opt/ros/jazzy/opt/gz_utils_vendor:/opt/ros/jazzy/opt/gz_tools_vendor:/opt/ros/jazzy/opt/gz_ogre_next_vendor:/opt/ros/jazzy/opt/gz_dartsim_vendor:/opt/ros/jazzy/opt/gz_cmake_vendor:/opt/ros/jazzy'}), 'shell': False}
[6.347903] (base_interfaces_demo) StdoutLine: {'line': b'-- Install configuration: ""\n'}
[6.348099] (base_interfaces_demo) StdoutLine: {'line': b'-- Installing: /home/loser/ws01_plumbing/install/base_interfaces_demo/share/ament_index/resource_index/rosidl_interfaces/base_interfaces_demo\n'}
[6.348289] (base_interfaces_demo) StdoutLine: {'line': b'-- Installing: /home/loser/ws01_plumbing/install/base_interfaces_demo/share/base_interfaces_demo/msg/Student.json\n'}
[6.348383] (base_interfaces_demo) StdoutLine: {'line': b'-- Installing: /home/loser/ws01_plumbing/install/base_interfaces_demo/share/base_interfaces_demo/srv/Addints.json\n'}
[6.348472] (base_interfaces_demo) StdoutLine: {'line': b'-- Installing: /home/loser/ws01_plumbing/install/base_interfaces_demo/share/base_interfaces_demo/action/Progress.json\n'}
[6.348558] (base_interfaces_demo) StdoutLine: {'line': b'-- Installing: /home/loser/ws01_plumbing/install/base_interfaces_demo/include/base_interfaces_demo/base_interfaces_demo\n'}
[6.348635] (base_interfaces_demo) StdoutLine: {'line': b'-- Installing: /home/loser/ws01_plumbing/install/base_interfaces_demo/include/base_interfaces_demo/base_interfaces_demo/srv\n'}
[6.348729] (base_interfaces_demo) StdoutLine: {'line': b'-- Installing: /home/loser/ws01_plumbing/install/base_interfaces_demo/include/base_interfaces_demo/base_interfaces_demo/srv/addints.h\n'}
[6.348827] (base_interfaces_demo) StdoutLine: {'line': b'-- Installing: /home/loser/ws01_plumbing/install/base_interfaces_demo/include/base_interfaces_demo/base_interfaces_demo/srv/detail\n'}
[6.348907] (base_interfaces_demo) StdoutLine: {'line': b'-- Installing: /home/loser/ws01_plumbing/install/base_interfaces_demo/include/base_interfaces_demo/base_interfaces_demo/srv/detail/addints__description.c\n'}
[6.348950] (base_interfaces_demo) StdoutLine: {'line': b'-- Installing: /home/loser/ws01_plumbing/install/base_interfaces_demo/include/base_interfaces_demo/base_interfaces_demo/srv/detail/addints__functions.c\n'}
[6.349018] (base_interfaces_demo) StdoutLine: {'line': b'-- Installing: /home/loser/ws01_plumbing/install/base_interfaces_demo/include/base_interfaces_demo/base_interfaces_demo/srv/detail/addints__struct.h\n'}
[6.349083] (base_interfaces_demo) StdoutLine: {'line': b'-- Installing: /home/loser/ws01_plumbing/install/base_interfaces_demo/include/base_interfaces_demo/base_interfaces_demo/srv/detail/addints__type_support.c\n'}
[6.349177] (base_interfaces_demo) StdoutLine: {'line': b'-- Installing: /home/loser/ws01_plumbing/install/base_interfaces_demo/include/base_interfaces_demo/base_interfaces_demo/srv/detail/addints__functions.h\n'}
[6.349355] (base_interfaces_demo) StdoutLine: {'line': b'-- Installing: /home/loser/ws01_plumbing/install/base_interfaces_demo/include/base_interfaces_demo/base_interfaces_demo/srv/detail/addints__type_support.h\n'}
[6.349455] (base_interfaces_demo) StdoutLine: {'line': b'-- Installing: /home/loser/ws01_plumbing/install/base_interfaces_demo/include/base_interfaces_demo/base_interfaces_demo/action\n'}
[6.349558] (base_interfaces_demo) StdoutLine: {'line': b'-- Installing: /home/loser/ws01_plumbing/install/base_interfaces_demo/include/base_interfaces_demo/base_interfaces_demo/action/detail\n'}
[6.349609] (base_interfaces_demo) StdoutLine: {'line': b'-- Installing: /home/loser/ws01_plumbing/install/base_interfaces_demo/include/base_interfaces_demo/base_interfaces_demo/action/detail/progress__type_support.c\n'}
[6.349671] (base_interfaces_demo) StdoutLine: {'line': b'-- Installing: /home/loser/ws01_plumbing/install/base_interfaces_demo/include/base_interfaces_demo/base_interfaces_demo/action/detail/progress__type_support.h\n'}
[6.349750] (base_interfaces_demo) StdoutLine: {'line': b'-- Installing: /home/loser/ws01_plumbing/install/base_interfaces_demo/include/base_interfaces_demo/base_interfaces_demo/action/detail/progress__struct.h\n'}
[6.349791] (base_interfaces_demo) StdoutLine: {'line': b'-- Installing: /home/loser/ws01_plumbing/install/base_interfaces_demo/include/base_interfaces_demo/base_interfaces_demo/action/detail/progress__functions.c\n'}
[6.349849] (base_interfaces_demo) StdoutLine: {'line': b'-- Installing: /home/loser/ws01_plumbing/install/base_interfaces_demo/include/base_interfaces_demo/base_interfaces_demo/action/detail/progress__functions.h\n'}
[6.349938] (base_interfaces_demo) StdoutLine: {'line': b'-- Installing: /home/loser/ws01_plumbing/install/base_interfaces_demo/include/base_interfaces_demo/base_interfaces_demo/action/detail/progress__description.c\n'}
[6.350056] (base_interfaces_demo) StdoutLine: {'line': b'-- Installing: /home/loser/ws01_plumbing/install/base_interfaces_demo/include/base_interfaces_demo/base_interfaces_demo/action/progress.h\n'}
[6.350122] (base_interfaces_demo) StdoutLine: {'line': b'-- Installing: /home/loser/ws01_plumbing/install/base_interfaces_demo/include/base_interfaces_demo/base_interfaces_demo/msg\n'}
[6.350220] (base_interfaces_demo) StdoutLine: {'line': b'-- Installing: /home/loser/ws01_plumbing/install/base_interfaces_demo/include/base_interfaces_demo/base_interfaces_demo/msg/student.h\n'}
[6.350256] (base_interfaces_demo) StdoutLine: {'line': b'-- Installing: /home/loser/ws01_plumbing/install/base_interfaces_demo/include/base_interfaces_demo/base_interfaces_demo/msg/detail\n'}
[6.350338] (base_interfaces_demo) StdoutLine: {'line': b'-- Installing: /home/loser/ws01_plumbing/install/base_interfaces_demo/include/base_interfaces_demo/base_interfaces_demo/msg/detail/student__functions.h\n'}
[6.350579] (base_interfaces_demo) StdoutLine: {'line': b'-- Installing: /home/loser/ws01_plumbing/install/base_interfaces_demo/include/base_interfaces_demo/base_interfaces_demo/msg/detail/student__type_support.h\n'}
[6.350652] (base_interfaces_demo) StdoutLine: {'line': b'-- Installing: /home/loser/ws01_plumbing/install/base_interfaces_demo/include/base_interfaces_demo/base_interfaces_demo/msg/detail/student__functions.c\n'}
[6.350714] (base_interfaces_demo) StdoutLine: {'line': b'-- Installing: /home/loser/ws01_plumbing/install/base_interfaces_demo/include/base_interfaces_demo/base_interfaces_demo/msg/detail/student__description.c\n'}
[6.350775] (base_interfaces_demo) StdoutLine: {'line': b'-- Installing: /home/loser/ws01_plumbing/install/base_interfaces_demo/include/base_interfaces_demo/base_interfaces_demo/msg/detail/student__struct.h\n'}
[6.350847] (base_interfaces_demo) StdoutLine: {'line': b'-- Installing: /home/loser/ws01_plumbing/install/base_interfaces_demo/include/base_interfaces_demo/base_interfaces_demo/msg/detail/student__type_support.c\n'}
[6.350938] (base_interfaces_demo) StdoutLine: {'line': b'-- Installing: /home/loser/ws01_plumbing/install/base_interfaces_demo/include/base_interfaces_demo/base_interfaces_demo/msg/rosidl_generator_c__visibility_control.h\n'}
[6.351002] (base_interfaces_demo) StdoutLine: {'line': b'-- Installing: /home/loser/ws01_plumbing/install/base_interfaces_demo/share/base_interfaces_demo/environment/library_path.sh\n'}
[6.351070] (base_interfaces_demo) StdoutLine: {'line': b'-- Installing: /home/loser/ws01_plumbing/install/base_interfaces_demo/share/base_interfaces_demo/environment/library_path.dsv\n'}
[6.351179] (base_interfaces_demo) StdoutLine: {'line': b'-- Installing: /home/loser/ws01_plumbing/install/base_interfaces_demo/lib/libbase_interfaces_demo__rosidl_generator_c.so\n'}
[6.351572] (base_interfaces_demo) StdoutLine: {'line': b'-- Set non-toolchain portion of runtime path of "/home/loser/ws01_plumbing/install/base_interfaces_demo/lib/libbase_interfaces_demo__rosidl_generator_c.so" to ""\n'}
[6.351665] (base_interfaces_demo) StdoutLine: {'line': b'-- Up-to-date: /home/loser/ws01_plumbing/install/base_interfaces_demo/include/base_interfaces_demo/base_interfaces_demo\n'}
[6.351703] (base_interfaces_demo) StdoutLine: {'line': b'-- Up-to-date: /home/loser/ws01_plumbing/install/base_interfaces_demo/include/base_interfaces_demo/base_interfaces_demo/srv\n'}
[6.351758] (base_interfaces_demo) StdoutLine: {'line': b'-- Up-to-date: /home/loser/ws01_plumbing/install/base_interfaces_demo/include/base_interfaces_demo/base_interfaces_demo/srv/detail\n'}
[6.351793] (base_interfaces_demo) StdoutLine: {'line': b'-- Installing: /home/loser/ws01_plumbing/install/base_interfaces_demo/include/base_interfaces_demo/base_interfaces_demo/srv/detail/addints__rosidl_typesupport_fastrtps_c.h\n'}
[6.351853] (base_interfaces_demo) StdoutLine: {'line': b'-- Up-to-date: /home/loser/ws01_plumbing/install/base_interfaces_demo/include/base_interfaces_demo/base_interfaces_demo/action\n'}
[6.351946] (base_interfaces_demo) StdoutLine: {'line': b'-- Up-to-date: /home/loser/ws01_plumbing/install/base_interfaces_demo/include/base_interfaces_demo/base_interfaces_demo/action/detail\n'}
[6.352001] (base_interfaces_demo) StdoutLine: {'line': b'-- Installing: /home/loser/ws01_plumbing/install/base_interfaces_demo/include/base_interfaces_demo/base_interfaces_demo/action/detail/progress__rosidl_typesupport_fastrtps_c.h\n'}
[6.352041] (base_interfaces_demo) StdoutLine: {'line': b'-- Up-to-date: /home/loser/ws01_plumbing/install/base_interfaces_demo/include/base_interfaces_demo/base_interfaces_demo/msg\n'}
[6.352071] (base_interfaces_demo) StdoutLine: {'line': b'-- Up-to-date: /home/loser/ws01_plumbing/install/base_interfaces_demo/include/base_interfaces_demo/base_interfaces_demo/msg/detail\n'}
[6.352139] (base_interfaces_demo) StdoutLine: {'line': b'-- Installing: /home/loser/ws01_plumbing/install/base_interfaces_demo/include/base_interfaces_demo/base_interfaces_demo/msg/detail/student__rosidl_typesupport_fastrtps_c.h\n'}
[6.352174] (base_interfaces_demo) StdoutLine: {'line': b'-- Installing: /home/loser/ws01_plumbing/install/base_interfaces_demo/include/base_interfaces_demo/base_interfaces_demo/msg/rosidl_typesupport_fastrtps_c__visibility_control.h\n'}
[6.352251] (base_interfaces_demo) StdoutLine: {'line': b'-- Installing: /home/loser/ws01_plumbing/install/base_interfaces_demo/lib/libbase_interfaces_demo__rosidl_typesupport_fastrtps_c.so\n'}
[6.352703] (base_interfaces_demo) StdoutLine: {'line': b'-- Set non-toolchain portion of runtime path of "/home/loser/ws01_plumbing/install/base_interfaces_demo/lib/libbase_interfaces_demo__rosidl_typesupport_fastrtps_c.so" to ""\n'}
[6.352789] (base_interfaces_demo) StdoutLine: {'line': b'-- Up-to-date: /home/loser/ws01_plumbing/install/base_interfaces_demo/include/base_interfaces_demo/base_interfaces_demo\n'}
[6.352866] (base_interfaces_demo) StdoutLine: {'line': b'-- Up-to-date: /home/loser/ws01_plumbing/install/base_interfaces_demo/include/base_interfaces_demo/base_interfaces_demo/srv\n'}
[6.352904] (base_interfaces_demo) StdoutLine: {'line': b'-- Up-to-date: /home/loser/ws01_plumbing/install/base_interfaces_demo/include/base_interfaces_demo/base_interfaces_demo/srv/detail\n'}
[6.352936] (base_interfaces_demo) StdoutLine: {'line': b'-- Installing: /home/loser/ws01_plumbing/install/base_interfaces_demo/include/base_interfaces_demo/base_interfaces_demo/srv/detail/addints__rosidl_typesupport_introspection_c.h\n'}
[6.352966] (base_interfaces_demo) StdoutLine: {'line': b'-- Up-to-date: /home/loser/ws01_plumbing/install/base_interfaces_demo/include/base_interfaces_demo/base_interfaces_demo/srv/detail/addints__type_support.c\n'}
[6.352992] (base_interfaces_demo) StdoutLine: {'line': b'-- Up-to-date: /home/loser/ws01_plumbing/install/base_interfaces_demo/include/base_interfaces_demo/base_interfaces_demo/action\n'}
[6.353191] (base_interfaces_demo) StdoutLine: {'line': b'-- Up-to-date: /home/loser/ws01_plumbing/install/base_interfaces_demo/include/base_interfaces_demo/base_interfaces_demo/action/detail\n'}
[6.353259] (base_interfaces_demo) StdoutLine: {'line': b'-- Installing: /home/loser/ws01_plumbing/install/base_interfaces_demo/include/base_interfaces_demo/base_interfaces_demo/action/detail/progress__type_support.c\n'}
[6.353294] (base_interfaces_demo) StdoutLine: {'line': b'-- Installing: /home/loser/ws01_plumbing/install/base_interfaces_demo/include/base_interfaces_demo/base_interfaces_demo/action/detail/progress__rosidl_typesupport_introspection_c.h\n'}
[6.353321] (base_interfaces_demo) StdoutLine: {'line': b'-- Up-to-date: /home/loser/ws01_plumbing/install/base_interfaces_demo/include/base_interfaces_demo/base_interfaces_demo/msg\n'}
[6.353346] (base_interfaces_demo) StdoutLine: {'line': b'-- Installing: /home/loser/ws01_plumbing/install/base_interfaces_demo/include/base_interfaces_demo/base_interfaces_demo/msg/rosidl_typesupport_introspection_c__visibility_control.h\n'}
[6.353401] (base_interfaces_demo) StdoutLine: {'line': b'-- Up-to-date: /home/loser/ws01_plumbing/install/base_interfaces_demo/include/base_interfaces_demo/base_interfaces_demo/msg/detail\n'}
[6.353445] (base_interfaces_demo) StdoutLine: {'line': b'-- Installing: /home/loser/ws01_plumbing/install/base_interfaces_demo/include/base_interfaces_demo/base_interfaces_demo/msg/detail/student__rosidl_typesupport_introspection_c.h\n'}
[6.353472] (base_interfaces_demo) StdoutLine: {'line': b'-- Up-to-date: /home/loser/ws01_plumbing/install/base_interfaces_demo/include/base_interfaces_demo/base_interfaces_demo/msg/detail/student__type_support.c\n'}
[6.353498] (base_interfaces_demo) StdoutLine: {'line': b'-- Installing: /home/loser/ws01_plumbing/install/base_interfaces_demo/lib/libbase_interfaces_demo__rosidl_typesupport_introspection_c.so\n'}
[6.353658] (base_interfaces_demo) StdoutLine: {'line': b'-- Set non-toolchain portion of runtime path of "/home/loser/ws01_plumbing/install/base_interfaces_demo/lib/libbase_interfaces_demo__rosidl_typesupport_introspection_c.so" to ""\n'}
[6.353836] (base_interfaces_demo) StdoutLine: {'line': b'-- Installing: /home/loser/ws01_plumbing/install/base_interfaces_demo/lib/libbase_interfaces_demo__rosidl_typesupport_c.so\n'}
[6.353992] (base_interfaces_demo) StdoutLine: {'line': b'-- Set non-toolchain portion of runtime path of "/home/loser/ws01_plumbing/install/base_interfaces_demo/lib/libbase_interfaces_demo__rosidl_typesupport_c.so" to ""\n'}
[6.354097] (base_interfaces_demo) StdoutLine: {'line': b'-- Up-to-date: /home/loser/ws01_plumbing/install/base_interfaces_demo/include/base_interfaces_demo/base_interfaces_demo\n'}
[6.354139] (base_interfaces_demo) StdoutLine: {'line': b'-- Up-to-date: /home/loser/ws01_plumbing/install/base_interfaces_demo/include/base_interfaces_demo/base_interfaces_demo/srv\n'}
[6.354228] (base_interfaces_demo) StdoutLine: {'line': b'-- Installing: /home/loser/ws01_plumbing/install/base_interfaces_demo/include/base_interfaces_demo/base_interfaces_demo/srv/addints.hpp\n'}
[6.354267] (base_interfaces_demo) StdoutLine: {'line': b'-- Up-to-date: /home/loser/ws01_plumbing/install/base_interfaces_demo/include/base_interfaces_demo/base_interfaces_demo/srv/detail\n'}
[6.354322] (base_interfaces_demo) StdoutLine: {'line': b'-- Installing: /home/loser/ws01_plumbing/install/base_interfaces_demo/include/base_interfaces_demo/base_interfaces_demo/srv/detail/addints__traits.hpp\n'}
[6.354418] (base_interfaces_demo) StdoutLine: {'line': b'-- Installing: /home/loser/ws01_plumbing/install/base_interfaces_demo/include/base_interfaces_demo/base_interfaces_demo/srv/detail/addints__struct.hpp\n'}
[6.354455] (base_interfaces_demo) StdoutLine: {'line': b'-- Installing: /home/loser/ws01_plumbing/install/base_interfaces_demo/include/base_interfaces_demo/base_interfaces_demo/srv/detail/addints__type_support.hpp\n'}
[6.354515] (base_interfaces_demo) StdoutLine: {'line': b'-- Installing: /home/loser/ws01_plumbing/install/base_interfaces_demo/include/base_interfaces_demo/base_interfaces_demo/srv/detail/addints__builder.hpp\n'}
[6.354577] (base_interfaces_demo) StdoutLine: {'line': b'-- Up-to-date: /home/loser/ws01_plumbing/install/base_interfaces_demo/include/base_interfaces_demo/base_interfaces_demo/action\n'}
[6.354642] (base_interfaces_demo) StdoutLine: {'line': b'-- Up-to-date: /home/loser/ws01_plumbing/install/base_interfaces_demo/include/base_interfaces_demo/base_interfaces_demo/action/detail\n'}
[6.354719] (base_interfaces_demo) StdoutLine: {'line': b'-- Installing: /home/loser/ws01_plumbing/install/base_interfaces_demo/include/base_interfaces_demo/base_interfaces_demo/action/detail/progress__struct.hpp\n'}
[6.354755] (base_interfaces_demo) StdoutLine: {'line': b'-- Installing: /home/loser/ws01_plumbing/install/base_interfaces_demo/include/base_interfaces_demo/base_interfaces_demo/action/detail/progress__builder.hpp\n'}
[6.354876] (base_interfaces_demo) StdoutLine: {'line': b'-- Installing: /home/loser/ws01_plumbing/install/base_interfaces_demo/include/base_interfaces_demo/base_interfaces_demo/action/detail/progress__traits.hpp\n'}
[6.354970] (base_interfaces_demo) StdoutLine: {'line': b'-- Installing: /home/loser/ws01_plumbing/install/base_interfaces_demo/include/base_interfaces_demo/base_interfaces_demo/action/detail/progress__type_support.hpp\n'}
[6.355040] (base_interfaces_demo) StdoutLine: {'line': b'-- Installing: /home/loser/ws01_plumbing/install/base_interfaces_demo/include/base_interfaces_demo/base_interfaces_demo/action/progress.hpp\n'}
[6.355105] (base_interfaces_demo) StdoutLine: {'line': b'-- Up-to-date: /home/loser/ws01_plumbing/install/base_interfaces_demo/include/base_interfaces_demo/base_interfaces_demo/msg\n'}
[6.355185] (base_interfaces_demo) StdoutLine: {'line': b'-- Installing: /home/loser/ws01_plumbing/install/base_interfaces_demo/include/base_interfaces_demo/base_interfaces_demo/msg/rosidl_generator_cpp__visibility_control.hpp\n'}
[6.355232] (base_interfaces_demo) StdoutLine: {'line': b'-- Up-to-date: /home/loser/ws01_plumbing/install/base_interfaces_demo/include/base_interfaces_demo/base_interfaces_demo/msg/detail\n'}
[6.355296] (base_interfaces_demo) StdoutLine: {'line': b'-- Installing: /home/loser/ws01_plumbing/install/base_interfaces_demo/include/base_interfaces_demo/base_interfaces_demo/msg/detail/student__struct.hpp\n'}
[6.355398] (base_interfaces_demo) StdoutLine: {'line': b'-- Installing: /home/loser/ws01_plumbing/install/base_interfaces_demo/include/base_interfaces_demo/base_interfaces_demo/msg/detail/student__traits.hpp\n'}
[6.355436] (base_interfaces_demo) StdoutLine: {'line': b'-- Installing: /home/loser/ws01_plumbing/install/base_interfaces_demo/include/base_interfaces_demo/base_interfaces_demo/msg/detail/student__type_support.hpp\n'}
[6.355492] (base_interfaces_demo) StdoutLine: {'line': b'-- Installing: /home/loser/ws01_plumbing/install/base_interfaces_demo/include/base_interfaces_demo/base_interfaces_demo/msg/detail/student__builder.hpp\n'}
[6.355554] (base_interfaces_demo) StdoutLine: {'line': b'-- Installing: /home/loser/ws01_plumbing/install/base_interfaces_demo/include/base_interfaces_demo/base_interfaces_demo/msg/student.hpp\n'}
[6.355625] (base_interfaces_demo) StdoutLine: {'line': b'-- Up-to-date: /home/loser/ws01_plumbing/install/base_interfaces_demo/include/base_interfaces_demo/base_interfaces_demo\n'}
[6.355687] (base_interfaces_demo) StdoutLine: {'line': b'-- Up-to-date: /home/loser/ws01_plumbing/install/base_interfaces_demo/include/base_interfaces_demo/base_interfaces_demo/srv\n'}
[6.355762] (base_interfaces_demo) StdoutLine: {'line': b'-- Up-to-date: /home/loser/ws01_plumbing/install/base_interfaces_demo/include/base_interfaces_demo/base_interfaces_demo/srv/detail\n'}
[6.355801] (base_interfaces_demo) StdoutLine: {'line': b'-- Installing: /home/loser/ws01_plumbing/install/base_interfaces_demo/include/base_interfaces_demo/base_interfaces_demo/srv/detail/addints__rosidl_typesupport_fastrtps_cpp.hpp\n'}
[6.355854] (base_interfaces_demo) StdoutLine: {'line': b'-- Installing: /home/loser/ws01_plumbing/install/base_interfaces_demo/include/base_interfaces_demo/base_interfaces_demo/srv/detail/dds_fastrtps\n'}
[6.355921] (base_interfaces_demo) StdoutLine: {'line': b'-- Up-to-date: /home/loser/ws01_plumbing/install/base_interfaces_demo/include/base_interfaces_demo/base_interfaces_demo/action\n'}
[6.355962] (base_interfaces_demo) StdoutLine: {'line': b'-- Up-to-date: /home/loser/ws01_plumbing/install/base_interfaces_demo/include/base_interfaces_demo/base_interfaces_demo/action/detail\n'}
[6.356028] (base_interfaces_demo) StdoutLine: {'line': b'-- Installing: /home/loser/ws01_plumbing/install/base_interfaces_demo/include/base_interfaces_demo/base_interfaces_demo/action/detail/progress__rosidl_typesupport_fastrtps_cpp.hpp\n'}
[6.357298] (base_interfaces_demo) StdoutLine: {'line': b'-- Installing: /home/loser/ws01_plumbing/install/base_interfaces_demo/include/base_interfaces_demo/base_interfaces_demo/action/detail/dds_fastrtps\n'}
[6.357856] (base_interfaces_demo) StdoutLine: {'line': b'-- Up-to-date: /home/loser/ws01_plumbing/install/base_interfaces_demo/include/base_interfaces_demo/base_interfaces_demo/msg\n'}
[6.357885] (base_interfaces_demo) StdoutLine: {'line': b'-- Up-to-date: /home/loser/ws01_plumbing/install/base_interfaces_demo/include/base_interfaces_demo/base_interfaces_demo/msg/detail\n'}
[6.357911] (base_interfaces_demo) StdoutLine: {'line': b'-- Installing: /home/loser/ws01_plumbing/install/base_interfaces_demo/include/base_interfaces_demo/base_interfaces_demo/msg/detail/dds_fastrtps\n'}
[6.357937] (base_interfaces_demo) StdoutLine: {'line': b'-- Installing: /home/loser/ws01_plumbing/install/base_interfaces_demo/include/base_interfaces_demo/base_interfaces_demo/msg/detail/student__rosidl_typesupport_fastrtps_cpp.hpp\n'}
[6.357963] (base_interfaces_demo) StdoutLine: {'line': b'-- Installing: /home/loser/ws01_plumbing/install/base_interfaces_demo/include/base_interfaces_demo/base_interfaces_demo/msg/rosidl_typesupport_fastrtps_cpp__visibility_control.h\n'}
[6.357986] (base_interfaces_demo) StdoutLine: {'line': b'-- Installing: /home/loser/ws01_plumbing/install/base_interfaces_demo/lib/libbase_interfaces_demo__rosidl_typesupport_fastrtps_cpp.so\n'}
[6.358008] (base_interfaces_demo) StdoutLine: {'line': b'-- Set non-toolchain portion of runtime path of "/home/loser/ws01_plumbing/install/base_interfaces_demo/lib/libbase_interfaces_demo__rosidl_typesupport_fastrtps_cpp.so" to ""\n'}
[6.358031] (base_interfaces_demo) StdoutLine: {'line': b'-- Up-to-date: /home/loser/ws01_plumbing/install/base_interfaces_demo/include/base_interfaces_demo/base_interfaces_demo\n'}
[6.358052] (base_interfaces_demo) StdoutLine: {'line': b'-- Up-to-date: /home/loser/ws01_plumbing/install/base_interfaces_demo/include/base_interfaces_demo/base_interfaces_demo/srv\n'}
[6.358074] (base_interfaces_demo) StdoutLine: {'line': b'-- Up-to-date: /home/loser/ws01_plumbing/install/base_interfaces_demo/include/base_interfaces_demo/base_interfaces_demo/srv/detail\n'}
[6.358104] (base_interfaces_demo) StdoutLine: {'line': b'-- Installing: /home/loser/ws01_plumbing/install/base_interfaces_demo/include/base_interfaces_demo/base_interfaces_demo/srv/detail/addints__rosidl_typesupport_introspection_cpp.hpp\n'}
[6.358126] (base_interfaces_demo) StdoutLine: {'line': b'-- Installing: /home/loser/ws01_plumbing/install/base_interfaces_demo/include/base_interfaces_demo/base_interfaces_demo/srv/detail/addints__type_support.cpp\n'}
[6.358149] (base_interfaces_demo) StdoutLine: {'line': b'-- Up-to-date: /home/loser/ws01_plumbing/install/base_interfaces_demo/include/base_interfaces_demo/base_interfaces_demo/action\n'}
[6.358177] (base_interfaces_demo) StdoutLine: {'line': b'-- Up-to-date: /home/loser/ws01_plumbing/install/base_interfaces_demo/include/base_interfaces_demo/base_interfaces_demo/action/detail\n'}
[6.358217] (base_interfaces_demo) StdoutLine: {'line': b'-- Installing: /home/loser/ws01_plumbing/install/base_interfaces_demo/include/base_interfaces_demo/base_interfaces_demo/action/detail/progress__rosidl_typesupport_introspection_cpp.hpp\n'}
[6.358243] (base_interfaces_demo) StdoutLine: {'line': b'-- Installing: /home/loser/ws01_plumbing/install/base_interfaces_demo/include/base_interfaces_demo/base_interfaces_demo/action/detail/progress__type_support.cpp\n'}
[6.358266] (base_interfaces_demo) StdoutLine: {'line': b'-- Up-to-date: /home/loser/ws01_plumbing/install/base_interfaces_demo/include/base_interfaces_demo/base_interfaces_demo/msg\n'}
[6.358290] (base_interfaces_demo) StdoutLine: {'line': b'-- Up-to-date: /home/loser/ws01_plumbing/install/base_interfaces_demo/include/base_interfaces_demo/base_interfaces_demo/msg/detail\n'}
[6.358315] (base_interfaces_demo) StdoutLine: {'line': b'-- Installing: /home/loser/ws01_plumbing/install/base_interfaces_demo/include/base_interfaces_demo/base_interfaces_demo/msg/detail/student__type_support.cpp\n'}
[6.358357] (base_interfaces_demo) StdoutLine: {'line': b'-- Installing: /home/loser/ws01_plumbing/install/base_interfaces_demo/include/base_interfaces_demo/base_interfaces_demo/msg/detail/student__rosidl_typesupport_introspection_cpp.hpp\n'}
[6.358382] (base_interfaces_demo) StdoutLine: {'line': b'-- Installing: /home/loser/ws01_plumbing/install/base_interfaces_demo/lib/libbase_interfaces_demo__rosidl_typesupport_introspection_cpp.so\n'}
[6.358408] (base_interfaces_demo) StdoutLine: {'line': b'-- Set non-toolchain portion of runtime path of "/home/loser/ws01_plumbing/install/base_interfaces_demo/lib/libbase_interfaces_demo__rosidl_typesupport_introspection_cpp.so" to ""\n'}
[6.358446] (base_interfaces_demo) StdoutLine: {'line': b'-- Installing: /home/loser/ws01_plumbing/install/base_interfaces_demo/lib/libbase_interfaces_demo__rosidl_typesupport_cpp.so\n'}
[6.358470] (base_interfaces_demo) StdoutLine: {'line': b'-- Set non-toolchain portion of runtime path of "/home/loser/ws01_plumbing/install/base_interfaces_demo/lib/libbase_interfaces_demo__rosidl_typesupport_cpp.so" to ""\n'}
[6.358496] (base_interfaces_demo) StdoutLine: {'line': b'-- Installing: /home/loser/ws01_plumbing/install/base_interfaces_demo/share/base_interfaces_demo/environment/pythonpath.sh\n'}
[6.358519] (base_interfaces_demo) StdoutLine: {'line': b'-- Installing: /home/loser/ws01_plumbing/install/base_interfaces_demo/share/base_interfaces_demo/environment/pythonpath.dsv\n'}
[6.358541] (base_interfaces_demo) StdoutLine: {'line': b'-- Installing: /home/loser/ws01_plumbing/install/base_interfaces_demo/lib/python3.12/site-packages/base_interfaces_demo-0.0.0-py3.12.egg-info\n'}
[6.358582] (base_interfaces_demo) StdoutLine: {'line': b'-- Installing: /home/loser/ws01_plumbing/install/base_interfaces_demo/lib/python3.12/site-packages/base_interfaces_demo-0.0.0-py3.12.egg-info/SOURCES.txt\n'}
[6.358623] (base_interfaces_demo) StdoutLine: {'line': b'-- Installing: /home/loser/ws01_plumbing/install/base_interfaces_demo/lib/python3.12/site-packages/base_interfaces_demo-0.0.0-py3.12.egg-info/top_level.txt\n'}
[6.358661] (base_interfaces_demo) StdoutLine: {'line': b'-- Installing: /home/loser/ws01_plumbing/install/base_interfaces_demo/lib/python3.12/site-packages/base_interfaces_demo-0.0.0-py3.12.egg-info/PKG-INFO\n'}
[6.358714] (base_interfaces_demo) StdoutLine: {'line': b'-- Installing: /home/loser/ws01_plumbing/install/base_interfaces_demo/lib/python3.12/site-packages/base_interfaces_demo-0.0.0-py3.12.egg-info/dependency_links.txt\n'}
[6.358785] (base_interfaces_demo) StdoutLine: {'line': b'-- Installing: /home/loser/ws01_plumbing/install/base_interfaces_demo/lib/python3.12/site-packages/base_interfaces_demo\n'}
[6.358854] (base_interfaces_demo) StdoutLine: {'line': b'-- Installing: /home/loser/ws01_plumbing/install/base_interfaces_demo/lib/python3.12/site-packages/base_interfaces_demo/__init__.py\n'}
[6.358910] (base_interfaces_demo) StdoutLine: {'line': b'-- Installing: /home/loser/ws01_plumbing/install/base_interfaces_demo/lib/python3.12/site-packages/base_interfaces_demo/_base_interfaces_demo_s.ep.rosidl_typesupport_c.c\n'}
[6.358993] (base_interfaces_demo) StdoutLine: {'line': b'-- Installing: /home/loser/ws01_plumbing/install/base_interfaces_demo/lib/python3.12/site-packages/base_interfaces_demo/_base_interfaces_demo_s.ep.rosidl_typesupport_fastrtps_c.c\n'}
[6.359093] (base_interfaces_demo) StdoutLine: {'line': b'-- Installing: /home/loser/ws01_plumbing/install/base_interfaces_demo/lib/python3.12/site-packages/base_interfaces_demo/base_interfaces_demo_s__rosidl_typesupport_introspection_c.so\n'}
[6.359175] (base_interfaces_demo) StdoutLine: {'line': b'-- Installing: /home/loser/ws01_plumbing/install/base_interfaces_demo/lib/python3.12/site-packages/base_interfaces_demo/srv\n'}
[6.359220] (base_interfaces_demo) StdoutLine: {'line': b'-- Installing: /home/loser/ws01_plumbing/install/base_interfaces_demo/lib/python3.12/site-packages/base_interfaces_demo/srv/__init__.py\n'}
[6.359271] (base_interfaces_demo) StdoutLine: {'line': b'-- Installing: /home/loser/ws01_plumbing/install/base_interfaces_demo/lib/python3.12/site-packages/base_interfaces_demo/srv/_addints.py\n'}
[6.359371] (base_interfaces_demo) StdoutLine: {'line': b'-- Installing: /home/loser/ws01_plumbing/install/base_interfaces_demo/lib/python3.12/site-packages/base_interfaces_demo/srv/_addints_s.c\n'}
[6.359431] (base_interfaces_demo) StdoutLine: {'line': b'-- Installing: /home/loser/ws01_plumbing/install/base_interfaces_demo/lib/python3.12/site-packages/base_interfaces_demo/base_interfaces_demo_s__rosidl_typesupport_c.so\n'}
[6.359531] (base_interfaces_demo) StdoutLine: {'line': b'-- Installing: /home/loser/ws01_plumbing/install/base_interfaces_demo/lib/python3.12/site-packages/base_interfaces_demo/_base_interfaces_demo_s.ep.rosidl_typesupport_introspection_c.c\n'}
[6.359611] (base_interfaces_demo) StdoutLine: {'line': b'-- Installing: /home/loser/ws01_plumbing/install/base_interfaces_demo/lib/python3.12/site-packages/base_interfaces_demo/action\n'}
[6.359652] (base_interfaces_demo) StdoutLine: {'line': b'-- Installing: /home/loser/ws01_plumbing/install/base_interfaces_demo/lib/python3.12/site-packages/base_interfaces_demo/action/__init__.py\n'}
[6.359700] (base_interfaces_demo) StdoutLine: {'line': b'-- Installing: /home/loser/ws01_plumbing/install/base_interfaces_demo/lib/python3.12/site-packages/base_interfaces_demo/action/_progress_s.c\n'}
[6.359778] (base_interfaces_demo) StdoutLine: {'line': b'-- Installing: /home/loser/ws01_plumbing/install/base_interfaces_demo/lib/python3.12/site-packages/base_interfaces_demo/action/_progress.py\n'}
[6.359875] (base_interfaces_demo) StdoutLine: {'line': b'-- Installing: /home/loser/ws01_plumbing/install/base_interfaces_demo/lib/python3.12/site-packages/base_interfaces_demo/base_interfaces_demo_s__rosidl_typesupport_fastrtps_c.so\n'}
[6.359965] (base_interfaces_demo) StdoutLine: {'line': b'-- Installing: /home/loser/ws01_plumbing/install/base_interfaces_demo/lib/python3.12/site-packages/base_interfaces_demo/msg\n'}
[6.360042] (base_interfaces_demo) StdoutLine: {'line': b'-- Installing: /home/loser/ws01_plumbing/install/base_interfaces_demo/lib/python3.12/site-packages/base_interfaces_demo/msg/__init__.py\n'}
[6.360145] (base_interfaces_demo) StdoutLine: {'line': b'-- Installing: /home/loser/ws01_plumbing/install/base_interfaces_demo/lib/python3.12/site-packages/base_interfaces_demo/msg/_student_s.c\n'}
[6.360233] (base_interfaces_demo) StdoutLine: {'line': b'-- Installing: /home/loser/ws01_plumbing/install/base_interfaces_demo/lib/python3.12/site-packages/base_interfaces_demo/msg/_student.py\n'}
[6.397503] (base_interfaces_demo) StdoutLine: {'line': b"Listing '/home/loser/ws01_plumbing/install/base_interfaces_demo/lib/python3.12/site-packages/base_interfaces_demo'...\n"}
[6.397682] (base_interfaces_demo) StdoutLine: {'line': b"Compiling '/home/loser/ws01_plumbing/install/base_interfaces_demo/lib/python3.12/site-packages/base_interfaces_demo/__init__.py'...\n"}
[6.397728] (base_interfaces_demo) StdoutLine: {'line': b"Listing '/home/loser/ws01_plumbing/install/base_interfaces_demo/lib/python3.12/site-packages/base_interfaces_demo/action'...\n"}
[6.397758] (base_interfaces_demo) StdoutLine: {'line': b"Compiling '/home/loser/ws01_plumbing/install/base_interfaces_demo/lib/python3.12/site-packages/base_interfaces_demo/action/__init__.py'...\n"}
[6.397786] (base_interfaces_demo) StdoutLine: {'line': b"Compiling '/home/loser/ws01_plumbing/install/base_interfaces_demo/lib/python3.12/site-packages/base_interfaces_demo/action/_progress.py'...\n"}
[6.397813] (base_interfaces_demo) StdoutLine: {'line': b"Listing '/home/loser/ws01_plumbing/install/base_interfaces_demo/lib/python3.12/site-packages/base_interfaces_demo/msg'...\n"}
[6.397839] (base_interfaces_demo) StdoutLine: {'line': b"Compiling '/home/loser/ws01_plumbing/install/base_interfaces_demo/lib/python3.12/site-packages/base_interfaces_demo/msg/__init__.py'...\n"}
[6.397863] (base_interfaces_demo) StdoutLine: {'line': b"Compiling '/home/loser/ws01_plumbing/install/base_interfaces_demo/lib/python3.12/site-packages/base_interfaces_demo/msg/_student.py'...\n"}
[6.397886] (base_interfaces_demo) StdoutLine: {'line': b"Listing '/home/loser/ws01_plumbing/install/base_interfaces_demo/lib/python3.12/site-packages/base_interfaces_demo/srv'...\n"}
[6.397912] (base_interfaces_demo) StdoutLine: {'line': b"Compiling '/home/loser/ws01_plumbing/install/base_interfaces_demo/lib/python3.12/site-packages/base_interfaces_demo/srv/__init__.py'...\n"}
[6.397936] (base_interfaces_demo) StdoutLine: {'line': b"Compiling '/home/loser/ws01_plumbing/install/base_interfaces_demo/lib/python3.12/site-packages/base_interfaces_demo/srv/_addints.py'...\n"}
[6.402815] (base_interfaces_demo) StdoutLine: {'line': b'-- Installing: /home/loser/ws01_plumbing/install/base_interfaces_demo/lib/python3.12/site-packages/base_interfaces_demo/base_interfaces_demo_s__rosidl_typesupport_fastrtps_c.so\n'}
[6.403043] (base_interfaces_demo) StdoutLine: {'line': b'-- Set non-toolchain portion of runtime path of "/home/loser/ws01_plumbing/install/base_interfaces_demo/lib/python3.12/site-packages/base_interfaces_demo/base_interfaces_demo_s__rosidl_typesupport_fastrtps_c.so" to ""\n'}
[6.403208] (base_interfaces_demo) StdoutLine: {'line': b'-- Installing: /home/loser/ws01_plumbing/install/base_interfaces_demo/lib/python3.12/site-packages/base_interfaces_demo/base_interfaces_demo_s__rosidl_typesupport_introspection_c.so\n'}
[6.403457] (base_interfaces_demo) StdoutLine: {'line': b'-- Set non-toolchain portion of runtime path of "/home/loser/ws01_plumbing/install/base_interfaces_demo/lib/python3.12/site-packages/base_interfaces_demo/base_interfaces_demo_s__rosidl_typesupport_introspection_c.so" to ""\n'}
[6.403604] (base_interfaces_demo) StdoutLine: {'line': b'-- Installing: /home/loser/ws01_plumbing/install/base_interfaces_demo/lib/python3.12/site-packages/base_interfaces_demo/base_interfaces_demo_s__rosidl_typesupport_c.so\n'}
[6.403818] (base_interfaces_demo) StdoutLine: {'line': b'-- Set non-toolchain portion of runtime path of "/home/loser/ws01_plumbing/install/base_interfaces_demo/lib/python3.12/site-packages/base_interfaces_demo/base_interfaces_demo_s__rosidl_typesupport_c.so" to ""\n'}
[6.404173] (base_interfaces_demo) StdoutLine: {'line': b'-- Installing: /home/loser/ws01_plumbing/install/base_interfaces_demo/lib/libbase_interfaces_demo__rosidl_generator_py.so\n'}
[6.404239] (base_interfaces_demo) StdoutLine: {'line': b'-- Set non-toolchain portion of runtime path of "/home/loser/ws01_plumbing/install/base_interfaces_demo/lib/libbase_interfaces_demo__rosidl_generator_py.so" to ""\n'}
[6.404306] (base_interfaces_demo) StdoutLine: {'line': b'-- Installing: /home/loser/ws01_plumbing/install/base_interfaces_demo/share/ament_index/resource_index/rust_packages/base_interfaces_demo\n'}
[6.404384] (base_interfaces_demo) StdoutLine: {'line': b'-- Installing: /home/loser/ws01_plumbing/install/base_interfaces_demo/share/base_interfaces_demo/rust\n'}
[6.404448] (base_interfaces_demo) StdoutLine: {'line': b'-- Installing: /home/loser/ws01_plumbing/install/base_interfaces_demo/share/base_interfaces_demo/rust/build.rs\n'}
[6.404508] (base_interfaces_demo) StdoutLine: {'line': b'-- Installing: /home/loser/ws01_plumbing/install/base_interfaces_demo/share/base_interfaces_demo/rust/src\n'}
[6.404586] (base_interfaces_demo) StdoutLine: {'line': b'-- Installing: /home/loser/ws01_plumbing/install/base_interfaces_demo/share/base_interfaces_demo/rust/src/lib.rs\n'}
[6.404646] (base_interfaces_demo) StdoutLine: {'line': b'-- Installing: /home/loser/ws01_plumbing/install/base_interfaces_demo/share/base_interfaces_demo/rust/src/action.rs\n'}
[6.404706] (base_interfaces_demo) StdoutLine: {'line': b'-- Installing: /home/loser/ws01_plumbing/install/base_interfaces_demo/share/base_interfaces_demo/rust/src/msg.rs\n'}
[6.404762] (base_interfaces_demo) StdoutLine: {'line': b'-- Installing: /home/loser/ws01_plumbing/install/base_interfaces_demo/share/base_interfaces_demo/rust/src/srv\n'}
[6.404835] (base_interfaces_demo) StdoutLine: {'line': b'-- Installing: /home/loser/ws01_plumbing/install/base_interfaces_demo/share/base_interfaces_demo/rust/src/srv/rmw.rs\n'}
[6.404901] (base_interfaces_demo) StdoutLine: {'line': b'-- Installing: /home/loser/ws01_plumbing/install/base_interfaces_demo/share/base_interfaces_demo/rust/src/srv.rs\n'}
[6.404962] (base_interfaces_demo) StdoutLine: {'line': b'-- Installing: /home/loser/ws01_plumbing/install/base_interfaces_demo/share/base_interfaces_demo/rust/src/action\n'}
[6.405027] (base_interfaces_demo) StdoutLine: {'line': b'-- Installing: /home/loser/ws01_plumbing/install/base_interfaces_demo/share/base_interfaces_demo/rust/src/action/rmw.rs\n'}
[6.405124] (base_interfaces_demo) StdoutLine: {'line': b'-- Installing: /home/loser/ws01_plumbing/install/base_interfaces_demo/share/base_interfaces_demo/rust/src/msg\n'}
[6.405421] (base_interfaces_demo) StdoutLine: {'line': b'-- Installing: /home/loser/ws01_plumbing/install/base_interfaces_demo/share/base_interfaces_demo/rust/src/msg/rmw.rs\n'}
[6.405515] (base_interfaces_demo) StdoutLine: {'line': b'-- Installing: /home/loser/ws01_plumbing/install/base_interfaces_demo/share/base_interfaces_demo/rust/Cargo.toml\n'}
[6.405552] (base_interfaces_demo) StdoutLine: {'line': b'-- Installing: /home/loser/ws01_plumbing/install/base_interfaces_demo/share/base_interfaces_demo/msg/Student.idl\n'}
[6.405584] (base_interfaces_demo) StdoutLine: {'line': b'-- Installing: /home/loser/ws01_plumbing/install/base_interfaces_demo/share/base_interfaces_demo/srv/Addints.idl\n'}
[6.405723] (base_interfaces_demo) StdoutLine: {'line': b'-- Installing: /home/loser/ws01_plumbing/install/base_interfaces_demo/share/base_interfaces_demo/action/Progress.idl\n'}
[6.405839] (base_interfaces_demo) StdoutLine: {'line': b'-- Installing: /home/loser/ws01_plumbing/install/base_interfaces_demo/share/base_interfaces_demo/msg/Student.msg\n'}
[6.405872] (base_interfaces_demo) StdoutLine: {'line': b'-- Installing: /home/loser/ws01_plumbing/install/base_interfaces_demo/share/base_interfaces_demo/srv/Addints.srv\n'}
[6.405901] (base_interfaces_demo) StdoutLine: {'line': b'-- Installing: /home/loser/ws01_plumbing/install/base_interfaces_demo/share/base_interfaces_demo/action/Progress.action\n'}
[6.406270] (base_interfaces_demo) StdoutLine: {'line': b'-- Installing: /home/loser/ws01_plumbing/install/base_interfaces_demo/share/ament_index/resource_index/package_run_dependencies/base_interfaces_demo\n'}
[6.406367] (base_interfaces_demo) StdoutLine: {'line': b'-- Installing: /home/loser/ws01_plumbing/install/base_interfaces_demo/share/ament_index/resource_index/parent_prefix_path/base_interfaces_demo\n'}
[6.406410] (base_interfaces_demo) StdoutLine: {'line': b'-- Installing: /home/loser/ws01_plumbing/install/base_interfaces_demo/share/base_interfaces_demo/environment/ament_prefix_path.sh\n'}
[6.406447] (base_interfaces_demo) StdoutLine: {'line': b'-- Installing: /home/loser/ws01_plumbing/install/base_interfaces_demo/share/base_interfaces_demo/environment/ament_prefix_path.dsv\n'}
[6.406557] (base_interfaces_demo) StdoutLine: {'line': b'-- Installing: /home/loser/ws01_plumbing/install/base_interfaces_demo/share/base_interfaces_demo/environment/path.sh\n'}
[6.406596] (base_interfaces_demo) StdoutLine: {'line': b'-- Installing: /home/loser/ws01_plumbing/install/base_interfaces_demo/share/base_interfaces_demo/environment/path.dsv\n'}
[6.406627] (base_interfaces_demo) StdoutLine: {'line': b'-- Installing: /home/loser/ws01_plumbing/install/base_interfaces_demo/share/base_interfaces_demo/local_setup.bash\n'}
[6.406855] (base_interfaces_demo) StdoutLine: {'line': b'-- Installing: /home/loser/ws01_plumbing/install/base_interfaces_demo/share/base_interfaces_demo/local_setup.sh\n'}
[6.407018] (base_interfaces_demo) StdoutLine: {'line': b'-- Installing: /home/loser/ws01_plumbing/install/base_interfaces_demo/share/base_interfaces_demo/local_setup.zsh\n'}
[6.407066] (base_interfaces_demo) StdoutLine: {'line': b'-- Installing: /home/loser/ws01_plumbing/install/base_interfaces_demo/share/base_interfaces_demo/local_setup.dsv\n'}
[6.407101] (base_interfaces_demo) StdoutLine: {'line': b'-- Installing: /home/loser/ws01_plumbing/install/base_interfaces_demo/share/base_interfaces_demo/package.dsv\n'}
[6.407130] (base_interfaces_demo) StdoutLine: {'line': b'-- Installing: /home/loser/ws01_plumbing/install/base_interfaces_demo/share/ament_index/resource_index/packages/base_interfaces_demo\n'}
[6.407196] (base_interfaces_demo) StdoutLine: {'line': b'-- Installing: /home/loser/ws01_plumbing/install/base_interfaces_demo/share/base_interfaces_demo/cmake/export_base_interfaces_demo__rosidl_generator_cExport.cmake\n'}
[6.407226] (base_interfaces_demo) StdoutLine: {'line': b'-- Installing: /home/loser/ws01_plumbing/install/base_interfaces_demo/share/base_interfaces_demo/cmake/export_base_interfaces_demo__rosidl_generator_cExport-noconfig.cmake\n'}
[6.407252] (base_interfaces_demo) StdoutLine: {'line': b'-- Installing: /home/loser/ws01_plumbing/install/base_interfaces_demo/share/base_interfaces_demo/cmake/export_base_interfaces_demo__rosidl_typesupport_fastrtps_cExport.cmake\n'}
[6.407314] (base_interfaces_demo) StdoutLine: {'line': b'-- Installing: /home/loser/ws01_plumbing/install/base_interfaces_demo/share/base_interfaces_demo/cmake/export_base_interfaces_demo__rosidl_typesupport_fastrtps_cExport-noconfig.cmake\n'}
[6.407661] (base_interfaces_demo) StdoutLine: {'line': b'-- Installing: /home/loser/ws01_plumbing/install/base_interfaces_demo/share/base_interfaces_demo/cmake/base_interfaces_demo__rosidl_typesupport_introspection_cExport.cmake\n'}
[6.407827] (base_interfaces_demo) StdoutLine: {'line': b'-- Installing: /home/loser/ws01_plumbing/install/base_interfaces_demo/share/base_interfaces_demo/cmake/base_interfaces_demo__rosidl_typesupport_introspection_cExport-noconfig.cmake\n'}
[6.407890] (base_interfaces_demo) StdoutLine: {'line': b'-- Installing: /home/loser/ws01_plumbing/install/base_interfaces_demo/share/base_interfaces_demo/cmake/base_interfaces_demo__rosidl_typesupport_cExport.cmake\n'}
[6.407986] (base_interfaces_demo) StdoutLine: {'line': b'-- Installing: /home/loser/ws01_plumbing/install/base_interfaces_demo/share/base_interfaces_demo/cmake/base_interfaces_demo__rosidl_typesupport_cExport-noconfig.cmake\n'}
[6.408074] (base_interfaces_demo) StdoutLine: {'line': b'-- Installing: /home/loser/ws01_plumbing/install/base_interfaces_demo/share/base_interfaces_demo/cmake/export_base_interfaces_demo__rosidl_generator_cppExport.cmake\n'}
[6.408161] (base_interfaces_demo) StdoutLine: {'line': b'-- Installing: /home/loser/ws01_plumbing/install/base_interfaces_demo/share/base_interfaces_demo/cmake/export_base_interfaces_demo__rosidl_typesupport_fastrtps_cppExport.cmake\n'}
[6.408258] (base_interfaces_demo) StdoutLine: {'line': b'-- Installing: /home/loser/ws01_plumbing/install/base_interfaces_demo/share/base_interfaces_demo/cmake/export_base_interfaces_demo__rosidl_typesupport_fastrtps_cppExport-noconfig.cmake\n'}
[6.408341] (base_interfaces_demo) StdoutLine: {'line': b'-- Installing: /home/loser/ws01_plumbing/install/base_interfaces_demo/share/base_interfaces_demo/cmake/base_interfaces_demo__rosidl_typesupport_introspection_cppExport.cmake\n'}
[6.408413] (base_interfaces_demo) StdoutLine: {'line': b'-- Installing: /home/loser/ws01_plumbing/install/base_interfaces_demo/share/base_interfaces_demo/cmake/base_interfaces_demo__rosidl_typesupport_introspection_cppExport-noconfig.cmake\n'}
[6.408485] (base_interfaces_demo) StdoutLine: {'line': b'-- Installing: /home/loser/ws01_plumbing/install/base_interfaces_demo/share/base_interfaces_demo/cmake/base_interfaces_demo__rosidl_typesupport_cppExport.cmake\n'}
[6.408550] (base_interfaces_demo) StdoutLine: {'line': b'-- Installing: /home/loser/ws01_plumbing/install/base_interfaces_demo/share/base_interfaces_demo/cmake/base_interfaces_demo__rosidl_typesupport_cppExport-noconfig.cmake\n'}
[6.408620] (base_interfaces_demo) StdoutLine: {'line': b'-- Installing: /home/loser/ws01_plumbing/install/base_interfaces_demo/share/base_interfaces_demo/cmake/export_base_interfaces_demo__rosidl_generator_pyExport.cmake\n'}
[6.408684] (base_interfaces_demo) StdoutLine: {'line': b'-- Installing: /home/loser/ws01_plumbing/install/base_interfaces_demo/share/base_interfaces_demo/cmake/export_base_interfaces_demo__rosidl_generator_pyExport-noconfig.cmake\n'}
[6.408748] (base_interfaces_demo) StdoutLine: {'line': b'-- Installing: /home/loser/ws01_plumbing/install/base_interfaces_demo/share/base_interfaces_demo/cmake/rosidl_cmake-extras.cmake\n'}
[6.408809] (base_interfaces_demo) StdoutLine: {'line': b'-- Installing: /home/loser/ws01_plumbing/install/base_interfaces_demo/share/base_interfaces_demo/cmake/ament_cmake_export_dependencies-extras.cmake\n'}
[6.408958] (base_interfaces_demo) StdoutLine: {'line': b'-- Installing: /home/loser/ws01_plumbing/install/base_interfaces_demo/share/base_interfaces_demo/cmake/ament_cmake_export_include_directories-extras.cmake\n'}
[6.409052] (base_interfaces_demo) StdoutLine: {'line': b'-- Installing: /home/loser/ws01_plumbing/install/base_interfaces_demo/share/base_interfaces_demo/cmake/ament_cmake_export_libraries-extras.cmake\n'}
[6.409131] (base_interfaces_demo) StdoutLine: {'line': b'-- Installing: /home/loser/ws01_plumbing/install/base_interfaces_demo/share/base_interfaces_demo/cmake/ament_cmake_export_targets-extras.cmake\n'}
[6.409222] (base_interfaces_demo) StdoutLine: {'line': b'-- Installing: /home/loser/ws01_plumbing/install/base_interfaces_demo/share/base_interfaces_demo/cmake/rosidl_cmake_export_typesupport_targets-extras.cmake\n'}
[6.409305] (base_interfaces_demo) StdoutLine: {'line': b'-- Installing: /home/loser/ws01_plumbing/install/base_interfaces_demo/share/base_interfaces_demo/cmake/rosidl_cmake_export_typesupport_libraries-extras.cmake\n'}
[6.409378] (base_interfaces_demo) StdoutLine: {'line': b'-- Installing: /home/loser/ws01_plumbing/install/base_interfaces_demo/share/base_interfaces_demo/cmake/base_interfaces_demoConfig.cmake\n'}
[6.409517] (base_interfaces_demo) StdoutLine: {'line': b'-- Installing: /home/loser/ws01_plumbing/install/base_interfaces_demo/share/base_interfaces_demo/cmake/base_interfaces_demoConfig-version.cmake\n'}
[6.409558] (base_interfaces_demo) StdoutLine: {'line': b'-- Installing: /home/loser/ws01_plumbing/install/base_interfaces_demo/share/base_interfaces_demo/package.xml\n'}
[6.411241] (base_interfaces_demo) CommandEnded: {'returncode': 0}
[6.427837] (base_interfaces_demo) JobEnded: {'identifier': 'base_interfaces_demo', 'rc': 0}
[6.431938] (cpp01_topic) JobStarted: {'identifier': 'cpp01_topic'}
[6.432606] (cpp02_service) JobStarted: {'identifier': 'cpp02_service'}
[6.434015] (cpp03_action) JobStarted: {'identifier': 'cpp03_action'}
[6.434448] (-) TimerEvent: {}
[6.435778] (py01_topic) JobStarted: {'identifier': 'py01_topic'}
[6.444125] (cpp01_topic) JobProgress: {'identifier': 'cpp01_topic', 'progress': 'cmake'}
[6.444404] (cpp01_topic) Command: {'cmd': ['/usr/bin/cmake', '/home/loser/ws01_plumbing/src/cpp01_topic', '-DCMAKE_INSTALL_PREFIX=/home/loser/ws01_plumbing/install/cpp01_topic'], 'cwd': '/home/loser/ws01_plumbing/build/cpp01_topic', 'env': OrderedDict({'GJS_DEBUG_TOPICS': 'JS ERROR;JS LOG', 'LESSOPEN': '| /usr/bin/lesspipe %s', 'GZ_SIM_RESOURCE_PATH': '/opt/ros/jazzy/share', 'USER': 'loser', 'LC_TIME': 'zh_CN.UTF-8', 'GZ_CONFIG_PATH': '/opt/ros/jazzy/opt/gz_sim_vendor/share/gz:/opt/ros/jazzy/opt/sdformat_vendor/share/gz:/opt/ros/jazzy/opt/gz_gui_vendor/share/gz:/opt/ros/jazzy/opt/gz_transport_vendor/share/gz:/opt/ros/jazzy/opt/gz_rendering_vendor/share/gz:/opt/ros/jazzy/opt/gz_plugin_vendor/share/gz:/opt/ros/jazzy/opt/gz_fuel_tools_vendor/share/gz:/opt/ros/jazzy/opt/gz_msgs_vendor/share/gz:/opt/ros/jazzy/opt/gz_common_vendor/share/gz', 'XDG_SESSION_TYPE': 'wayland', 'GIT_ASKPASS': '/usr/share/code/resources/app/extensions/git/dist/askpass.sh', 'CLUTTER_DISABLE_MIPMAPPED_TEXT': '1', 'SHLVL': '1', 'LIBGL_ALWAYS_SOFTWARE': '1', 'LD_LIBRARY_PATH': '/home/loser/ws01_plumbing/install/base_interfaces_demo/lib:/opt/ros/jazzy/opt/gz_sim_vendor/lib:/opt/ros/jazzy/opt/gz_sensors_vendor/lib:/opt/ros/jazzy/opt/gz_physics_vendor/lib:/opt/ros/jazzy/opt/sdformat_vendor/lib:/opt/ros/jazzy/opt/rviz_ogre_vendor/lib:/opt/ros/jazzy/lib/x86_64-linux-gnu:/opt/ros/jazzy/opt/gz_gui_vendor/lib:/opt/ros/jazzy/opt/gz_transport_vendor/lib:/opt/ros/jazzy/opt/gz_rendering_vendor/lib:/opt/ros/jazzy/opt/gz_plugin_vendor/lib:/opt/ros/jazzy/opt/gz_fuel_tools_vendor/lib:/opt/ros/jazzy/opt/gz_msgs_vendor/lib:/opt/ros/jazzy/opt/gz_common_vendor/lib:/opt/ros/jazzy/opt/gz_math_vendor/lib:/opt/ros/jazzy/opt/gz_utils_vendor/lib:/opt/ros/jazzy/opt/gz_tools_vendor/lib:/opt/ros/jazzy/opt/gz_ogre_next_vendor/lib:/opt/ros/jazzy/opt/gz_dartsim_vendor/lib:/opt/ros/jazzy/opt/gz_cmake_vendor/lib:/opt/ros/jazzy/lib', 'HOME': '/home/loser', 'CHROME_DESKTOP': 'code.desktop', 'TERM_PROGRAM_VERSION': '1.121.0', 'DESKTOP_SESSION': 'ubuntu', 'GIO_LAUNCHED_DESKTOP_FILE': '/usr/share/applications/code.desktop', 'ROS_PYTHON_VERSION': '3', 'GNOME_SHELL_SESSION_MODE': 'ubuntu', 'GTK_MODULES': 'gail:atk-bridge', 'VSCODE_GIT_ASKPASS_MAIN': '/usr/share/code/resources/app/extensions/git/dist/askpass-main.js', 'LC_MONETARY': 'zh_CN.UTF-8', 'VSCODE_GIT_ASKPASS_NODE': '/usr/share/code/code', 'MANAGERPID': '2282', 'SYSTEMD_EXEC_PID': '2501', 'IM_CONFIG_CHECK_ENV': '1', 'VSCODE_PYTHON_AUTOACTIVATE_GUARD': '1', 'GSM_SKIP_SSH_AGENT_WORKAROUND': 'true', 'DBUS_SESSION_BUS_ADDRESS': 'unix:path=/run/user/1000/bus', 'COLORTERM': 'truecolor', 'GIO_LAUNCHED_DESKTOP_FILE_PID': '4584', 'DEBUGINFOD_URLS': 'https://debuginfod.ubuntu.com', 'IM_CONFIG_PHASE': '1', 'WAYLAND_DISPLAY': 'wayland-0', 'ROS_DISTRO': 'jazzy', 'LOGNAME': 'loser', 'JOURNAL_STREAM': '9:28365', '_': '/usr/bin/colcon', 'ROS_VERSION': '2', 'MEMORY_PRESSURE_WATCH': '/sys/fs/cgroup/user.slice/user-1000.slice/user@1000.service/session.slice/org.gnome.Shell@wayland.service/memory.pressure', 'XDG_SESSION_CLASS': 'user', 'USERNAME': 'loser', 'TERM': 'xterm-256color', 'GNOME_DESKTOP_SESSION_ID': 'this-is-deprecated', 'FC_FONTATIONS': '1', 'PATH': '/home/loser/.config/Code/User/globalStorage/github.copilot-chat/debugCommand:/home/loser/.config/Code/User/globalStorage/github.copilot-chat/copilotCli:/opt/ros/jazzy/opt/gz_msgs_vendor/bin:/opt/ros/jazzy/opt/gz_tools_vendor/bin:/opt/ros/jazzy/opt/gz_ogre_next_vendor/bin:/opt/ros/jazzy/bin:/usr/local/sbin:/usr/local/bin:/usr/sbin:/usr/bin:/sbin:/bin:/usr/games:/usr/local/games:/snap/bin:/snap/bin', 'SESSION_MANAGER': 'local/loser-vm:@/tmp/.ICE-unix/2471,unix/loser-vm:/tmp/.ICE-unix/2471', 'INVOCATION_ID': '7445e4fbb8684575a4b0207dba2de19a', 'PAPERSIZE': 'a4', 'XDG_MENU_PREFIX': 'gnome-', 'LC_ADDRESS': 'zh_CN.UTF-8', 'GNOME_SETUP_DISPLAY': ':1', 'XDG_RUNTIME_DIR': '/run/user/1000', 'GDK_BACKEND': 'wayland', 'DISPLAY': ':0', 'LANG': 'zh_CN.UTF-8', 'XDG_CURRENT_DESKTOP': 'ubuntu:GNOME', 'LC_TELEPHONE': 'zh_CN.UTF-8', 'XMODIFIERS': '@im=ibus', 'XDG_SESSION_DESKTOP': 'ubuntu', 'XAUTHORITY': '/run/user/1000/.mutter-Xwaylandauth.9H1UP3', 'LS_COLORS': 'rs=0:di=01;34:ln=01;36:mh=00:pi=40;33:so=01;35:do=01;35:bd=40;33;01:cd=40;33;01:or=40;31;01:mi=00:su=37;41:sg=30;43:ca=00:tw=30;42:ow=34;42:st=37;44:ex=01;32:*.tar=01;31:*.tgz=01;31:*.arc=01;31:*.arj=01;31:*.taz=01;31:*.lha=01;31:*.lz4=01;31:*.lzh=01;31:*.lzma=01;31:*.tlz=01;31:*.txz=01;31:*.tzo=01;31:*.t7z=01;31:*.zip=01;31:*.z=01;31:*.dz=01;31:*.gz=01;31:*.lrz=01;31:*.lz=01;31:*.lzo=01;31:*.xz=01;31:*.zst=01;31:*.tzst=01;31:*.bz2=01;31:*.bz=01;31:*.tbz=01;31:*.tbz2=01;31:*.tz=01;31:*.deb=01;31:*.rpm=01;31:*.jar=01;31:*.war=01;31:*.ear=01;31:*.sar=01;31:*.rar=01;31:*.alz=01;31:*.ace=01;31:*.zoo=01;31:*.cpio=01;31:*.7z=01;31:*.rz=01;31:*.cab=01;31:*.wim=01;31:*.swm=01;31:*.dwm=01;31:*.esd=01;31:*.avif=01;35:*.jpg=01;35:*.jpeg=01;35:*.mjpg=01;35:*.mjpeg=01;35:*.gif=01;35:*.bmp=01;35:*.pbm=01;35:*.pgm=01;35:*.ppm=01;35:*.tga=01;35:*.xbm=01;35:*.xpm=01;35:*.tif=01;35:*.tiff=01;35:*.png=01;35:*.svg=01;35:*.svgz=01;35:*.mng=01;35:*.pcx=01;35:*.mov=01;35:*.mpg=01;35:*.mpeg=01;35:*.m2v=01;35:*.mkv=01;35:*.webm=01;35:*.webp=01;35:*.ogm=01;35:*.mp4=01;35:*.m4v=01;35:*.mp4v=01;35:*.vob=01;35:*.qt=01;35:*.nuv=01;35:*.wmv=01;35:*.asf=01;35:*.rm=01;35:*.rmvb=01;35:*.flc=01;35:*.avi=01;35:*.fli=01;35:*.flv=01;35:*.gl=01;35:*.dl=01;35:*.xcf=01;35:*.xwd=01;35:*.yuv=01;35:*.cgm=01;35:*.emf=01;35:*.ogv=01;35:*.ogx=01;35:*.aac=00;36:*.au=00;36:*.flac=00;36:*.m4a=00;36:*.mid=00;36:*.midi=00;36:*.mka=00;36:*.mp3=00;36:*.mpc=00;36:*.ogg=00;36:*.ra=00;36:*.wav=00;36:*.oga=00;36:*.opus=00;36:*.spx=00;36:*.xspf=00;36:*~=00;90:*#=00;90:*.bak=00;90:*.crdownload=00;90:*.dpkg-dist=00;90:*.dpkg-new=00;90:*.dpkg-old=00;90:*.dpkg-tmp=00;90:*.old=00;90:*.orig=00;90:*.part=00;90:*.rej=00;90:*.rpmnew=00;90:*.rpmorig=00;90:*.rpmsave=00;90:*.swp=00;90:*.tmp=00;90:*.ucf-dist=00;90:*.ucf-new=00;90:*.ucf-old=00;90:', 'VSCODE_GIT_IPC_HANDLE': '/run/user/1000/vscode-git-7f319e5332.sock', 'TERM_PROGRAM': 'vscode', 'SSH_AUTH_SOCK': '/run/user/1000/keyring/ssh', 'AMENT_PREFIX_PATH': '/home/loser/ws01_plumbing/install/base_interfaces_demo:/opt/ros/jazzy', 'SHELL': '/bin/bash', 'LC_NAME': 'zh_CN.UTF-8', 'QT_ACCESSIBILITY': '1', 'GDMSESSION': 'ubuntu', 'LESSCLOSE': '/usr/bin/lesspipe %s %s', 'LC_MEASUREMENT': 'zh_CN.UTF-8', 'GJS_DEBUG_OUTPUT': 'stderr', 'LC_IDENTIFICATION': 'zh_CN.UTF-8', 'ROS_AUTOMATIC_DISCOVERY_RANGE': 'SUBNET', 'VSCODE_GIT_ASKPASS_EXTRA_ARGS': '', 'QT_IM_MODULE': 'ibus', 'PWD': '/home/loser/ws01_plumbing/build/cpp01_topic', 'XDG_CONFIG_DIRS': '/etc/xdg/xdg-ubuntu:/etc/xdg', 'XDG_DATA_DIRS': '/usr/share/ubuntu:/usr/share/gnome:/usr/local/share/:/usr/share/:/var/lib/snapd/desktop', 'QTWEBENGINE_DICTIONARIES_PATH': '/usr/share/hunspell-bdic/', 'PYTHONPATH': '/home/loser/ws01_plumbing/install/base_interfaces_demo/lib/python3.12/site-packages:/opt/ros/jazzy/lib/python3.12/site-packages', 'LC_NUMERIC': 'zh_CN.UTF-8', 'LC_PAPER': 'zh_CN.UTF-8', 'COLCON': '1', 'MEMORY_PRESSURE_WRITE': 'c29tZSAyMDAwMDAgMjAwMDAwMAA=', 'CMAKE_PREFIX_PATH': '/home/loser/ws01_plumbing/install/base_interfaces_demo:/opt/ros/jazzy/opt/gz_sim_vendor:/opt/ros/jazzy/opt/gz_sensors_vendor:/opt/ros/jazzy/opt/gz_physics_vendor:/opt/ros/jazzy/opt/sdformat_vendor:/opt/ros/jazzy/opt/gz_gui_vendor:/opt/ros/jazzy/opt/gz_transport_vendor:/opt/ros/jazzy/opt/gz_rendering_vendor:/opt/ros/jazzy/opt/gz_plugin_vendor:/opt/ros/jazzy/opt/gz_fuel_tools_vendor:/opt/ros/jazzy/opt/gz_msgs_vendor:/opt/ros/jazzy/opt/gz_common_vendor:/opt/ros/jazzy/opt/gz_math_vendor:/opt/ros/jazzy/opt/gz_utils_vendor:/opt/ros/jazzy/opt/gz_tools_vendor:/opt/ros/jazzy/opt/gz_ogre_next_vendor:/opt/ros/jazzy/opt/gz_dartsim_vendor:/opt/ros/jazzy/opt/gz_cmake_vendor:/opt/ros/jazzy'}), 'shell': False}
[6.448305] (cpp02_service) JobProgress: {'identifier': 'cpp02_service', 'progress': 'cmake'}
[6.448691] (cpp02_service) Command: {'cmd': ['/usr/bin/cmake', '/home/loser/ws01_plumbing/src/cpp02_service', '-DCMAKE_INSTALL_PREFIX=/home/loser/ws01_plumbing/install/cpp02_service'], 'cwd': '/home/loser/ws01_plumbing/build/cpp02_service', 'env': OrderedDict({'GJS_DEBUG_TOPICS': 'JS ERROR;JS LOG', 'LESSOPEN': '| /usr/bin/lesspipe %s', 'GZ_SIM_RESOURCE_PATH': '/opt/ros/jazzy/share', 'USER': 'loser', 'LC_TIME': 'zh_CN.UTF-8', 'GZ_CONFIG_PATH': '/opt/ros/jazzy/opt/gz_sim_vendor/share/gz:/opt/ros/jazzy/opt/sdformat_vendor/share/gz:/opt/ros/jazzy/opt/gz_gui_vendor/share/gz:/opt/ros/jazzy/opt/gz_transport_vendor/share/gz:/opt/ros/jazzy/opt/gz_rendering_vendor/share/gz:/opt/ros/jazzy/opt/gz_plugin_vendor/share/gz:/opt/ros/jazzy/opt/gz_fuel_tools_vendor/share/gz:/opt/ros/jazzy/opt/gz_msgs_vendor/share/gz:/opt/ros/jazzy/opt/gz_common_vendor/share/gz', 'XDG_SESSION_TYPE': 'wayland', 'GIT_ASKPASS': '/usr/share/code/resources/app/extensions/git/dist/askpass.sh', 'CLUTTER_DISABLE_MIPMAPPED_TEXT': '1', 'SHLVL': '1', 'LIBGL_ALWAYS_SOFTWARE': '1', 'LD_LIBRARY_PATH': '/home/loser/ws01_plumbing/install/base_interfaces_demo/lib:/opt/ros/jazzy/opt/gz_sim_vendor/lib:/opt/ros/jazzy/opt/gz_sensors_vendor/lib:/opt/ros/jazzy/opt/gz_physics_vendor/lib:/opt/ros/jazzy/opt/sdformat_vendor/lib:/opt/ros/jazzy/opt/rviz_ogre_vendor/lib:/opt/ros/jazzy/lib/x86_64-linux-gnu:/opt/ros/jazzy/opt/gz_gui_vendor/lib:/opt/ros/jazzy/opt/gz_transport_vendor/lib:/opt/ros/jazzy/opt/gz_rendering_vendor/lib:/opt/ros/jazzy/opt/gz_plugin_vendor/lib:/opt/ros/jazzy/opt/gz_fuel_tools_vendor/lib:/opt/ros/jazzy/opt/gz_msgs_vendor/lib:/opt/ros/jazzy/opt/gz_common_vendor/lib:/opt/ros/jazzy/opt/gz_math_vendor/lib:/opt/ros/jazzy/opt/gz_utils_vendor/lib:/opt/ros/jazzy/opt/gz_tools_vendor/lib:/opt/ros/jazzy/opt/gz_ogre_next_vendor/lib:/opt/ros/jazzy/opt/gz_dartsim_vendor/lib:/opt/ros/jazzy/opt/gz_cmake_vendor/lib:/opt/ros/jazzy/lib', 'HOME': '/home/loser', 'CHROME_DESKTOP': 'code.desktop', 'TERM_PROGRAM_VERSION': '1.121.0', 'DESKTOP_SESSION': 'ubuntu', 'GIO_LAUNCHED_DESKTOP_FILE': '/usr/share/applications/code.desktop', 'ROS_PYTHON_VERSION': '3', 'GNOME_SHELL_SESSION_MODE': 'ubuntu', 'GTK_MODULES': 'gail:atk-bridge', 'VSCODE_GIT_ASKPASS_MAIN': '/usr/share/code/resources/app/extensions/git/dist/askpass-main.js', 'LC_MONETARY': 'zh_CN.UTF-8', 'VSCODE_GIT_ASKPASS_NODE': '/usr/share/code/code', 'MANAGERPID': '2282', 'SYSTEMD_EXEC_PID': '2501', 'IM_CONFIG_CHECK_ENV': '1', 'VSCODE_PYTHON_AUTOACTIVATE_GUARD': '1', 'GSM_SKIP_SSH_AGENT_WORKAROUND': 'true', 'DBUS_SESSION_BUS_ADDRESS': 'unix:path=/run/user/1000/bus', 'COLORTERM': 'truecolor', 'GIO_LAUNCHED_DESKTOP_FILE_PID': '4584', 'DEBUGINFOD_URLS': 'https://debuginfod.ubuntu.com', 'IM_CONFIG_PHASE': '1', 'WAYLAND_DISPLAY': 'wayland-0', 'ROS_DISTRO': 'jazzy', 'LOGNAME': 'loser', 'JOURNAL_STREAM': '9:28365', '_': '/usr/bin/colcon', 'ROS_VERSION': '2', 'MEMORY_PRESSURE_WATCH': '/sys/fs/cgroup/user.slice/user-1000.slice/user@1000.service/session.slice/org.gnome.Shell@wayland.service/memory.pressure', 'XDG_SESSION_CLASS': 'user', 'USERNAME': 'loser', 'TERM': 'xterm-256color', 'GNOME_DESKTOP_SESSION_ID': 'this-is-deprecated', 'FC_FONTATIONS': '1', 'PATH': '/home/loser/.config/Code/User/globalStorage/github.copilot-chat/debugCommand:/home/loser/.config/Code/User/globalStorage/github.copilot-chat/copilotCli:/opt/ros/jazzy/opt/gz_msgs_vendor/bin:/opt/ros/jazzy/opt/gz_tools_vendor/bin:/opt/ros/jazzy/opt/gz_ogre_next_vendor/bin:/opt/ros/jazzy/bin:/usr/local/sbin:/usr/local/bin:/usr/sbin:/usr/bin:/sbin:/bin:/usr/games:/usr/local/games:/snap/bin:/snap/bin', 'SESSION_MANAGER': 'local/loser-vm:@/tmp/.ICE-unix/2471,unix/loser-vm:/tmp/.ICE-unix/2471', 'INVOCATION_ID': '7445e4fbb8684575a4b0207dba2de19a', 'PAPERSIZE': 'a4', 'XDG_MENU_PREFIX': 'gnome-', 'LC_ADDRESS': 'zh_CN.UTF-8', 'GNOME_SETUP_DISPLAY': ':1', 'XDG_RUNTIME_DIR': '/run/user/1000', 'GDK_BACKEND': 'wayland', 'DISPLAY': ':0', 'LANG': 'zh_CN.UTF-8', 'XDG_CURRENT_DESKTOP': 'ubuntu:GNOME', 'LC_TELEPHONE': 'zh_CN.UTF-8', 'XMODIFIERS': '@im=ibus', 'XDG_SESSION_DESKTOP': 'ubuntu', 'XAUTHORITY': '/run/user/1000/.mutter-Xwaylandauth.9H1UP3', 'LS_COLORS': 'rs=0:di=01;34:ln=01;36:mh=00:pi=40;33:so=01;35:do=01;35:bd=40;33;01:cd=40;33;01:or=40;31;01:mi=00:su=37;41:sg=30;43:ca=00:tw=30;42:ow=34;42:st=37;44:ex=01;32:*.tar=01;31:*.tgz=01;31:*.arc=01;31:*.arj=01;31:*.taz=01;31:*.lha=01;31:*.lz4=01;31:*.lzh=01;31:*.lzma=01;31:*.tlz=01;31:*.txz=01;31:*.tzo=01;31:*.t7z=01;31:*.zip=01;31:*.z=01;31:*.dz=01;31:*.gz=01;31:*.lrz=01;31:*.lz=01;31:*.lzo=01;31:*.xz=01;31:*.zst=01;31:*.tzst=01;31:*.bz2=01;31:*.bz=01;31:*.tbz=01;31:*.tbz2=01;31:*.tz=01;31:*.deb=01;31:*.rpm=01;31:*.jar=01;31:*.war=01;31:*.ear=01;31:*.sar=01;31:*.rar=01;31:*.alz=01;31:*.ace=01;31:*.zoo=01;31:*.cpio=01;31:*.7z=01;31:*.rz=01;31:*.cab=01;31:*.wim=01;31:*.swm=01;31:*.dwm=01;31:*.esd=01;31:*.avif=01;35:*.jpg=01;35:*.jpeg=01;35:*.mjpg=01;35:*.mjpeg=01;35:*.gif=01;35:*.bmp=01;35:*.pbm=01;35:*.pgm=01;35:*.ppm=01;35:*.tga=01;35:*.xbm=01;35:*.xpm=01;35:*.tif=01;35:*.tiff=01;35:*.png=01;35:*.svg=01;35:*.svgz=01;35:*.mng=01;35:*.pcx=01;35:*.mov=01;35:*.mpg=01;35:*.mpeg=01;35:*.m2v=01;35:*.mkv=01;35:*.webm=01;35:*.webp=01;35:*.ogm=01;35:*.mp4=01;35:*.m4v=01;35:*.mp4v=01;35:*.vob=01;35:*.qt=01;35:*.nuv=01;35:*.wmv=01;35:*.asf=01;35:*.rm=01;35:*.rmvb=01;35:*.flc=01;35:*.avi=01;35:*.fli=01;35:*.flv=01;35:*.gl=01;35:*.dl=01;35:*.xcf=01;35:*.xwd=01;35:*.yuv=01;35:*.cgm=01;35:*.emf=01;35:*.ogv=01;35:*.ogx=01;35:*.aac=00;36:*.au=00;36:*.flac=00;36:*.m4a=00;36:*.mid=00;36:*.midi=00;36:*.mka=00;36:*.mp3=00;36:*.mpc=00;36:*.ogg=00;36:*.ra=00;36:*.wav=00;36:*.oga=00;36:*.opus=00;36:*.spx=00;36:*.xspf=00;36:*~=00;90:*#=00;90:*.bak=00;90:*.crdownload=00;90:*.dpkg-dist=00;90:*.dpkg-new=00;90:*.dpkg-old=00;90:*.dpkg-tmp=00;90:*.old=00;90:*.orig=00;90:*.part=00;90:*.rej=00;90:*.rpmnew=00;90:*.rpmorig=00;90:*.rpmsave=00;90:*.swp=00;90:*.tmp=00;90:*.ucf-dist=00;90:*.ucf-new=00;90:*.ucf-old=00;90:', 'VSCODE_GIT_IPC_HANDLE': '/run/user/1000/vscode-git-7f319e5332.sock', 'TERM_PROGRAM': 'vscode', 'SSH_AUTH_SOCK': '/run/user/1000/keyring/ssh', 'AMENT_PREFIX_PATH': '/home/loser/ws01_plumbing/install/base_interfaces_demo:/opt/ros/jazzy', 'SHELL': '/bin/bash', 'LC_NAME': 'zh_CN.UTF-8', 'QT_ACCESSIBILITY': '1', 'GDMSESSION': 'ubuntu', 'LESSCLOSE': '/usr/bin/lesspipe %s %s', 'LC_MEASUREMENT': 'zh_CN.UTF-8', 'GJS_DEBUG_OUTPUT': 'stderr', 'LC_IDENTIFICATION': 'zh_CN.UTF-8', 'ROS_AUTOMATIC_DISCOVERY_RANGE': 'SUBNET', 'VSCODE_GIT_ASKPASS_EXTRA_ARGS': '', 'QT_IM_MODULE': 'ibus', 'PWD': '/home/loser/ws01_plumbing/build/cpp02_service', 'XDG_CONFIG_DIRS': '/etc/xdg/xdg-ubuntu:/etc/xdg', 'XDG_DATA_DIRS': '/usr/share/ubuntu:/usr/share/gnome:/usr/local/share/:/usr/share/:/var/lib/snapd/desktop', 'QTWEBENGINE_DICTIONARIES_PATH': '/usr/share/hunspell-bdic/', 'PYTHONPATH': '/home/loser/ws01_plumbing/install/base_interfaces_demo/lib/python3.12/site-packages:/opt/ros/jazzy/lib/python3.12/site-packages', 'LC_NUMERIC': 'zh_CN.UTF-8', 'LC_PAPER': 'zh_CN.UTF-8', 'COLCON': '1', 'MEMORY_PRESSURE_WRITE': 'c29tZSAyMDAwMDAgMjAwMDAwMAA=', 'CMAKE_PREFIX_PATH': '/home/loser/ws01_plumbing/install/base_interfaces_demo:/opt/ros/jazzy/opt/gz_sim_vendor:/opt/ros/jazzy/opt/gz_sensors_vendor:/opt/ros/jazzy/opt/gz_physics_vendor:/opt/ros/jazzy/opt/sdformat_vendor:/opt/ros/jazzy/opt/gz_gui_vendor:/opt/ros/jazzy/opt/gz_transport_vendor:/opt/ros/jazzy/opt/gz_rendering_vendor:/opt/ros/jazzy/opt/gz_plugin_vendor:/opt/ros/jazzy/opt/gz_fuel_tools_vendor:/opt/ros/jazzy/opt/gz_msgs_vendor:/opt/ros/jazzy/opt/gz_common_vendor:/opt/ros/jazzy/opt/gz_math_vendor:/opt/ros/jazzy/opt/gz_utils_vendor:/opt/ros/jazzy/opt/gz_tools_vendor:/opt/ros/jazzy/opt/gz_ogre_next_vendor:/opt/ros/jazzy/opt/gz_dartsim_vendor:/opt/ros/jazzy/opt/gz_cmake_vendor:/opt/ros/jazzy'}), 'shell': False}
[6.451267] (cpp03_action) JobProgress: {'identifier': 'cpp03_action', 'progress': 'cmake'}
[6.451754] (cpp03_action) Command: {'cmd': ['/usr/bin/cmake', '/home/loser/ws01_plumbing/src/cpp03_action', '-DCMAKE_INSTALL_PREFIX=/home/loser/ws01_plumbing/install/cpp03_action'], 'cwd': '/home/loser/ws01_plumbing/build/cpp03_action', 'env': OrderedDict({'GJS_DEBUG_TOPICS': 'JS ERROR;JS LOG', 'LESSOPEN': '| /usr/bin/lesspipe %s', 'GZ_SIM_RESOURCE_PATH': '/opt/ros/jazzy/share', 'USER': 'loser', 'LC_TIME': 'zh_CN.UTF-8', 'GZ_CONFIG_PATH': '/opt/ros/jazzy/opt/gz_sim_vendor/share/gz:/opt/ros/jazzy/opt/sdformat_vendor/share/gz:/opt/ros/jazzy/opt/gz_gui_vendor/share/gz:/opt/ros/jazzy/opt/gz_transport_vendor/share/gz:/opt/ros/jazzy/opt/gz_rendering_vendor/share/gz:/opt/ros/jazzy/opt/gz_plugin_vendor/share/gz:/opt/ros/jazzy/opt/gz_fuel_tools_vendor/share/gz:/opt/ros/jazzy/opt/gz_msgs_vendor/share/gz:/opt/ros/jazzy/opt/gz_common_vendor/share/gz', 'XDG_SESSION_TYPE': 'wayland', 'GIT_ASKPASS': '/usr/share/code/resources/app/extensions/git/dist/askpass.sh', 'CLUTTER_DISABLE_MIPMAPPED_TEXT': '1', 'SHLVL': '1', 'LIBGL_ALWAYS_SOFTWARE': '1', 'LD_LIBRARY_PATH': '/home/loser/ws01_plumbing/install/base_interfaces_demo/lib:/opt/ros/jazzy/opt/gz_sim_vendor/lib:/opt/ros/jazzy/opt/gz_sensors_vendor/lib:/opt/ros/jazzy/opt/gz_physics_vendor/lib:/opt/ros/jazzy/opt/sdformat_vendor/lib:/opt/ros/jazzy/opt/rviz_ogre_vendor/lib:/opt/ros/jazzy/lib/x86_64-linux-gnu:/opt/ros/jazzy/opt/gz_gui_vendor/lib:/opt/ros/jazzy/opt/gz_transport_vendor/lib:/opt/ros/jazzy/opt/gz_rendering_vendor/lib:/opt/ros/jazzy/opt/gz_plugin_vendor/lib:/opt/ros/jazzy/opt/gz_fuel_tools_vendor/lib:/opt/ros/jazzy/opt/gz_msgs_vendor/lib:/opt/ros/jazzy/opt/gz_common_vendor/lib:/opt/ros/jazzy/opt/gz_math_vendor/lib:/opt/ros/jazzy/opt/gz_utils_vendor/lib:/opt/ros/jazzy/opt/gz_tools_vendor/lib:/opt/ros/jazzy/opt/gz_ogre_next_vendor/lib:/opt/ros/jazzy/opt/gz_dartsim_vendor/lib:/opt/ros/jazzy/opt/gz_cmake_vendor/lib:/opt/ros/jazzy/lib', 'HOME': '/home/loser', 'CHROME_DESKTOP': 'code.desktop', 'TERM_PROGRAM_VERSION': '1.121.0', 'DESKTOP_SESSION': 'ubuntu', 'GIO_LAUNCHED_DESKTOP_FILE': '/usr/share/applications/code.desktop', 'ROS_PYTHON_VERSION': '3', 'GNOME_SHELL_SESSION_MODE': 'ubuntu', 'GTK_MODULES': 'gail:atk-bridge', 'VSCODE_GIT_ASKPASS_MAIN': '/usr/share/code/resources/app/extensions/git/dist/askpass-main.js', 'LC_MONETARY': 'zh_CN.UTF-8', 'VSCODE_GIT_ASKPASS_NODE': '/usr/share/code/code', 'MANAGERPID': '2282', 'SYSTEMD_EXEC_PID': '2501', 'IM_CONFIG_CHECK_ENV': '1', 'VSCODE_PYTHON_AUTOACTIVATE_GUARD': '1', 'GSM_SKIP_SSH_AGENT_WORKAROUND': 'true', 'DBUS_SESSION_BUS_ADDRESS': 'unix:path=/run/user/1000/bus', 'COLORTERM': 'truecolor', 'GIO_LAUNCHED_DESKTOP_FILE_PID': '4584', 'DEBUGINFOD_URLS': 'https://debuginfod.ubuntu.com', 'IM_CONFIG_PHASE': '1', 'WAYLAND_DISPLAY': 'wayland-0', 'ROS_DISTRO': 'jazzy', 'LOGNAME': 'loser', 'JOURNAL_STREAM': '9:28365', '_': '/usr/bin/colcon', 'ROS_VERSION': '2', 'MEMORY_PRESSURE_WATCH': '/sys/fs/cgroup/user.slice/user-1000.slice/user@1000.service/session.slice/org.gnome.Shell@wayland.service/memory.pressure', 'XDG_SESSION_CLASS': 'user', 'USERNAME': 'loser', 'TERM': 'xterm-256color', 'GNOME_DESKTOP_SESSION_ID': 'this-is-deprecated', 'FC_FONTATIONS': '1', 'PATH': '/home/loser/.config/Code/User/globalStorage/github.copilot-chat/debugCommand:/home/loser/.config/Code/User/globalStorage/github.copilot-chat/copilotCli:/opt/ros/jazzy/opt/gz_msgs_vendor/bin:/opt/ros/jazzy/opt/gz_tools_vendor/bin:/opt/ros/jazzy/opt/gz_ogre_next_vendor/bin:/opt/ros/jazzy/bin:/usr/local/sbin:/usr/local/bin:/usr/sbin:/usr/bin:/sbin:/bin:/usr/games:/usr/local/games:/snap/bin:/snap/bin', 'SESSION_MANAGER': 'local/loser-vm:@/tmp/.ICE-unix/2471,unix/loser-vm:/tmp/.ICE-unix/2471', 'INVOCATION_ID': '7445e4fbb8684575a4b0207dba2de19a', 'PAPERSIZE': 'a4', 'XDG_MENU_PREFIX': 'gnome-', 'LC_ADDRESS': 'zh_CN.UTF-8', 'GNOME_SETUP_DISPLAY': ':1', 'XDG_RUNTIME_DIR': '/run/user/1000', 'GDK_BACKEND': 'wayland', 'DISPLAY': ':0', 'LANG': 'zh_CN.UTF-8', 'XDG_CURRENT_DESKTOP': 'ubuntu:GNOME', 'LC_TELEPHONE': 'zh_CN.UTF-8', 'XMODIFIERS': '@im=ibus', 'XDG_SESSION_DESKTOP': 'ubuntu', 'XAUTHORITY': '/run/user/1000/.mutter-Xwaylandauth.9H1UP3', 'LS_COLORS': 'rs=0:di=01;34:ln=01;36:mh=00:pi=40;33:so=01;35:do=01;35:bd=40;33;01:cd=40;33;01:or=40;31;01:mi=00:su=37;41:sg=30;43:ca=00:tw=30;42:ow=34;42:st=37;44:ex=01;32:*.tar=01;31:*.tgz=01;31:*.arc=01;31:*.arj=01;31:*.taz=01;31:*.lha=01;31:*.lz4=01;31:*.lzh=01;31:*.lzma=01;31:*.tlz=01;31:*.txz=01;31:*.tzo=01;31:*.t7z=01;31:*.zip=01;31:*.z=01;31:*.dz=01;31:*.gz=01;31:*.lrz=01;31:*.lz=01;31:*.lzo=01;31:*.xz=01;31:*.zst=01;31:*.tzst=01;31:*.bz2=01;31:*.bz=01;31:*.tbz=01;31:*.tbz2=01;31:*.tz=01;31:*.deb=01;31:*.rpm=01;31:*.jar=01;31:*.war=01;31:*.ear=01;31:*.sar=01;31:*.rar=01;31:*.alz=01;31:*.ace=01;31:*.zoo=01;31:*.cpio=01;31:*.7z=01;31:*.rz=01;31:*.cab=01;31:*.wim=01;31:*.swm=01;31:*.dwm=01;31:*.esd=01;31:*.avif=01;35:*.jpg=01;35:*.jpeg=01;35:*.mjpg=01;35:*.mjpeg=01;35:*.gif=01;35:*.bmp=01;35:*.pbm=01;35:*.pgm=01;35:*.ppm=01;35:*.tga=01;35:*.xbm=01;35:*.xpm=01;35:*.tif=01;35:*.tiff=01;35:*.png=01;35:*.svg=01;35:*.svgz=01;35:*.mng=01;35:*.pcx=01;35:*.mov=01;35:*.mpg=01;35:*.mpeg=01;35:*.m2v=01;35:*.mkv=01;35:*.webm=01;35:*.webp=01;35:*.ogm=01;35:*.mp4=01;35:*.m4v=01;35:*.mp4v=01;35:*.vob=01;35:*.qt=01;35:*.nuv=01;35:*.wmv=01;35:*.asf=01;35:*.rm=01;35:*.rmvb=01;35:*.flc=01;35:*.avi=01;35:*.fli=01;35:*.flv=01;35:*.gl=01;35:*.dl=01;35:*.xcf=01;35:*.xwd=01;35:*.yuv=01;35:*.cgm=01;35:*.emf=01;35:*.ogv=01;35:*.ogx=01;35:*.aac=00;36:*.au=00;36:*.flac=00;36:*.m4a=00;36:*.mid=00;36:*.midi=00;36:*.mka=00;36:*.mp3=00;36:*.mpc=00;36:*.ogg=00;36:*.ra=00;36:*.wav=00;36:*.oga=00;36:*.opus=00;36:*.spx=00;36:*.xspf=00;36:*~=00;90:*#=00;90:*.bak=00;90:*.crdownload=00;90:*.dpkg-dist=00;90:*.dpkg-new=00;90:*.dpkg-old=00;90:*.dpkg-tmp=00;90:*.old=00;90:*.orig=00;90:*.part=00;90:*.rej=00;90:*.rpmnew=00;90:*.rpmorig=00;90:*.rpmsave=00;90:*.swp=00;90:*.tmp=00;90:*.ucf-dist=00;90:*.ucf-new=00;90:*.ucf-old=00;90:', 'VSCODE_GIT_IPC_HANDLE': '/run/user/1000/vscode-git-7f319e5332.sock', 'TERM_PROGRAM': 'vscode', 'SSH_AUTH_SOCK': '/run/user/1000/keyring/ssh', 'AMENT_PREFIX_PATH': '/home/loser/ws01_plumbing/install/base_interfaces_demo:/opt/ros/jazzy', 'SHELL': '/bin/bash', 'LC_NAME': 'zh_CN.UTF-8', 'QT_ACCESSIBILITY': '1', 'GDMSESSION': 'ubuntu', 'LESSCLOSE': '/usr/bin/lesspipe %s %s', 'LC_MEASUREMENT': 'zh_CN.UTF-8', 'GJS_DEBUG_OUTPUT': 'stderr', 'LC_IDENTIFICATION': 'zh_CN.UTF-8', 'ROS_AUTOMATIC_DISCOVERY_RANGE': 'SUBNET', 'VSCODE_GIT_ASKPASS_EXTRA_ARGS': '', 'QT_IM_MODULE': 'ibus', 'PWD': '/home/loser/ws01_plumbing/build/cpp03_action', 'XDG_CONFIG_DIRS': '/etc/xdg/xdg-ubuntu:/etc/xdg', 'XDG_DATA_DIRS': '/usr/share/ubuntu:/usr/share/gnome:/usr/local/share/:/usr/share/:/var/lib/snapd/desktop', 'QTWEBENGINE_DICTIONARIES_PATH': '/usr/share/hunspell-bdic/', 'PYTHONPATH': '/home/loser/ws01_plumbing/install/base_interfaces_demo/lib/python3.12/site-packages:/opt/ros/jazzy/lib/python3.12/site-packages', 'LC_NUMERIC': 'zh_CN.UTF-8', 'LC_PAPER': 'zh_CN.UTF-8', 'COLCON': '1', 'MEMORY_PRESSURE_WRITE': 'c29tZSAyMDAwMDAgMjAwMDAwMAA=', 'CMAKE_PREFIX_PATH': '/home/loser/ws01_plumbing/install/base_interfaces_demo:/opt/ros/jazzy/opt/gz_sim_vendor:/opt/ros/jazzy/opt/gz_sensors_vendor:/opt/ros/jazzy/opt/gz_physics_vendor:/opt/ros/jazzy/opt/sdformat_vendor:/opt/ros/jazzy/opt/gz_gui_vendor:/opt/ros/jazzy/opt/gz_transport_vendor:/opt/ros/jazzy/opt/gz_rendering_vendor:/opt/ros/jazzy/opt/gz_plugin_vendor:/opt/ros/jazzy/opt/gz_fuel_tools_vendor:/opt/ros/jazzy/opt/gz_msgs_vendor:/opt/ros/jazzy/opt/gz_common_vendor:/opt/ros/jazzy/opt/gz_math_vendor:/opt/ros/jazzy/opt/gz_utils_vendor:/opt/ros/jazzy/opt/gz_tools_vendor:/opt/ros/jazzy/opt/gz_ogre_next_vendor:/opt/ros/jazzy/opt/gz_dartsim_vendor:/opt/ros/jazzy/opt/gz_cmake_vendor:/opt/ros/jazzy'}), 'shell': False}
[6.501728] (cpp01_topic) StdoutLine: {'line': b'-- The C compiler identification is GNU 13.3.0\n'}
[6.512178] (cpp03_action) StdoutLine: {'line': b'-- The C compiler identification is GNU 13.3.0\n'}
[6.524300] (cpp02_service) StdoutLine: {'line': b'-- The C compiler identification is GNU 13.3.0\n'}
[6.534545] (-) TimerEvent: {}
[6.549182] (cpp01_topic) StdoutLine: {'line': b'-- The CXX compiler identification is GNU 13.3.0\n'}
[6.553687] (cpp03_action) StdoutLine: {'line': b'-- The CXX compiler identification is GNU 13.3.0\n'}
[6.570881] (cpp03_action) StdoutLine: {'line': b'-- Detecting C compiler ABI info\n'}
[6.576150] (cpp01_topic) StdoutLine: {'line': b'-- Detecting C compiler ABI info\n'}
[6.591213] (cpp02_service) StdoutLine: {'line': b'-- The CXX compiler identification is GNU 13.3.0\n'}
[6.612378] (cpp02_service) StdoutLine: {'line': b'-- Detecting C compiler ABI info\n'}
[6.634638] (-) TimerEvent: {}
[6.688690] (cpp01_topic) StdoutLine: {'line': b'-- Detecting C compiler ABI info - done\n'}
[6.697305] (cpp03_action) StdoutLine: {'line': b'-- Detecting C compiler ABI info - done\n'}
[6.699442] (cpp01_topic) StdoutLine: {'line': b'-- Check for working C compiler: /usr/bin/cc - skipped\n'}
[6.700146] (cpp01_topic) StdoutLine: {'line': b'-- Detecting C compile features\n'}
[6.701146] (cpp01_topic) StdoutLine: {'line': b'-- Detecting C compile features - done\n'}
[6.706075] (cpp03_action) StdoutLine: {'line': b'-- Check for working C compiler: /usr/bin/cc - skipped\n'}
[6.706227] (cpp03_action) StdoutLine: {'line': b'-- Detecting C compile features\n'}
[6.706466] (cpp03_action) StdoutLine: {'line': b'-- Detecting C compile features - done\n'}
[6.712465] (cpp01_topic) StdoutLine: {'line': b'-- Detecting CXX compiler ABI info\n'}
[6.713469] (cpp03_action) StdoutLine: {'line': b'-- Detecting CXX compiler ABI info\n'}
[6.734722] (-) TimerEvent: {}
[6.737394] (cpp02_service) StdoutLine: {'line': b'-- Detecting C compiler ABI info - done\n'}
[6.750313] (cpp02_service) StdoutLine: {'line': b'-- Check for working C compiler: /usr/bin/cc - skipped\n'}
[6.750451] (cpp02_service) StdoutLine: {'line': b'-- Detecting C compile features\n'}
[6.750487] (cpp02_service) StdoutLine: {'line': b'-- Detecting C compile features - done\n'}
[6.762134] (cpp02_service) StdoutLine: {'line': b'-- Detecting CXX compiler ABI info\n'}
[6.834870] (-) TimerEvent: {}
[6.876306] (cpp01_topic) StdoutLine: {'line': b'-- Detecting CXX compiler ABI info - done\n'}
[6.887722] (cpp01_topic) StdoutLine: {'line': b'-- Check for working CXX compiler: /usr/bin/c++ - skipped\n'}
[6.887854] (cpp01_topic) StdoutLine: {'line': b'-- Detecting CXX compile features\n'}
[6.887926] (cpp01_topic) StdoutLine: {'line': b'-- Detecting CXX compile features - done\n'}
[6.890476] (cpp01_topic) StdoutLine: {'line': b'-- Found ament_cmake: 2.5.6 (/opt/ros/jazzy/share/ament_cmake/cmake)\n'}
[6.895148] (cpp03_action) StdoutLine: {'line': b'-- Detecting CXX compiler ABI info - done\n'}
[6.906206] (cpp03_action) StdoutLine: {'line': b'-- Check for working CXX compiler: /usr/bin/c++ - skipped\n'}
[6.906935] (cpp03_action) StdoutLine: {'line': b'-- Detecting CXX compile features\n'}
[6.907009] (cpp03_action) StdoutLine: {'line': b'-- Detecting CXX compile features - done\n'}
[6.920167] (cpp03_action) StdoutLine: {'line': b'-- Found ament_cmake: 2.5.6 (/opt/ros/jazzy/share/ament_cmake/cmake)\n'}
[6.934962] (-) TimerEvent: {}
[6.935583] (cpp02_service) StdoutLine: {'line': b'-- Detecting CXX compiler ABI info - done\n'}
[6.946052] (cpp02_service) StdoutLine: {'line': b'-- Check for working CXX compiler: /usr/bin/c++ - skipped\n'}
[6.946595] (cpp02_service) StdoutLine: {'line': b'-- Detecting CXX compile features\n'}
[6.946915] (cpp02_service) StdoutLine: {'line': b'-- Detecting CXX compile features - done\n'}
[6.952632] (cpp02_service) StdoutLine: {'line': b'-- Found ament_cmake: 2.5.6 (/opt/ros/jazzy/share/ament_cmake/cmake)\n'}
[7.022596] (cpp03_action) StdoutLine: {'line': b'-- Found Python3: /usr/bin/python3 (found version "3.12.3") found components: Interpreter \n'}
[7.035051] (-) TimerEvent: {}
[7.080610] (cpp01_topic) StdoutLine: {'line': b'-- Found Python3: /usr/bin/python3 (found version "3.12.3") found components: Interpreter \n'}
[7.092236] (cpp02_service) StdoutLine: {'line': b'-- Found Python3: /usr/bin/python3 (found version "3.12.3") found components: Interpreter \n'}
[7.119060] (cpp03_action) StdoutLine: {'line': b'-- Found rclcpp: 28.1.18 (/opt/ros/jazzy/share/rclcpp/cmake)\n'}
[7.135144] (-) TimerEvent: {}
[7.156289] (cpp03_action) StdoutLine: {'line': b'-- Found rosidl_generator_c: 4.6.7 (/opt/ros/jazzy/share/rosidl_generator_c/cmake)\n'}
[7.167140] (cpp03_action) StdoutLine: {'line': b'-- Found rosidl_generator_cpp: 4.6.7 (/opt/ros/jazzy/share/rosidl_generator_cpp/cmake)\n'}
[7.181916] (cpp03_action) StdoutLine: {'line': b'-- Using all available rosidl_typesupport_c: rosidl_typesupport_fastrtps_c;rosidl_typesupport_introspection_c\n'}
[7.204115] (cpp03_action) StdoutLine: {'line': b'-- Using all available rosidl_typesupport_cpp: rosidl_typesupport_fastrtps_cpp;rosidl_typesupport_introspection_cpp\n'}
[7.231195] (cpp01_topic) StdoutLine: {'line': b'-- Found rclcpp: 28.1.18 (/opt/ros/jazzy/share/rclcpp/cmake)\n'}
[7.235261] (-) TimerEvent: {}
[7.243170] (cpp02_service) StdoutLine: {'line': b'-- Found rclcpp: 28.1.18 (/opt/ros/jazzy/share/rclcpp/cmake)\n'}
[7.273177] (cpp03_action) StdoutLine: {'line': b'-- Found rmw_implementation_cmake: 7.3.3 (/opt/ros/jazzy/share/rmw_implementation_cmake/cmake)\n'}
[7.276198] (cpp03_action) StdoutLine: {'line': b'-- Found rmw_fastrtps_cpp: 8.4.3 (/opt/ros/jazzy/share/rmw_fastrtps_cpp/cmake)\n'}
[7.285122] (cpp02_service) StdoutLine: {'line': b'-- Found rosidl_generator_c: 4.6.7 (/opt/ros/jazzy/share/rosidl_generator_c/cmake)\n'}
[7.296010] (cpp02_service) StdoutLine: {'line': b'-- Found rosidl_generator_cpp: 4.6.7 (/opt/ros/jazzy/share/rosidl_generator_cpp/cmake)\n'}
[7.306562] (cpp01_topic) StdoutLine: {'line': b'-- Found rosidl_generator_c: 4.6.7 (/opt/ros/jazzy/share/rosidl_generator_c/cmake)\n'}
[7.308665] (cpp02_service) StdoutLine: {'line': b'-- Using all available rosidl_typesupport_c: rosidl_typesupport_fastrtps_c;rosidl_typesupport_introspection_c\n'}
[7.326158] (cpp02_service) StdoutLine: {'line': b'-- Using all available rosidl_typesupport_cpp: rosidl_typesupport_fastrtps_cpp;rosidl_typesupport_introspection_cpp\n'}
[7.335373] (-) TimerEvent: {}
[7.342148] (cpp01_topic) StdoutLine: {'line': b'-- Found rosidl_generator_cpp: 4.6.7 (/opt/ros/jazzy/share/rosidl_generator_cpp/cmake)\n'}
[7.368512] (cpp01_topic) StdoutLine: {'line': b'-- Using all available rosidl_typesupport_c: rosidl_typesupport_fastrtps_c;rosidl_typesupport_introspection_c\n'}
[7.393590] (cpp02_service) StdoutLine: {'line': b'-- Found rmw_implementation_cmake: 7.3.3 (/opt/ros/jazzy/share/rmw_implementation_cmake/cmake)\n'}
[7.394455] (py01_topic) Command: {'cmd': ['/usr/bin/python3', '-W', 'ignore:setup.py install is deprecated', '-W', 'ignore:easy_install command is deprecated', 'setup.py', 'egg_info', '--egg-base', '../../build/py01_topic', 'build', '--build-base', '/home/loser/ws01_plumbing/build/py01_topic/build', 'install', '--record', '/home/loser/ws01_plumbing/build/py01_topic/install.log', '--single-version-externally-managed', 'install_data'], 'cwd': '/home/loser/ws01_plumbing/src/py01_topic', 'env': {'GJS_DEBUG_TOPICS': 'JS ERROR;JS LOG', 'LESSOPEN': '| /usr/bin/lesspipe %s', 'GZ_SIM_RESOURCE_PATH': '/opt/ros/jazzy/share', 'USER': 'loser', 'LC_TIME': 'zh_CN.UTF-8', 'GZ_CONFIG_PATH': '/opt/ros/jazzy/opt/gz_sim_vendor/share/gz:/opt/ros/jazzy/opt/sdformat_vendor/share/gz:/opt/ros/jazzy/opt/gz_gui_vendor/share/gz:/opt/ros/jazzy/opt/gz_transport_vendor/share/gz:/opt/ros/jazzy/opt/gz_rendering_vendor/share/gz:/opt/ros/jazzy/opt/gz_plugin_vendor/share/gz:/opt/ros/jazzy/opt/gz_fuel_tools_vendor/share/gz:/opt/ros/jazzy/opt/gz_msgs_vendor/share/gz:/opt/ros/jazzy/opt/gz_common_vendor/share/gz', 'XDG_SESSION_TYPE': 'wayland', 'GIT_ASKPASS': '/usr/share/code/resources/app/extensions/git/dist/askpass.sh', 'CLUTTER_DISABLE_MIPMAPPED_TEXT': '1', 'SHLVL': '1', 'LIBGL_ALWAYS_SOFTWARE': '1', 'LD_LIBRARY_PATH': '/home/loser/ws01_plumbing/install/base_interfaces_demo/lib:/opt/ros/jazzy/opt/gz_sim_vendor/lib:/opt/ros/jazzy/opt/gz_sensors_vendor/lib:/opt/ros/jazzy/opt/gz_physics_vendor/lib:/opt/ros/jazzy/opt/sdformat_vendor/lib:/opt/ros/jazzy/opt/rviz_ogre_vendor/lib:/opt/ros/jazzy/lib/x86_64-linux-gnu:/opt/ros/jazzy/opt/gz_gui_vendor/lib:/opt/ros/jazzy/opt/gz_transport_vendor/lib:/opt/ros/jazzy/opt/gz_rendering_vendor/lib:/opt/ros/jazzy/opt/gz_plugin_vendor/lib:/opt/ros/jazzy/opt/gz_fuel_tools_vendor/lib:/opt/ros/jazzy/opt/gz_msgs_vendor/lib:/opt/ros/jazzy/opt/gz_common_vendor/lib:/opt/ros/jazzy/opt/gz_math_vendor/lib:/opt/ros/jazzy/opt/gz_utils_vendor/lib:/opt/ros/jazzy/opt/gz_tools_vendor/lib:/opt/ros/jazzy/opt/gz_ogre_next_vendor/lib:/opt/ros/jazzy/opt/gz_dartsim_vendor/lib:/opt/ros/jazzy/opt/gz_cmake_vendor/lib:/opt/ros/jazzy/lib', 'HOME': '/home/loser', 'CHROME_DESKTOP': 'code.desktop', 'TERM_PROGRAM_VERSION': '1.121.0', 'DESKTOP_SESSION': 'ubuntu', 'GIO_LAUNCHED_DESKTOP_FILE': '/usr/share/applications/code.desktop', 'ROS_PYTHON_VERSION': '3', 'GNOME_SHELL_SESSION_MODE': 'ubuntu', 'GTK_MODULES': 'gail:atk-bridge', 'VSCODE_GIT_ASKPASS_MAIN': '/usr/share/code/resources/app/extensions/git/dist/askpass-main.js', 'LC_MONETARY': 'zh_CN.UTF-8', 'VSCODE_GIT_ASKPASS_NODE': '/usr/share/code/code', 'MANAGERPID': '2282', 'SYSTEMD_EXEC_PID': '2501', 'IM_CONFIG_CHECK_ENV': '1', 'VSCODE_PYTHON_AUTOACTIVATE_GUARD': '1', 'GSM_SKIP_SSH_AGENT_WORKAROUND': 'true', 'DBUS_SESSION_BUS_ADDRESS': 'unix:path=/run/user/1000/bus', 'COLORTERM': 'truecolor', 'GIO_LAUNCHED_DESKTOP_FILE_PID': '4584', 'DEBUGINFOD_URLS': 'https://debuginfod.ubuntu.com', 'IM_CONFIG_PHASE': '1', 'WAYLAND_DISPLAY': 'wayland-0', 'ROS_DISTRO': 'jazzy', 'LOGNAME': 'loser', 'JOURNAL_STREAM': '9:28365', '_': '/usr/bin/colcon', 'ROS_VERSION': '2', 'MEMORY_PRESSURE_WATCH': '/sys/fs/cgroup/user.slice/user-1000.slice/user@1000.service/session.slice/org.gnome.Shell@wayland.service/memory.pressure', 'XDG_SESSION_CLASS': 'user', 'USERNAME': 'loser', 'TERM': 'xterm-256color', 'GNOME_DESKTOP_SESSION_ID': 'this-is-deprecated', 'FC_FONTATIONS': '1', 'PATH': '/home/loser/.config/Code/User/globalStorage/github.copilot-chat/debugCommand:/home/loser/.config/Code/User/globalStorage/github.copilot-chat/copilotCli:/opt/ros/jazzy/opt/gz_msgs_vendor/bin:/opt/ros/jazzy/opt/gz_tools_vendor/bin:/opt/ros/jazzy/opt/gz_ogre_next_vendor/bin:/opt/ros/jazzy/bin:/usr/local/sbin:/usr/local/bin:/usr/sbin:/usr/bin:/sbin:/bin:/usr/games:/usr/local/games:/snap/bin:/snap/bin', 'SESSION_MANAGER': 'local/loser-vm:@/tmp/.ICE-unix/2471,unix/loser-vm:/tmp/.ICE-unix/2471', 'INVOCATION_ID': '7445e4fbb8684575a4b0207dba2de19a', 'PAPERSIZE': 'a4', 'XDG_MENU_PREFIX': 'gnome-', 'LC_ADDRESS': 'zh_CN.UTF-8', 'GNOME_SETUP_DISPLAY': ':1', 'XDG_RUNTIME_DIR': '/run/user/1000', 'GDK_BACKEND': 'wayland', 'DISPLAY': ':0', 'LANG': 'zh_CN.UTF-8', 'XDG_CURRENT_DESKTOP': 'ubuntu:GNOME', 'LC_TELEPHONE': 'zh_CN.UTF-8', 'XMODIFIERS': '@im=ibus', 'XDG_SESSION_DESKTOP': 'ubuntu', 'XAUTHORITY': '/run/user/1000/.mutter-Xwaylandauth.9H1UP3', 'LS_COLORS': 'rs=0:di=01;34:ln=01;36:mh=00:pi=40;33:so=01;35:do=01;35:bd=40;33;01:cd=40;33;01:or=40;31;01:mi=00:su=37;41:sg=30;43:ca=00:tw=30;42:ow=34;42:st=37;44:ex=01;32:*.tar=01;31:*.tgz=01;31:*.arc=01;31:*.arj=01;31:*.taz=01;31:*.lha=01;31:*.lz4=01;31:*.lzh=01;31:*.lzma=01;31:*.tlz=01;31:*.txz=01;31:*.tzo=01;31:*.t7z=01;31:*.zip=01;31:*.z=01;31:*.dz=01;31:*.gz=01;31:*.lrz=01;31:*.lz=01;31:*.lzo=01;31:*.xz=01;31:*.zst=01;31:*.tzst=01;31:*.bz2=01;31:*.bz=01;31:*.tbz=01;31:*.tbz2=01;31:*.tz=01;31:*.deb=01;31:*.rpm=01;31:*.jar=01;31:*.war=01;31:*.ear=01;31:*.sar=01;31:*.rar=01;31:*.alz=01;31:*.ace=01;31:*.zoo=01;31:*.cpio=01;31:*.7z=01;31:*.rz=01;31:*.cab=01;31:*.wim=01;31:*.swm=01;31:*.dwm=01;31:*.esd=01;31:*.avif=01;35:*.jpg=01;35:*.jpeg=01;35:*.mjpg=01;35:*.mjpeg=01;35:*.gif=01;35:*.bmp=01;35:*.pbm=01;35:*.pgm=01;35:*.ppm=01;35:*.tga=01;35:*.xbm=01;35:*.xpm=01;35:*.tif=01;35:*.tiff=01;35:*.png=01;35:*.svg=01;35:*.svgz=01;35:*.mng=01;35:*.pcx=01;35:*.mov=01;35:*.mpg=01;35:*.mpeg=01;35:*.m2v=01;35:*.mkv=01;35:*.webm=01;35:*.webp=01;35:*.ogm=01;35:*.mp4=01;35:*.m4v=01;35:*.mp4v=01;35:*.vob=01;35:*.qt=01;35:*.nuv=01;35:*.wmv=01;35:*.asf=01;35:*.rm=01;35:*.rmvb=01;35:*.flc=01;35:*.avi=01;35:*.fli=01;35:*.flv=01;35:*.gl=01;35:*.dl=01;35:*.xcf=01;35:*.xwd=01;35:*.yuv=01;35:*.cgm=01;35:*.emf=01;35:*.ogv=01;35:*.ogx=01;35:*.aac=00;36:*.au=00;36:*.flac=00;36:*.m4a=00;36:*.mid=00;36:*.midi=00;36:*.mka=00;36:*.mp3=00;36:*.mpc=00;36:*.ogg=00;36:*.ra=00;36:*.wav=00;36:*.oga=00;36:*.opus=00;36:*.spx=00;36:*.xspf=00;36:*~=00;90:*#=00;90:*.bak=00;90:*.crdownload=00;90:*.dpkg-dist=00;90:*.dpkg-new=00;90:*.dpkg-old=00;90:*.dpkg-tmp=00;90:*.old=00;90:*.orig=00;90:*.part=00;90:*.rej=00;90:*.rpmnew=00;90:*.rpmorig=00;90:*.rpmsave=00;90:*.swp=00;90:*.tmp=00;90:*.ucf-dist=00;90:*.ucf-new=00;90:*.ucf-old=00;90:', 'VSCODE_GIT_IPC_HANDLE': '/run/user/1000/vscode-git-7f319e5332.sock', 'TERM_PROGRAM': 'vscode', 'SSH_AUTH_SOCK': '/run/user/1000/keyring/ssh', 'AMENT_PREFIX_PATH': '/home/loser/ws01_plumbing/install/base_interfaces_demo:/opt/ros/jazzy', 'SHELL': '/bin/bash', 'LC_NAME': 'zh_CN.UTF-8', 'QT_ACCESSIBILITY': '1', 'GDMSESSION': 'ubuntu', 'LESSCLOSE': '/usr/bin/lesspipe %s %s', 'LC_MEASUREMENT': 'zh_CN.UTF-8', 'GJS_DEBUG_OUTPUT': 'stderr', 'LC_IDENTIFICATION': 'zh_CN.UTF-8', 'ROS_AUTOMATIC_DISCOVERY_RANGE': 'SUBNET', 'VSCODE_GIT_ASKPASS_EXTRA_ARGS': '', 'QT_IM_MODULE': 'ibus', 'PWD': '/home/loser/ws01_plumbing/build/py01_topic', 'XDG_CONFIG_DIRS': '/etc/xdg/xdg-ubuntu:/etc/xdg', 'XDG_DATA_DIRS': '/usr/share/ubuntu:/usr/share/gnome:/usr/local/share/:/usr/share/:/var/lib/snapd/desktop', 'QTWEBENGINE_DICTIONARIES_PATH': '/usr/share/hunspell-bdic/', 'PYTHONPATH': '/home/loser/ws01_plumbing/build/py01_topic/prefix_override:/usr/lib/python3/dist-packages/colcon_core/task/python/colcon_distutils_commands:/home/loser/ws01_plumbing/install/py01_topic/lib/python3.12/site-packages:/home/loser/ws01_plumbing/install/base_interfaces_demo/lib/python3.12/site-packages:/opt/ros/jazzy/lib/python3.12/site-packages', 'LC_NUMERIC': 'zh_CN.UTF-8', 'LC_PAPER': 'zh_CN.UTF-8', 'COLCON': '1', 'MEMORY_PRESSURE_WRITE': 'c29tZSAyMDAwMDAgMjAwMDAwMAA=', 'CMAKE_PREFIX_PATH': '/home/loser/ws01_plumbing/install/base_interfaces_demo:/opt/ros/jazzy/opt/gz_sim_vendor:/opt/ros/jazzy/opt/gz_sensors_vendor:/opt/ros/jazzy/opt/gz_physics_vendor:/opt/ros/jazzy/opt/sdformat_vendor:/opt/ros/jazzy/opt/gz_gui_vendor:/opt/ros/jazzy/opt/gz_transport_vendor:/opt/ros/jazzy/opt/gz_rendering_vendor:/opt/ros/jazzy/opt/gz_plugin_vendor:/opt/ros/jazzy/opt/gz_fuel_tools_vendor:/opt/ros/jazzy/opt/gz_msgs_vendor:/opt/ros/jazzy/opt/gz_common_vendor:/opt/ros/jazzy/opt/gz_math_vendor:/opt/ros/jazzy/opt/gz_utils_vendor:/opt/ros/jazzy/opt/gz_tools_vendor:/opt/ros/jazzy/opt/gz_ogre_next_vendor:/opt/ros/jazzy/opt/gz_dartsim_vendor:/opt/ros/jazzy/opt/gz_cmake_vendor'}, 'shell': False}
[7.396061] (cpp02_service) StdoutLine: {'line': b'-- Found rmw_fastrtps_cpp: 8.4.3 (/opt/ros/jazzy/share/rmw_fastrtps_cpp/cmake)\n'}
[7.396712] (cpp01_topic) StdoutLine: {'line': b'-- Using all available rosidl_typesupport_cpp: rosidl_typesupport_fastrtps_cpp;rosidl_typesupport_introspection_cpp\n'}
[7.401274] (cpp03_action) StdoutLine: {'line': b'-- Found OpenSSL: /usr/lib/x86_64-linux-gnu/libcrypto.so (found version "3.0.13")  \n'}
[7.437531] (cpp03_action) StdoutLine: {'line': b'-- Found FastRTPS: /opt/ros/jazzy/include (Required is at least version "2.13") \n'}
[7.437677] (-) TimerEvent: {}
[7.463753] (cpp03_action) StdoutLine: {'line': b"-- Using RMW implementation 'rmw_fastrtps_cpp' as default\n"}
[7.469161] (cpp02_service) StdoutLine: {'line': b'-- Found OpenSSL: /usr/lib/x86_64-linux-gnu/libcrypto.so (found version "3.0.13")  \n'}
[7.482428] (cpp02_service) StdoutLine: {'line': b'-- Found FastRTPS: /opt/ros/jazzy/include (Required is at least version "2.13") \n'}
[7.509122] (cpp02_service) StdoutLine: {'line': b"-- Using RMW implementation 'rmw_fastrtps_cpp' as default\n"}
[7.516198] (cpp01_topic) StdoutLine: {'line': b'-- Found rmw_implementation_cmake: 7.3.3 (/opt/ros/jazzy/share/rmw_implementation_cmake/cmake)\n'}
[7.519720] (cpp01_topic) StdoutLine: {'line': b'-- Found rmw_fastrtps_cpp: 8.4.3 (/opt/ros/jazzy/share/rmw_fastrtps_cpp/cmake)\n'}
[7.537766] (-) TimerEvent: {}
[7.562897] (cpp02_service) StdoutLine: {'line': b'-- Found base_interfaces_demo: 0.0.0 (/home/loser/ws01_plumbing/install/base_interfaces_demo/share/base_interfaces_demo/cmake)\n'}
[7.577120] (cpp03_action) StdoutLine: {'line': b'-- Found base_interfaces_demo: 0.0.0 (/home/loser/ws01_plumbing/install/base_interfaces_demo/share/base_interfaces_demo/cmake)\n'}
[7.588886] (cpp01_topic) StdoutLine: {'line': b'-- Found OpenSSL: /usr/lib/x86_64-linux-gnu/libcrypto.so (found version "3.0.13")  \n'}
[7.601163] (cpp02_service) StdoutLine: {'line': b'-- Found ament_lint_auto: 0.17.5 (/opt/ros/jazzy/share/ament_lint_auto/cmake)\n'}
[7.604105] (cpp01_topic) StdoutLine: {'line': b'-- Found FastRTPS: /opt/ros/jazzy/include (Required is at least version "2.13") \n'}
[7.621853] (cpp01_topic) StdoutLine: {'line': b"-- Using RMW implementation 'rmw_fastrtps_cpp' as default\n"}
[7.637851] (-) TimerEvent: {}
[7.657139] (cpp03_action) StdoutLine: {'line': b'-- Found rclcpp_action: 28.1.18 (/opt/ros/jazzy/share/rclcpp_action/cmake)\n'}
[7.672238] (cpp03_action) StdoutLine: {'line': b'-- Found ament_lint_auto: 0.17.5 (/opt/ros/jazzy/share/ament_lint_auto/cmake)\n'}
[7.680166] (cpp01_topic) StdoutLine: {'line': b'-- Found std_msgs: 5.3.7 (/opt/ros/jazzy/share/std_msgs/cmake)\n'}
[7.680462] (cpp02_service) StdoutLine: {'line': b"-- Added test 'cppcheck' to perform static code analysis on C / C++ code\n"}
[7.680937] (cpp02_service) StdoutLine: {'line': b'-- Configured cppcheck include dirs: $<BUILD_INTERFACE:/home/loser/ws01_plumbing/src/cpp02_service/include>\n'}
[7.680983] (cpp02_service) StdoutLine: {'line': b'-- Configured cppcheck exclude dirs and/or files: \n'}
[7.682320] (py01_topic) StdoutLine: {'line': b'running egg_info\n'}
[7.682725] (cpp02_service) StdoutLine: {'line': b"-- Added test 'lint_cmake' to check CMake code style\n"}
[7.682775] (cpp02_service) StdoutLine: {'line': b"-- Added test 'uncrustify' to check C / C++ code style\n"}
[7.682806] (cpp02_service) StdoutLine: {'line': b'-- Configured uncrustify additional arguments: \n'}
[7.682831] (cpp02_service) StdoutLine: {'line': b"-- Added test 'xmllint' to check XML markup files\n"}
[7.683371] (cpp02_service) StdoutLine: {'line': b'-- Configuring done (1.2s)\n'}
[7.683890] (py01_topic) StdoutLine: {'line': b'creating ../../build/py01_topic/py01_topic.egg-info\n'}
[7.692208] (cpp02_service) StdoutLine: {'line': b'-- Generating done (0.0s)\n'}
[7.693391] (py01_topic) StdoutLine: {'line': b'writing ../../build/py01_topic/py01_topic.egg-info/PKG-INFO\n'}
[7.693454] (py01_topic) StdoutLine: {'line': b'writing dependency_links to ../../build/py01_topic/py01_topic.egg-info/dependency_links.txt\n'}
[7.693486] (py01_topic) StdoutLine: {'line': b'writing entry points to ../../build/py01_topic/py01_topic.egg-info/entry_points.txt\n'}
[7.693514] (py01_topic) StdoutLine: {'line': b'writing requirements to ../../build/py01_topic/py01_topic.egg-info/requires.txt\n'}
[7.693540] (py01_topic) StdoutLine: {'line': b'writing top-level names to ../../build/py01_topic/py01_topic.egg-info/top_level.txt\n'}
[7.695124] (cpp02_service) StdoutLine: {'line': b'-- Build files have been written to: /home/loser/ws01_plumbing/build/cpp02_service\n'}
[7.696127] (py01_topic) StdoutLine: {'line': b"writing manifest file '../../build/py01_topic/py01_topic.egg-info/SOURCES.txt'\n"}
[7.700105] (cpp01_topic) StdoutLine: {'line': b'-- Found base_interfaces_demo: 0.0.0 (/home/loser/ws01_plumbing/install/base_interfaces_demo/share/base_interfaces_demo/cmake)\n'}
[7.702057] (cpp02_service) CommandEnded: {'returncode': 0}
[7.702246] (cpp02_service) JobProgress: {'identifier': 'cpp02_service', 'progress': 'build'}
[7.702258] (cpp02_service) Command: {'cmd': ['/usr/bin/cmake', '--build', '/home/loser/ws01_plumbing/build/cpp02_service', '--', '-j4', '-l4'], 'cwd': '/home/loser/ws01_plumbing/build/cpp02_service', 'env': OrderedDict({'GJS_DEBUG_TOPICS': 'JS ERROR;JS LOG', 'LESSOPEN': '| /usr/bin/lesspipe %s', 'GZ_SIM_RESOURCE_PATH': '/opt/ros/jazzy/share', 'USER': 'loser', 'LC_TIME': 'zh_CN.UTF-8', 'GZ_CONFIG_PATH': '/opt/ros/jazzy/opt/gz_sim_vendor/share/gz:/opt/ros/jazzy/opt/sdformat_vendor/share/gz:/opt/ros/jazzy/opt/gz_gui_vendor/share/gz:/opt/ros/jazzy/opt/gz_transport_vendor/share/gz:/opt/ros/jazzy/opt/gz_rendering_vendor/share/gz:/opt/ros/jazzy/opt/gz_plugin_vendor/share/gz:/opt/ros/jazzy/opt/gz_fuel_tools_vendor/share/gz:/opt/ros/jazzy/opt/gz_msgs_vendor/share/gz:/opt/ros/jazzy/opt/gz_common_vendor/share/gz', 'XDG_SESSION_TYPE': 'wayland', 'GIT_ASKPASS': '/usr/share/code/resources/app/extensions/git/dist/askpass.sh', 'CLUTTER_DISABLE_MIPMAPPED_TEXT': '1', 'SHLVL': '1', 'LIBGL_ALWAYS_SOFTWARE': '1', 'LD_LIBRARY_PATH': '/home/loser/ws01_plumbing/install/base_interfaces_demo/lib:/opt/ros/jazzy/opt/gz_sim_vendor/lib:/opt/ros/jazzy/opt/gz_sensors_vendor/lib:/opt/ros/jazzy/opt/gz_physics_vendor/lib:/opt/ros/jazzy/opt/sdformat_vendor/lib:/opt/ros/jazzy/opt/rviz_ogre_vendor/lib:/opt/ros/jazzy/lib/x86_64-linux-gnu:/opt/ros/jazzy/opt/gz_gui_vendor/lib:/opt/ros/jazzy/opt/gz_transport_vendor/lib:/opt/ros/jazzy/opt/gz_rendering_vendor/lib:/opt/ros/jazzy/opt/gz_plugin_vendor/lib:/opt/ros/jazzy/opt/gz_fuel_tools_vendor/lib:/opt/ros/jazzy/opt/gz_msgs_vendor/lib:/opt/ros/jazzy/opt/gz_common_vendor/lib:/opt/ros/jazzy/opt/gz_math_vendor/lib:/opt/ros/jazzy/opt/gz_utils_vendor/lib:/opt/ros/jazzy/opt/gz_tools_vendor/lib:/opt/ros/jazzy/opt/gz_ogre_next_vendor/lib:/opt/ros/jazzy/opt/gz_dartsim_vendor/lib:/opt/ros/jazzy/opt/gz_cmake_vendor/lib:/opt/ros/jazzy/lib', 'HOME': '/home/loser', 'CHROME_DESKTOP': 'code.desktop', 'TERM_PROGRAM_VERSION': '1.121.0', 'DESKTOP_SESSION': 'ubuntu', 'GIO_LAUNCHED_DESKTOP_FILE': '/usr/share/applications/code.desktop', 'ROS_PYTHON_VERSION': '3', 'GNOME_SHELL_SESSION_MODE': 'ubuntu', 'GTK_MODULES': 'gail:atk-bridge', 'VSCODE_GIT_ASKPASS_MAIN': '/usr/share/code/resources/app/extensions/git/dist/askpass-main.js', 'LC_MONETARY': 'zh_CN.UTF-8', 'VSCODE_GIT_ASKPASS_NODE': '/usr/share/code/code', 'MANAGERPID': '2282', 'SYSTEMD_EXEC_PID': '2501', 'IM_CONFIG_CHECK_ENV': '1', 'VSCODE_PYTHON_AUTOACTIVATE_GUARD': '1', 'GSM_SKIP_SSH_AGENT_WORKAROUND': 'true', 'DBUS_SESSION_BUS_ADDRESS': 'unix:path=/run/user/1000/bus', 'COLORTERM': 'truecolor', 'GIO_LAUNCHED_DESKTOP_FILE_PID': '4584', 'DEBUGINFOD_URLS': 'https://debuginfod.ubuntu.com', 'IM_CONFIG_PHASE': '1', 'WAYLAND_DISPLAY': 'wayland-0', 'ROS_DISTRO': 'jazzy', 'LOGNAME': 'loser', 'JOURNAL_STREAM': '9:28365', '_': '/usr/bin/colcon', 'ROS_VERSION': '2', 'MEMORY_PRESSURE_WATCH': '/sys/fs/cgroup/user.slice/user-1000.slice/user@1000.service/session.slice/org.gnome.Shell@wayland.service/memory.pressure', 'XDG_SESSION_CLASS': 'user', 'USERNAME': 'loser', 'TERM': 'xterm-256color', 'GNOME_DESKTOP_SESSION_ID': 'this-is-deprecated', 'FC_FONTATIONS': '1', 'PATH': '/home/loser/.config/Code/User/globalStorage/github.copilot-chat/debugCommand:/home/loser/.config/Code/User/globalStorage/github.copilot-chat/copilotCli:/opt/ros/jazzy/opt/gz_msgs_vendor/bin:/opt/ros/jazzy/opt/gz_tools_vendor/bin:/opt/ros/jazzy/opt/gz_ogre_next_vendor/bin:/opt/ros/jazzy/bin:/usr/local/sbin:/usr/local/bin:/usr/sbin:/usr/bin:/sbin:/bin:/usr/games:/usr/local/games:/snap/bin:/snap/bin', 'SESSION_MANAGER': 'local/loser-vm:@/tmp/.ICE-unix/2471,unix/loser-vm:/tmp/.ICE-unix/2471', 'INVOCATION_ID': '7445e4fbb8684575a4b0207dba2de19a', 'PAPERSIZE': 'a4', 'XDG_MENU_PREFIX': 'gnome-', 'LC_ADDRESS': 'zh_CN.UTF-8', 'GNOME_SETUP_DISPLAY': ':1', 'XDG_RUNTIME_DIR': '/run/user/1000', 'GDK_BACKEND': 'wayland', 'DISPLAY': ':0', 'LANG': 'zh_CN.UTF-8', 'XDG_CURRENT_DESKTOP': 'ubuntu:GNOME', 'LC_TELEPHONE': 'zh_CN.UTF-8', 'XMODIFIERS': '@im=ibus', 'XDG_SESSION_DESKTOP': 'ubuntu', 'XAUTHORITY': '/run/user/1000/.mutter-Xwaylandauth.9H1UP3', 'LS_COLORS': 'rs=0:di=01;34:ln=01;36:mh=00:pi=40;33:so=01;35:do=01;35:bd=40;33;01:cd=40;33;01:or=40;31;01:mi=00:su=37;41:sg=30;43:ca=00:tw=30;42:ow=34;42:st=37;44:ex=01;32:*.tar=01;31:*.tgz=01;31:*.arc=01;31:*.arj=01;31:*.taz=01;31:*.lha=01;31:*.lz4=01;31:*.lzh=01;31:*.lzma=01;31:*.tlz=01;31:*.txz=01;31:*.tzo=01;31:*.t7z=01;31:*.zip=01;31:*.z=01;31:*.dz=01;31:*.gz=01;31:*.lrz=01;31:*.lz=01;31:*.lzo=01;31:*.xz=01;31:*.zst=01;31:*.tzst=01;31:*.bz2=01;31:*.bz=01;31:*.tbz=01;31:*.tbz2=01;31:*.tz=01;31:*.deb=01;31:*.rpm=01;31:*.jar=01;31:*.war=01;31:*.ear=01;31:*.sar=01;31:*.rar=01;31:*.alz=01;31:*.ace=01;31:*.zoo=01;31:*.cpio=01;31:*.7z=01;31:*.rz=01;31:*.cab=01;31:*.wim=01;31:*.swm=01;31:*.dwm=01;31:*.esd=01;31:*.avif=01;35:*.jpg=01;35:*.jpeg=01;35:*.mjpg=01;35:*.mjpeg=01;35:*.gif=01;35:*.bmp=01;35:*.pbm=01;35:*.pgm=01;35:*.ppm=01;35:*.tga=01;35:*.xbm=01;35:*.xpm=01;35:*.tif=01;35:*.tiff=01;35:*.png=01;35:*.svg=01;35:*.svgz=01;35:*.mng=01;35:*.pcx=01;35:*.mov=01;35:*.mpg=01;35:*.mpeg=01;35:*.m2v=01;35:*.mkv=01;35:*.webm=01;35:*.webp=01;35:*.ogm=01;35:*.mp4=01;35:*.m4v=01;35:*.mp4v=01;35:*.vob=01;35:*.qt=01;35:*.nuv=01;35:*.wmv=01;35:*.asf=01;35:*.rm=01;35:*.rmvb=01;35:*.flc=01;35:*.avi=01;35:*.fli=01;35:*.flv=01;35:*.gl=01;35:*.dl=01;35:*.xcf=01;35:*.xwd=01;35:*.yuv=01;35:*.cgm=01;35:*.emf=01;35:*.ogv=01;35:*.ogx=01;35:*.aac=00;36:*.au=00;36:*.flac=00;36:*.m4a=00;36:*.mid=00;36:*.midi=00;36:*.mka=00;36:*.mp3=00;36:*.mpc=00;36:*.ogg=00;36:*.ra=00;36:*.wav=00;36:*.oga=00;36:*.opus=00;36:*.spx=00;36:*.xspf=00;36:*~=00;90:*#=00;90:*.bak=00;90:*.crdownload=00;90:*.dpkg-dist=00;90:*.dpkg-new=00;90:*.dpkg-old=00;90:*.dpkg-tmp=00;90:*.old=00;90:*.orig=00;90:*.part=00;90:*.rej=00;90:*.rpmnew=00;90:*.rpmorig=00;90:*.rpmsave=00;90:*.swp=00;90:*.tmp=00;90:*.ucf-dist=00;90:*.ucf-new=00;90:*.ucf-old=00;90:', 'VSCODE_GIT_IPC_HANDLE': '/run/user/1000/vscode-git-7f319e5332.sock', 'TERM_PROGRAM': 'vscode', 'SSH_AUTH_SOCK': '/run/user/1000/keyring/ssh', 'AMENT_PREFIX_PATH': '/home/loser/ws01_plumbing/install/base_interfaces_demo:/opt/ros/jazzy', 'SHELL': '/bin/bash', 'LC_NAME': 'zh_CN.UTF-8', 'QT_ACCESSIBILITY': '1', 'GDMSESSION': 'ubuntu', 'LESSCLOSE': '/usr/bin/lesspipe %s %s', 'LC_MEASUREMENT': 'zh_CN.UTF-8', 'GJS_DEBUG_OUTPUT': 'stderr', 'LC_IDENTIFICATION': 'zh_CN.UTF-8', 'ROS_AUTOMATIC_DISCOVERY_RANGE': 'SUBNET', 'VSCODE_GIT_ASKPASS_EXTRA_ARGS': '', 'QT_IM_MODULE': 'ibus', 'PWD': '/home/loser/ws01_plumbing/build/cpp02_service', 'XDG_CONFIG_DIRS': '/etc/xdg/xdg-ubuntu:/etc/xdg', 'XDG_DATA_DIRS': '/usr/share/ubuntu:/usr/share/gnome:/usr/local/share/:/usr/share/:/var/lib/snapd/desktop', 'QTWEBENGINE_DICTIONARIES_PATH': '/usr/share/hunspell-bdic/', 'PYTHONPATH': '/home/loser/ws01_plumbing/install/base_interfaces_demo/lib/python3.12/site-packages:/opt/ros/jazzy/lib/python3.12/site-packages', 'LC_NUMERIC': 'zh_CN.UTF-8', 'LC_PAPER': 'zh_CN.UTF-8', 'COLCON': '1', 'MEMORY_PRESSURE_WRITE': 'c29tZSAyMDAwMDAgMjAwMDAwMAA=', 'CMAKE_PREFIX_PATH': '/home/loser/ws01_plumbing/install/base_interfaces_demo:/opt/ros/jazzy/opt/gz_sim_vendor:/opt/ros/jazzy/opt/gz_sensors_vendor:/opt/ros/jazzy/opt/gz_physics_vendor:/opt/ros/jazzy/opt/sdformat_vendor:/opt/ros/jazzy/opt/gz_gui_vendor:/opt/ros/jazzy/opt/gz_transport_vendor:/opt/ros/jazzy/opt/gz_rendering_vendor:/opt/ros/jazzy/opt/gz_plugin_vendor:/opt/ros/jazzy/opt/gz_fuel_tools_vendor:/opt/ros/jazzy/opt/gz_msgs_vendor:/opt/ros/jazzy/opt/gz_common_vendor:/opt/ros/jazzy/opt/gz_math_vendor:/opt/ros/jazzy/opt/gz_utils_vendor:/opt/ros/jazzy/opt/gz_tools_vendor:/opt/ros/jazzy/opt/gz_ogre_next_vendor:/opt/ros/jazzy/opt/gz_dartsim_vendor:/opt/ros/jazzy/opt/gz_cmake_vendor:/opt/ros/jazzy'}), 'shell': False}
[7.714868] (py01_topic) StdoutLine: {'line': b"reading manifest file '../../build/py01_topic/py01_topic.egg-info/SOURCES.txt'\n"}
[7.715557] (py01_topic) StdoutLine: {'line': b"writing manifest file '../../build/py01_topic/py01_topic.egg-info/SOURCES.txt'\n"}
[7.715895] (py01_topic) StdoutLine: {'line': b'running build\n'}
[7.716009] (py01_topic) StdoutLine: {'line': b'running build_py\n'}
[7.716176] (py01_topic) StdoutLine: {'line': b'creating /home/loser/ws01_plumbing/build/py01_topic/build\n'}
[7.716325] (py01_topic) StdoutLine: {'line': b'creating /home/loser/ws01_plumbing/build/py01_topic/build/lib\n'}
[7.716462] (py01_topic) StdoutLine: {'line': b'creating /home/loser/ws01_plumbing/build/py01_topic/build/lib/py01_topic\n'}
[7.716581] (py01_topic) StdoutLine: {'line': b'copying py01_topic/__init__.py -> /home/loser/ws01_plumbing/build/py01_topic/build/lib/py01_topic\n'}
[7.716729] (py01_topic) StdoutLine: {'line': b'copying py01_topic/demo_str_py_publisher.py -> /home/loser/ws01_plumbing/build/py01_topic/build/lib/py01_topic\n'}
[7.716882] (py01_topic) StdoutLine: {'line': b'copying py01_topic/demo_stu_py_publisher.py -> /home/loser/ws01_plumbing/build/py01_topic/build/lib/py01_topic\n'}
[7.719108] (py01_topic) StdoutLine: {'line': b'copying py01_topic/demo_str_py_listener.py -> /home/loser/ws01_plumbing/build/py01_topic/build/lib/py01_topic\n'}
[7.719175] (py01_topic) StdoutLine: {'line': b'copying py01_topic/demo_stu_py_listener.py -> /home/loser/ws01_plumbing/build/py01_topic/build/lib/py01_topic\n'}
[7.719206] (py01_topic) StdoutLine: {'line': b'running install\n'}
[7.721065] (py01_topic) StdoutLine: {'line': b'running install_lib\n'}
[7.733061] (py01_topic) StdoutLine: {'line': b'creating /home/loser/ws01_plumbing/install/py01_topic/lib/python3.12/site-packages/py01_topic\n'}
[7.733517] (py01_topic) StdoutLine: {'line': b'copying /home/loser/ws01_plumbing/build/py01_topic/build/lib/py01_topic/__init__.py -> /home/loser/ws01_plumbing/install/py01_topic/lib/python3.12/site-packages/py01_topic\n'}
[7.733679] (py01_topic) StdoutLine: {'line': b'copying /home/loser/ws01_plumbing/build/py01_topic/build/lib/py01_topic/demo_str_py_publisher.py -> /home/loser/ws01_plumbing/install/py01_topic/lib/python3.12/site-packages/py01_topic\n'}
[7.733886] (py01_topic) StdoutLine: {'line': b'copying /home/loser/ws01_plumbing/build/py01_topic/build/lib/py01_topic/demo_stu_py_publisher.py -> /home/loser/ws01_plumbing/install/py01_topic/lib/python3.12/site-packages/py01_topic\n'}
[7.734175] (py01_topic) StdoutLine: {'line': b'copying /home/loser/ws01_plumbing/build/py01_topic/build/lib/py01_topic/demo_str_py_listener.py -> /home/loser/ws01_plumbing/install/py01_topic/lib/python3.12/site-packages/py01_topic\n'}
[7.734367] (py01_topic) StdoutLine: {'line': b'copying /home/loser/ws01_plumbing/build/py01_topic/build/lib/py01_topic/demo_stu_py_listener.py -> /home/loser/ws01_plumbing/install/py01_topic/lib/python3.12/site-packages/py01_topic\n'}
[7.734877] (py01_topic) StdoutLine: {'line': b'byte-compiling /home/loser/ws01_plumbing/install/py01_topic/lib/python3.12/site-packages/py01_topic/__init__.py to __init__.cpython-312.pyc\n'}
[7.735115] (py01_topic) StdoutLine: {'line': b'byte-compiling /home/loser/ws01_plumbing/install/py01_topic/lib/python3.12/site-packages/py01_topic/demo_str_py_publisher.py to demo_str_py_publisher.cpython-312.pyc\n'}
[7.735578] (py01_topic) StdoutLine: {'line': b'byte-compiling /home/loser/ws01_plumbing/install/py01_topic/lib/python3.12/site-packages/py01_topic/demo_stu_py_publisher.py to demo_stu_py_publisher.cpython-312.pyc\n'}
[7.737857] (py01_topic) StdoutLine: {'line': b'byte-compiling /home/loser/ws01_plumbing/install/py01_topic/lib/python3.12/site-packages/py01_topic/demo_str_py_listener.py to demo_str_py_listener.cpython-312.pyc\n'}
[7.737947] (-) TimerEvent: {}
[7.738015] (py01_topic) StdoutLine: {'line': b'byte-compiling /home/loser/ws01_plumbing/install/py01_topic/lib/python3.12/site-packages/py01_topic/demo_stu_py_listener.py to demo_stu_py_listener.cpython-312.pyc\n'}
[7.738053] (py01_topic) StdoutLine: {'line': b'running install_data\n'}
[7.738195] (py01_topic) StdoutLine: {'line': b'creating /home/loser/ws01_plumbing/install/py01_topic/share/ament_index\n'}
[7.740948] (py01_topic) StdoutLine: {'line': b'creating /home/loser/ws01_plumbing/install/py01_topic/share/ament_index/resource_index\n'}
[7.747122] (py01_topic) StdoutLine: {'line': b'creating /home/loser/ws01_plumbing/install/py01_topic/share/ament_index/resource_index/packages\n'}
[7.747223] (py01_topic) StdoutLine: {'line': b'copying resource/py01_topic -> /home/loser/ws01_plumbing/install/py01_topic/share/ament_index/resource_index/packages\n'}
[7.747255] (py01_topic) StdoutLine: {'line': b'copying package.xml -> /home/loser/ws01_plumbing/install/py01_topic/share/py01_topic\n'}
[7.747282] (py01_topic) StdoutLine: {'line': b'running install_egg_info\n'}
[7.761174] (py01_topic) StdoutLine: {'line': b'Copying ../../build/py01_topic/py01_topic.egg-info to /home/loser/ws01_plumbing/install/py01_topic/lib/python3.12/site-packages/py01_topic-0.0.0-py3.12.egg-info\n'}
[7.761811] (py01_topic) StdoutLine: {'line': b'running install_scripts\n'}
[7.789194] (cpp03_action) StdoutLine: {'line': b"-- Added test 'cppcheck' to perform static code analysis on C / C++ code\n"}
[7.789327] (cpp03_action) StdoutLine: {'line': b'-- Configured cppcheck include dirs: $<BUILD_INTERFACE:/home/loser/ws01_plumbing/src/cpp03_action/include>\n'}
[7.789361] (cpp03_action) StdoutLine: {'line': b'-- Configured cppcheck exclude dirs and/or files: \n'}
[7.789388] (cpp03_action) StdoutLine: {'line': b"-- Added test 'lint_cmake' to check CMake code style\n"}
[7.789413] (cpp03_action) StdoutLine: {'line': b"-- Added test 'uncrustify' to check C / C++ code style\n"}
[7.789437] (cpp03_action) StdoutLine: {'line': b'-- Configured uncrustify additional arguments: \n'}
[7.789806] (cpp03_action) StdoutLine: {'line': b"-- Added test 'xmllint' to check XML markup files\n"}
[7.790967] (cpp03_action) StdoutLine: {'line': b'-- Configuring done (1.3s)\n'}
[7.804890] (cpp01_topic) StdoutLine: {'line': b'-- Found ament_lint_auto: 0.17.5 (/opt/ros/jazzy/share/ament_lint_auto/cmake)\n'}
[7.805068] (cpp02_service) StdoutLine: {'line': b'[ 25%] \x1b[32mBuilding CXX object CMakeFiles/demo02_client.dir/src/demo02_client.cpp.o\x1b[0m\n'}
[7.810393] (cpp02_service) StdoutLine: {'line': b'[ 50%] \x1b[32mBuilding CXX object CMakeFiles/demo01_server.dir/src/demo01_server.cpp.o\x1b[0m\n'}
[7.810661] (cpp03_action) StdoutLine: {'line': b'-- Generating done (0.0s)\n'}
[7.825166] (cpp03_action) StdoutLine: {'line': b'-- Build files have been written to: /home/loser/ws01_plumbing/build/cpp03_action\n'}
[7.840139] (-) TimerEvent: {}
[7.855700] (cpp03_action) CommandEnded: {'returncode': 0}
[7.855922] (cpp03_action) JobProgress: {'identifier': 'cpp03_action', 'progress': 'build'}
[7.855933] (cpp03_action) Command: {'cmd': ['/usr/bin/cmake', '--build', '/home/loser/ws01_plumbing/build/cpp03_action', '--', '-j4', '-l4'], 'cwd': '/home/loser/ws01_plumbing/build/cpp03_action', 'env': OrderedDict({'GJS_DEBUG_TOPICS': 'JS ERROR;JS LOG', 'LESSOPEN': '| /usr/bin/lesspipe %s', 'GZ_SIM_RESOURCE_PATH': '/opt/ros/jazzy/share', 'USER': 'loser', 'LC_TIME': 'zh_CN.UTF-8', 'GZ_CONFIG_PATH': '/opt/ros/jazzy/opt/gz_sim_vendor/share/gz:/opt/ros/jazzy/opt/sdformat_vendor/share/gz:/opt/ros/jazzy/opt/gz_gui_vendor/share/gz:/opt/ros/jazzy/opt/gz_transport_vendor/share/gz:/opt/ros/jazzy/opt/gz_rendering_vendor/share/gz:/opt/ros/jazzy/opt/gz_plugin_vendor/share/gz:/opt/ros/jazzy/opt/gz_fuel_tools_vendor/share/gz:/opt/ros/jazzy/opt/gz_msgs_vendor/share/gz:/opt/ros/jazzy/opt/gz_common_vendor/share/gz', 'XDG_SESSION_TYPE': 'wayland', 'GIT_ASKPASS': '/usr/share/code/resources/app/extensions/git/dist/askpass.sh', 'CLUTTER_DISABLE_MIPMAPPED_TEXT': '1', 'SHLVL': '1', 'LIBGL_ALWAYS_SOFTWARE': '1', 'LD_LIBRARY_PATH': '/home/loser/ws01_plumbing/install/base_interfaces_demo/lib:/opt/ros/jazzy/opt/gz_sim_vendor/lib:/opt/ros/jazzy/opt/gz_sensors_vendor/lib:/opt/ros/jazzy/opt/gz_physics_vendor/lib:/opt/ros/jazzy/opt/sdformat_vendor/lib:/opt/ros/jazzy/opt/rviz_ogre_vendor/lib:/opt/ros/jazzy/lib/x86_64-linux-gnu:/opt/ros/jazzy/opt/gz_gui_vendor/lib:/opt/ros/jazzy/opt/gz_transport_vendor/lib:/opt/ros/jazzy/opt/gz_rendering_vendor/lib:/opt/ros/jazzy/opt/gz_plugin_vendor/lib:/opt/ros/jazzy/opt/gz_fuel_tools_vendor/lib:/opt/ros/jazzy/opt/gz_msgs_vendor/lib:/opt/ros/jazzy/opt/gz_common_vendor/lib:/opt/ros/jazzy/opt/gz_math_vendor/lib:/opt/ros/jazzy/opt/gz_utils_vendor/lib:/opt/ros/jazzy/opt/gz_tools_vendor/lib:/opt/ros/jazzy/opt/gz_ogre_next_vendor/lib:/opt/ros/jazzy/opt/gz_dartsim_vendor/lib:/opt/ros/jazzy/opt/gz_cmake_vendor/lib:/opt/ros/jazzy/lib', 'HOME': '/home/loser', 'CHROME_DESKTOP': 'code.desktop', 'TERM_PROGRAM_VERSION': '1.121.0', 'DESKTOP_SESSION': 'ubuntu', 'GIO_LAUNCHED_DESKTOP_FILE': '/usr/share/applications/code.desktop', 'ROS_PYTHON_VERSION': '3', 'GNOME_SHELL_SESSION_MODE': 'ubuntu', 'GTK_MODULES': 'gail:atk-bridge', 'VSCODE_GIT_ASKPASS_MAIN': '/usr/share/code/resources/app/extensions/git/dist/askpass-main.js', 'LC_MONETARY': 'zh_CN.UTF-8', 'VSCODE_GIT_ASKPASS_NODE': '/usr/share/code/code', 'MANAGERPID': '2282', 'SYSTEMD_EXEC_PID': '2501', 'IM_CONFIG_CHECK_ENV': '1', 'VSCODE_PYTHON_AUTOACTIVATE_GUARD': '1', 'GSM_SKIP_SSH_AGENT_WORKAROUND': 'true', 'DBUS_SESSION_BUS_ADDRESS': 'unix:path=/run/user/1000/bus', 'COLORTERM': 'truecolor', 'GIO_LAUNCHED_DESKTOP_FILE_PID': '4584', 'DEBUGINFOD_URLS': 'https://debuginfod.ubuntu.com', 'IM_CONFIG_PHASE': '1', 'WAYLAND_DISPLAY': 'wayland-0', 'ROS_DISTRO': 'jazzy', 'LOGNAME': 'loser', 'JOURNAL_STREAM': '9:28365', '_': '/usr/bin/colcon', 'ROS_VERSION': '2', 'MEMORY_PRESSURE_WATCH': '/sys/fs/cgroup/user.slice/user-1000.slice/user@1000.service/session.slice/org.gnome.Shell@wayland.service/memory.pressure', 'XDG_SESSION_CLASS': 'user', 'USERNAME': 'loser', 'TERM': 'xterm-256color', 'GNOME_DESKTOP_SESSION_ID': 'this-is-deprecated', 'FC_FONTATIONS': '1', 'PATH': '/home/loser/.config/Code/User/globalStorage/github.copilot-chat/debugCommand:/home/loser/.config/Code/User/globalStorage/github.copilot-chat/copilotCli:/opt/ros/jazzy/opt/gz_msgs_vendor/bin:/opt/ros/jazzy/opt/gz_tools_vendor/bin:/opt/ros/jazzy/opt/gz_ogre_next_vendor/bin:/opt/ros/jazzy/bin:/usr/local/sbin:/usr/local/bin:/usr/sbin:/usr/bin:/sbin:/bin:/usr/games:/usr/local/games:/snap/bin:/snap/bin', 'SESSION_MANAGER': 'local/loser-vm:@/tmp/.ICE-unix/2471,unix/loser-vm:/tmp/.ICE-unix/2471', 'INVOCATION_ID': '7445e4fbb8684575a4b0207dba2de19a', 'PAPERSIZE': 'a4', 'XDG_MENU_PREFIX': 'gnome-', 'LC_ADDRESS': 'zh_CN.UTF-8', 'GNOME_SETUP_DISPLAY': ':1', 'XDG_RUNTIME_DIR': '/run/user/1000', 'GDK_BACKEND': 'wayland', 'DISPLAY': ':0', 'LANG': 'zh_CN.UTF-8', 'XDG_CURRENT_DESKTOP': 'ubuntu:GNOME', 'LC_TELEPHONE': 'zh_CN.UTF-8', 'XMODIFIERS': '@im=ibus', 'XDG_SESSION_DESKTOP': 'ubuntu', 'XAUTHORITY': '/run/user/1000/.mutter-Xwaylandauth.9H1UP3', 'LS_COLORS': 'rs=0:di=01;34:ln=01;36:mh=00:pi=40;33:so=01;35:do=01;35:bd=40;33;01:cd=40;33;01:or=40;31;01:mi=00:su=37;41:sg=30;43:ca=00:tw=30;42:ow=34;42:st=37;44:ex=01;32:*.tar=01;31:*.tgz=01;31:*.arc=01;31:*.arj=01;31:*.taz=01;31:*.lha=01;31:*.lz4=01;31:*.lzh=01;31:*.lzma=01;31:*.tlz=01;31:*.txz=01;31:*.tzo=01;31:*.t7z=01;31:*.zip=01;31:*.z=01;31:*.dz=01;31:*.gz=01;31:*.lrz=01;31:*.lz=01;31:*.lzo=01;31:*.xz=01;31:*.zst=01;31:*.tzst=01;31:*.bz2=01;31:*.bz=01;31:*.tbz=01;31:*.tbz2=01;31:*.tz=01;31:*.deb=01;31:*.rpm=01;31:*.jar=01;31:*.war=01;31:*.ear=01;31:*.sar=01;31:*.rar=01;31:*.alz=01;31:*.ace=01;31:*.zoo=01;31:*.cpio=01;31:*.7z=01;31:*.rz=01;31:*.cab=01;31:*.wim=01;31:*.swm=01;31:*.dwm=01;31:*.esd=01;31:*.avif=01;35:*.jpg=01;35:*.jpeg=01;35:*.mjpg=01;35:*.mjpeg=01;35:*.gif=01;35:*.bmp=01;35:*.pbm=01;35:*.pgm=01;35:*.ppm=01;35:*.tga=01;35:*.xbm=01;35:*.xpm=01;35:*.tif=01;35:*.tiff=01;35:*.png=01;35:*.svg=01;35:*.svgz=01;35:*.mng=01;35:*.pcx=01;35:*.mov=01;35:*.mpg=01;35:*.mpeg=01;35:*.m2v=01;35:*.mkv=01;35:*.webm=01;35:*.webp=01;35:*.ogm=01;35:*.mp4=01;35:*.m4v=01;35:*.mp4v=01;35:*.vob=01;35:*.qt=01;35:*.nuv=01;35:*.wmv=01;35:*.asf=01;35:*.rm=01;35:*.rmvb=01;35:*.flc=01;35:*.avi=01;35:*.fli=01;35:*.flv=01;35:*.gl=01;35:*.dl=01;35:*.xcf=01;35:*.xwd=01;35:*.yuv=01;35:*.cgm=01;35:*.emf=01;35:*.ogv=01;35:*.ogx=01;35:*.aac=00;36:*.au=00;36:*.flac=00;36:*.m4a=00;36:*.mid=00;36:*.midi=00;36:*.mka=00;36:*.mp3=00;36:*.mpc=00;36:*.ogg=00;36:*.ra=00;36:*.wav=00;36:*.oga=00;36:*.opus=00;36:*.spx=00;36:*.xspf=00;36:*~=00;90:*#=00;90:*.bak=00;90:*.crdownload=00;90:*.dpkg-dist=00;90:*.dpkg-new=00;90:*.dpkg-old=00;90:*.dpkg-tmp=00;90:*.old=00;90:*.orig=00;90:*.part=00;90:*.rej=00;90:*.rpmnew=00;90:*.rpmorig=00;90:*.rpmsave=00;90:*.swp=00;90:*.tmp=00;90:*.ucf-dist=00;90:*.ucf-new=00;90:*.ucf-old=00;90:', 'VSCODE_GIT_IPC_HANDLE': '/run/user/1000/vscode-git-7f319e5332.sock', 'TERM_PROGRAM': 'vscode', 'SSH_AUTH_SOCK': '/run/user/1000/keyring/ssh', 'AMENT_PREFIX_PATH': '/home/loser/ws01_plumbing/install/base_interfaces_demo:/opt/ros/jazzy', 'SHELL': '/bin/bash', 'LC_NAME': 'zh_CN.UTF-8', 'QT_ACCESSIBILITY': '1', 'GDMSESSION': 'ubuntu', 'LESSCLOSE': '/usr/bin/lesspipe %s %s', 'LC_MEASUREMENT': 'zh_CN.UTF-8', 'GJS_DEBUG_OUTPUT': 'stderr', 'LC_IDENTIFICATION': 'zh_CN.UTF-8', 'ROS_AUTOMATIC_DISCOVERY_RANGE': 'SUBNET', 'VSCODE_GIT_ASKPASS_EXTRA_ARGS': '', 'QT_IM_MODULE': 'ibus', 'PWD': '/home/loser/ws01_plumbing/build/cpp03_action', 'XDG_CONFIG_DIRS': '/etc/xdg/xdg-ubuntu:/etc/xdg', 'XDG_DATA_DIRS': '/usr/share/ubuntu:/usr/share/gnome:/usr/local/share/:/usr/share/:/var/lib/snapd/desktop', 'QTWEBENGINE_DICTIONARIES_PATH': '/usr/share/hunspell-bdic/', 'PYTHONPATH': '/home/loser/ws01_plumbing/install/base_interfaces_demo/lib/python3.12/site-packages:/opt/ros/jazzy/lib/python3.12/site-packages', 'LC_NUMERIC': 'zh_CN.UTF-8', 'LC_PAPER': 'zh_CN.UTF-8', 'COLCON': '1', 'MEMORY_PRESSURE_WRITE': 'c29tZSAyMDAwMDAgMjAwMDAwMAA=', 'CMAKE_PREFIX_PATH': '/home/loser/ws01_plumbing/install/base_interfaces_demo:/opt/ros/jazzy/opt/gz_sim_vendor:/opt/ros/jazzy/opt/gz_sensors_vendor:/opt/ros/jazzy/opt/gz_physics_vendor:/opt/ros/jazzy/opt/sdformat_vendor:/opt/ros/jazzy/opt/gz_gui_vendor:/opt/ros/jazzy/opt/gz_transport_vendor:/opt/ros/jazzy/opt/gz_rendering_vendor:/opt/ros/jazzy/opt/gz_plugin_vendor:/opt/ros/jazzy/opt/gz_fuel_tools_vendor:/opt/ros/jazzy/opt/gz_msgs_vendor:/opt/ros/jazzy/opt/gz_common_vendor:/opt/ros/jazzy/opt/gz_math_vendor:/opt/ros/jazzy/opt/gz_utils_vendor:/opt/ros/jazzy/opt/gz_tools_vendor:/opt/ros/jazzy/opt/gz_ogre_next_vendor:/opt/ros/jazzy/opt/gz_dartsim_vendor:/opt/ros/jazzy/opt/gz_cmake_vendor:/opt/ros/jazzy'}), 'shell': False}
[7.856253] (py01_topic) StdoutLine: {'line': b'Installing demo_str_py_listener script to /home/loser/ws01_plumbing/install/py01_topic/lib/py01_topic\n'}
[7.856318] (py01_topic) StdoutLine: {'line': b'Installing demo_str_py_publisher script to /home/loser/ws01_plumbing/install/py01_topic/lib/py01_topic\n'}
[7.856349] (py01_topic) StdoutLine: {'line': b'Installing demo_stu_py_listener script to /home/loser/ws01_plumbing/install/py01_topic/lib/py01_topic\n'}
[7.856376] (py01_topic) StdoutLine: {'line': b'Installing demo_stu_py_publisher script to /home/loser/ws01_plumbing/install/py01_topic/lib/py01_topic\n'}
[7.856401] (py01_topic) StdoutLine: {'line': b"writing list of installed files to '/home/loser/ws01_plumbing/build/py01_topic/install.log'\n"}
[7.886216] (py01_topic) CommandEnded: {'returncode': 0}
[7.886449] (py01_topic) JobEnded: {'identifier': 'py01_topic', 'rc': 0}
[7.886616] (py02_service) JobStarted: {'identifier': 'py02_service'}
[7.940239] (-) TimerEvent: {}
[7.955125] (cpp03_action) StdoutLine: {'line': b'[ 25%] \x1b[32mBuilding CXX object CMakeFiles/demo01_action_server.dir/src/demo01_action_server.cpp.o\x1b[0m\n'}
[7.956066] (cpp03_action) StdoutLine: {'line': b'[ 50%] \x1b[32mBuilding CXX object CMakeFiles/demo02_action_client.dir/src/demo02_action_client.cpp.o\x1b[0m\n'}
[8.010522] (cpp01_topic) StdoutLine: {'line': b"-- Added test 'cppcheck' to perform static code analysis on C / C++ code\n"}
[8.010679] (cpp01_topic) StdoutLine: {'line': b'-- Configured cppcheck include dirs: $<BUILD_INTERFACE:/home/loser/ws01_plumbing/src/cpp01_topic/include>\n'}
[8.010717] (cpp01_topic) StdoutLine: {'line': b'-- Configured cppcheck exclude dirs and/or files: \n'}
[8.014156] (cpp01_topic) StdoutLine: {'line': b"-- Added test 'lint_cmake' to check CMake code style\n"}
[8.014964] (cpp01_topic) StdoutLine: {'line': b"-- Added test 'uncrustify' to check C / C++ code style\n"}
[8.015041] (cpp01_topic) StdoutLine: {'line': b'-- Configured uncrustify additional arguments: \n'}
[8.015513] (cpp01_topic) StdoutLine: {'line': b"-- Added test 'xmllint' to check XML markup files\n"}
[8.021438] (cpp01_topic) StdoutLine: {'line': b'-- Configuring done (1.6s)\n'}
[8.040603] (-) TimerEvent: {}
[8.063545] (cpp01_topic) StdoutLine: {'line': b'-- Generating done (0.0s)\n'}
[8.078235] (cpp01_topic) StdoutLine: {'line': b'-- Build files have been written to: /home/loser/ws01_plumbing/build/cpp01_topic\n'}
[8.103594] (cpp01_topic) CommandEnded: {'returncode': 0}
[8.103832] (cpp01_topic) JobProgress: {'identifier': 'cpp01_topic', 'progress': 'build'}
[8.103844] (cpp01_topic) Command: {'cmd': ['/usr/bin/cmake', '--build', '/home/loser/ws01_plumbing/build/cpp01_topic', '--', '-j4', '-l4'], 'cwd': '/home/loser/ws01_plumbing/build/cpp01_topic', 'env': OrderedDict({'GJS_DEBUG_TOPICS': 'JS ERROR;JS LOG', 'LESSOPEN': '| /usr/bin/lesspipe %s', 'GZ_SIM_RESOURCE_PATH': '/opt/ros/jazzy/share', 'USER': 'loser', 'LC_TIME': 'zh_CN.UTF-8', 'GZ_CONFIG_PATH': '/opt/ros/jazzy/opt/gz_sim_vendor/share/gz:/opt/ros/jazzy/opt/sdformat_vendor/share/gz:/opt/ros/jazzy/opt/gz_gui_vendor/share/gz:/opt/ros/jazzy/opt/gz_transport_vendor/share/gz:/opt/ros/jazzy/opt/gz_rendering_vendor/share/gz:/opt/ros/jazzy/opt/gz_plugin_vendor/share/gz:/opt/ros/jazzy/opt/gz_fuel_tools_vendor/share/gz:/opt/ros/jazzy/opt/gz_msgs_vendor/share/gz:/opt/ros/jazzy/opt/gz_common_vendor/share/gz', 'XDG_SESSION_TYPE': 'wayland', 'GIT_ASKPASS': '/usr/share/code/resources/app/extensions/git/dist/askpass.sh', 'CLUTTER_DISABLE_MIPMAPPED_TEXT': '1', 'SHLVL': '1', 'LIBGL_ALWAYS_SOFTWARE': '1', 'LD_LIBRARY_PATH': '/home/loser/ws01_plumbing/install/base_interfaces_demo/lib:/opt/ros/jazzy/opt/gz_sim_vendor/lib:/opt/ros/jazzy/opt/gz_sensors_vendor/lib:/opt/ros/jazzy/opt/gz_physics_vendor/lib:/opt/ros/jazzy/opt/sdformat_vendor/lib:/opt/ros/jazzy/opt/rviz_ogre_vendor/lib:/opt/ros/jazzy/lib/x86_64-linux-gnu:/opt/ros/jazzy/opt/gz_gui_vendor/lib:/opt/ros/jazzy/opt/gz_transport_vendor/lib:/opt/ros/jazzy/opt/gz_rendering_vendor/lib:/opt/ros/jazzy/opt/gz_plugin_vendor/lib:/opt/ros/jazzy/opt/gz_fuel_tools_vendor/lib:/opt/ros/jazzy/opt/gz_msgs_vendor/lib:/opt/ros/jazzy/opt/gz_common_vendor/lib:/opt/ros/jazzy/opt/gz_math_vendor/lib:/opt/ros/jazzy/opt/gz_utils_vendor/lib:/opt/ros/jazzy/opt/gz_tools_vendor/lib:/opt/ros/jazzy/opt/gz_ogre_next_vendor/lib:/opt/ros/jazzy/opt/gz_dartsim_vendor/lib:/opt/ros/jazzy/opt/gz_cmake_vendor/lib:/opt/ros/jazzy/lib', 'HOME': '/home/loser', 'CHROME_DESKTOP': 'code.desktop', 'TERM_PROGRAM_VERSION': '1.121.0', 'DESKTOP_SESSION': 'ubuntu', 'GIO_LAUNCHED_DESKTOP_FILE': '/usr/share/applications/code.desktop', 'ROS_PYTHON_VERSION': '3', 'GNOME_SHELL_SESSION_MODE': 'ubuntu', 'GTK_MODULES': 'gail:atk-bridge', 'VSCODE_GIT_ASKPASS_MAIN': '/usr/share/code/resources/app/extensions/git/dist/askpass-main.js', 'LC_MONETARY': 'zh_CN.UTF-8', 'VSCODE_GIT_ASKPASS_NODE': '/usr/share/code/code', 'MANAGERPID': '2282', 'SYSTEMD_EXEC_PID': '2501', 'IM_CONFIG_CHECK_ENV': '1', 'VSCODE_PYTHON_AUTOACTIVATE_GUARD': '1', 'GSM_SKIP_SSH_AGENT_WORKAROUND': 'true', 'DBUS_SESSION_BUS_ADDRESS': 'unix:path=/run/user/1000/bus', 'COLORTERM': 'truecolor', 'GIO_LAUNCHED_DESKTOP_FILE_PID': '4584', 'DEBUGINFOD_URLS': 'https://debuginfod.ubuntu.com', 'IM_CONFIG_PHASE': '1', 'WAYLAND_DISPLAY': 'wayland-0', 'ROS_DISTRO': 'jazzy', 'LOGNAME': 'loser', 'JOURNAL_STREAM': '9:28365', '_': '/usr/bin/colcon', 'ROS_VERSION': '2', 'MEMORY_PRESSURE_WATCH': '/sys/fs/cgroup/user.slice/user-1000.slice/user@1000.service/session.slice/org.gnome.Shell@wayland.service/memory.pressure', 'XDG_SESSION_CLASS': 'user', 'USERNAME': 'loser', 'TERM': 'xterm-256color', 'GNOME_DESKTOP_SESSION_ID': 'this-is-deprecated', 'FC_FONTATIONS': '1', 'PATH': '/home/loser/.config/Code/User/globalStorage/github.copilot-chat/debugCommand:/home/loser/.config/Code/User/globalStorage/github.copilot-chat/copilotCli:/opt/ros/jazzy/opt/gz_msgs_vendor/bin:/opt/ros/jazzy/opt/gz_tools_vendor/bin:/opt/ros/jazzy/opt/gz_ogre_next_vendor/bin:/opt/ros/jazzy/bin:/usr/local/sbin:/usr/local/bin:/usr/sbin:/usr/bin:/sbin:/bin:/usr/games:/usr/local/games:/snap/bin:/snap/bin', 'SESSION_MANAGER': 'local/loser-vm:@/tmp/.ICE-unix/2471,unix/loser-vm:/tmp/.ICE-unix/2471', 'INVOCATION_ID': '7445e4fbb8684575a4b0207dba2de19a', 'PAPERSIZE': 'a4', 'XDG_MENU_PREFIX': 'gnome-', 'LC_ADDRESS': 'zh_CN.UTF-8', 'GNOME_SETUP_DISPLAY': ':1', 'XDG_RUNTIME_DIR': '/run/user/1000', 'GDK_BACKEND': 'wayland', 'DISPLAY': ':0', 'LANG': 'zh_CN.UTF-8', 'XDG_CURRENT_DESKTOP': 'ubuntu:GNOME', 'LC_TELEPHONE': 'zh_CN.UTF-8', 'XMODIFIERS': '@im=ibus', 'XDG_SESSION_DESKTOP': 'ubuntu', 'XAUTHORITY': '/run/user/1000/.mutter-Xwaylandauth.9H1UP3', 'LS_COLORS': 'rs=0:di=01;34:ln=01;36:mh=00:pi=40;33:so=01;35:do=01;35:bd=40;33;01:cd=40;33;01:or=40;31;01:mi=00:su=37;41:sg=30;43:ca=00:tw=30;42:ow=34;42:st=37;44:ex=01;32:*.tar=01;31:*.tgz=01;31:*.arc=01;31:*.arj=01;31:*.taz=01;31:*.lha=01;31:*.lz4=01;31:*.lzh=01;31:*.lzma=01;31:*.tlz=01;31:*.txz=01;31:*.tzo=01;31:*.t7z=01;31:*.zip=01;31:*.z=01;31:*.dz=01;31:*.gz=01;31:*.lrz=01;31:*.lz=01;31:*.lzo=01;31:*.xz=01;31:*.zst=01;31:*.tzst=01;31:*.bz2=01;31:*.bz=01;31:*.tbz=01;31:*.tbz2=01;31:*.tz=01;31:*.deb=01;31:*.rpm=01;31:*.jar=01;31:*.war=01;31:*.ear=01;31:*.sar=01;31:*.rar=01;31:*.alz=01;31:*.ace=01;31:*.zoo=01;31:*.cpio=01;31:*.7z=01;31:*.rz=01;31:*.cab=01;31:*.wim=01;31:*.swm=01;31:*.dwm=01;31:*.esd=01;31:*.avif=01;35:*.jpg=01;35:*.jpeg=01;35:*.mjpg=01;35:*.mjpeg=01;35:*.gif=01;35:*.bmp=01;35:*.pbm=01;35:*.pgm=01;35:*.ppm=01;35:*.tga=01;35:*.xbm=01;35:*.xpm=01;35:*.tif=01;35:*.tiff=01;35:*.png=01;35:*.svg=01;35:*.svgz=01;35:*.mng=01;35:*.pcx=01;35:*.mov=01;35:*.mpg=01;35:*.mpeg=01;35:*.m2v=01;35:*.mkv=01;35:*.webm=01;35:*.webp=01;35:*.ogm=01;35:*.mp4=01;35:*.m4v=01;35:*.mp4v=01;35:*.vob=01;35:*.qt=01;35:*.nuv=01;35:*.wmv=01;35:*.asf=01;35:*.rm=01;35:*.rmvb=01;35:*.flc=01;35:*.avi=01;35:*.fli=01;35:*.flv=01;35:*.gl=01;35:*.dl=01;35:*.xcf=01;35:*.xwd=01;35:*.yuv=01;35:*.cgm=01;35:*.emf=01;35:*.ogv=01;35:*.ogx=01;35:*.aac=00;36:*.au=00;36:*.flac=00;36:*.m4a=00;36:*.mid=00;36:*.midi=00;36:*.mka=00;36:*.mp3=00;36:*.mpc=00;36:*.ogg=00;36:*.ra=00;36:*.wav=00;36:*.oga=00;36:*.opus=00;36:*.spx=00;36:*.xspf=00;36:*~=00;90:*#=00;90:*.bak=00;90:*.crdownload=00;90:*.dpkg-dist=00;90:*.dpkg-new=00;90:*.dpkg-old=00;90:*.dpkg-tmp=00;90:*.old=00;90:*.orig=00;90:*.part=00;90:*.rej=00;90:*.rpmnew=00;90:*.rpmorig=00;90:*.rpmsave=00;90:*.swp=00;90:*.tmp=00;90:*.ucf-dist=00;90:*.ucf-new=00;90:*.ucf-old=00;90:', 'VSCODE_GIT_IPC_HANDLE': '/run/user/1000/vscode-git-7f319e5332.sock', 'TERM_PROGRAM': 'vscode', 'SSH_AUTH_SOCK': '/run/user/1000/keyring/ssh', 'AMENT_PREFIX_PATH': '/home/loser/ws01_plumbing/install/base_interfaces_demo:/opt/ros/jazzy', 'SHELL': '/bin/bash', 'LC_NAME': 'zh_CN.UTF-8', 'QT_ACCESSIBILITY': '1', 'GDMSESSION': 'ubuntu', 'LESSCLOSE': '/usr/bin/lesspipe %s %s', 'LC_MEASUREMENT': 'zh_CN.UTF-8', 'GJS_DEBUG_OUTPUT': 'stderr', 'LC_IDENTIFICATION': 'zh_CN.UTF-8', 'ROS_AUTOMATIC_DISCOVERY_RANGE': 'SUBNET', 'VSCODE_GIT_ASKPASS_EXTRA_ARGS': '', 'QT_IM_MODULE': 'ibus', 'PWD': '/home/loser/ws01_plumbing/build/cpp01_topic', 'XDG_CONFIG_DIRS': '/etc/xdg/xdg-ubuntu:/etc/xdg', 'XDG_DATA_DIRS': '/usr/share/ubuntu:/usr/share/gnome:/usr/local/share/:/usr/share/:/var/lib/snapd/desktop', 'QTWEBENGINE_DICTIONARIES_PATH': '/usr/share/hunspell-bdic/', 'PYTHONPATH': '/home/loser/ws01_plumbing/install/base_interfaces_demo/lib/python3.12/site-packages:/opt/ros/jazzy/lib/python3.12/site-packages', 'LC_NUMERIC': 'zh_CN.UTF-8', 'LC_PAPER': 'zh_CN.UTF-8', 'COLCON': '1', 'MEMORY_PRESSURE_WRITE': 'c29tZSAyMDAwMDAgMjAwMDAwMAA=', 'CMAKE_PREFIX_PATH': '/home/loser/ws01_plumbing/install/base_interfaces_demo:/opt/ros/jazzy/opt/gz_sim_vendor:/opt/ros/jazzy/opt/gz_sensors_vendor:/opt/ros/jazzy/opt/gz_physics_vendor:/opt/ros/jazzy/opt/sdformat_vendor:/opt/ros/jazzy/opt/gz_gui_vendor:/opt/ros/jazzy/opt/gz_transport_vendor:/opt/ros/jazzy/opt/gz_rendering_vendor:/opt/ros/jazzy/opt/gz_plugin_vendor:/opt/ros/jazzy/opt/gz_fuel_tools_vendor:/opt/ros/jazzy/opt/gz_msgs_vendor:/opt/ros/jazzy/opt/gz_common_vendor:/opt/ros/jazzy/opt/gz_math_vendor:/opt/ros/jazzy/opt/gz_utils_vendor:/opt/ros/jazzy/opt/gz_tools_vendor:/opt/ros/jazzy/opt/gz_ogre_next_vendor:/opt/ros/jazzy/opt/gz_dartsim_vendor:/opt/ros/jazzy/opt/gz_cmake_vendor:/opt/ros/jazzy'}), 'shell': False}
[8.141396] (-) TimerEvent: {}
[8.196591] (cpp01_topic) StdoutLine: {'line': b'[ 12%] \x1b[32mBuilding CXX object CMakeFiles/demo_str_cpp_listener.dir/src/demo_str_cpp_listener.cpp.o\x1b[0m\n'}
[8.199135] (cpp01_topic) StdoutLine: {'line': b'[ 25%] \x1b[32mBuilding CXX object CMakeFiles/demo_stu_cpp_listener.dir/src/demo_stu_cpp_listener.cpp.o\x1b[0m\n'}
[8.214125] (cpp01_topic) StdoutLine: {'line': b'[ 37%] \x1b[32mBuilding CXX object CMakeFiles/demo_stu_cpp_publisher.dir/src/demo_stu_cpp_publisher.cpp.o\x1b[0m\n'}
[8.214261] (cpp01_topic) StdoutLine: {'line': b'[ 50%] \x1b[32mBuilding CXX object CMakeFiles/demo_str_cpp_publisher.dir/src/demo_str_cpp_publisher.cpp.o\x1b[0m\n'}
[8.244136] (-) TimerEvent: {}
[8.344413] (-) TimerEvent: {}
[8.445466] (-) TimerEvent: {}
[8.548148] (-) TimerEvent: {}
[8.651146] (-) TimerEvent: {}
[8.754154] (-) TimerEvent: {}
[8.856928] (-) TimerEvent: {}
[8.901744] (py02_service) Command: {'cmd': ['/usr/bin/python3', '-W', 'ignore:setup.py install is deprecated', '-W', 'ignore:easy_install command is deprecated', 'setup.py', 'egg_info', '--egg-base', '../../build/py02_service', 'build', '--build-base', '/home/loser/ws01_plumbing/build/py02_service/build', 'install', '--record', '/home/loser/ws01_plumbing/build/py02_service/install.log', '--single-version-externally-managed', 'install_data'], 'cwd': '/home/loser/ws01_plumbing/src/py02_service', 'env': {'GJS_DEBUG_TOPICS': 'JS ERROR;JS LOG', 'LESSOPEN': '| /usr/bin/lesspipe %s', 'GZ_SIM_RESOURCE_PATH': '/opt/ros/jazzy/share', 'USER': 'loser', 'LC_TIME': 'zh_CN.UTF-8', 'GZ_CONFIG_PATH': '/opt/ros/jazzy/opt/gz_sim_vendor/share/gz:/opt/ros/jazzy/opt/sdformat_vendor/share/gz:/opt/ros/jazzy/opt/gz_gui_vendor/share/gz:/opt/ros/jazzy/opt/gz_transport_vendor/share/gz:/opt/ros/jazzy/opt/gz_rendering_vendor/share/gz:/opt/ros/jazzy/opt/gz_plugin_vendor/share/gz:/opt/ros/jazzy/opt/gz_fuel_tools_vendor/share/gz:/opt/ros/jazzy/opt/gz_msgs_vendor/share/gz:/opt/ros/jazzy/opt/gz_common_vendor/share/gz', 'XDG_SESSION_TYPE': 'wayland', 'GIT_ASKPASS': '/usr/share/code/resources/app/extensions/git/dist/askpass.sh', 'CLUTTER_DISABLE_MIPMAPPED_TEXT': '1', 'SHLVL': '1', 'LIBGL_ALWAYS_SOFTWARE': '1', 'LD_LIBRARY_PATH': '/home/loser/ws01_plumbing/install/base_interfaces_demo/lib:/opt/ros/jazzy/opt/gz_sim_vendor/lib:/opt/ros/jazzy/opt/gz_sensors_vendor/lib:/opt/ros/jazzy/opt/gz_physics_vendor/lib:/opt/ros/jazzy/opt/sdformat_vendor/lib:/opt/ros/jazzy/opt/rviz_ogre_vendor/lib:/opt/ros/jazzy/lib/x86_64-linux-gnu:/opt/ros/jazzy/opt/gz_gui_vendor/lib:/opt/ros/jazzy/opt/gz_transport_vendor/lib:/opt/ros/jazzy/opt/gz_rendering_vendor/lib:/opt/ros/jazzy/opt/gz_plugin_vendor/lib:/opt/ros/jazzy/opt/gz_fuel_tools_vendor/lib:/opt/ros/jazzy/opt/gz_msgs_vendor/lib:/opt/ros/jazzy/opt/gz_common_vendor/lib:/opt/ros/jazzy/opt/gz_math_vendor/lib:/opt/ros/jazzy/opt/gz_utils_vendor/lib:/opt/ros/jazzy/opt/gz_tools_vendor/lib:/opt/ros/jazzy/opt/gz_ogre_next_vendor/lib:/opt/ros/jazzy/opt/gz_dartsim_vendor/lib:/opt/ros/jazzy/opt/gz_cmake_vendor/lib:/opt/ros/jazzy/lib', 'HOME': '/home/loser', 'CHROME_DESKTOP': 'code.desktop', 'TERM_PROGRAM_VERSION': '1.121.0', 'DESKTOP_SESSION': 'ubuntu', 'GIO_LAUNCHED_DESKTOP_FILE': '/usr/share/applications/code.desktop', 'ROS_PYTHON_VERSION': '3', 'GNOME_SHELL_SESSION_MODE': 'ubuntu', 'GTK_MODULES': 'gail:atk-bridge', 'VSCODE_GIT_ASKPASS_MAIN': '/usr/share/code/resources/app/extensions/git/dist/askpass-main.js', 'LC_MONETARY': 'zh_CN.UTF-8', 'VSCODE_GIT_ASKPASS_NODE': '/usr/share/code/code', 'MANAGERPID': '2282', 'SYSTEMD_EXEC_PID': '2501', 'IM_CONFIG_CHECK_ENV': '1', 'VSCODE_PYTHON_AUTOACTIVATE_GUARD': '1', 'GSM_SKIP_SSH_AGENT_WORKAROUND': 'true', 'DBUS_SESSION_BUS_ADDRESS': 'unix:path=/run/user/1000/bus', 'COLORTERM': 'truecolor', 'GIO_LAUNCHED_DESKTOP_FILE_PID': '4584', 'DEBUGINFOD_URLS': 'https://debuginfod.ubuntu.com', 'IM_CONFIG_PHASE': '1', 'WAYLAND_DISPLAY': 'wayland-0', 'ROS_DISTRO': 'jazzy', 'LOGNAME': 'loser', 'JOURNAL_STREAM': '9:28365', '_': '/usr/bin/colcon', 'ROS_VERSION': '2', 'MEMORY_PRESSURE_WATCH': '/sys/fs/cgroup/user.slice/user-1000.slice/user@1000.service/session.slice/org.gnome.Shell@wayland.service/memory.pressure', 'XDG_SESSION_CLASS': 'user', 'USERNAME': 'loser', 'TERM': 'xterm-256color', 'GNOME_DESKTOP_SESSION_ID': 'this-is-deprecated', 'FC_FONTATIONS': '1', 'PATH': '/home/loser/.config/Code/User/globalStorage/github.copilot-chat/debugCommand:/home/loser/.config/Code/User/globalStorage/github.copilot-chat/copilotCli:/opt/ros/jazzy/opt/gz_msgs_vendor/bin:/opt/ros/jazzy/opt/gz_tools_vendor/bin:/opt/ros/jazzy/opt/gz_ogre_next_vendor/bin:/opt/ros/jazzy/bin:/usr/local/sbin:/usr/local/bin:/usr/sbin:/usr/bin:/sbin:/bin:/usr/games:/usr/local/games:/snap/bin:/snap/bin', 'SESSION_MANAGER': 'local/loser-vm:@/tmp/.ICE-unix/2471,unix/loser-vm:/tmp/.ICE-unix/2471', 'INVOCATION_ID': '7445e4fbb8684575a4b0207dba2de19a', 'PAPERSIZE': 'a4', 'XDG_MENU_PREFIX': 'gnome-', 'LC_ADDRESS': 'zh_CN.UTF-8', 'GNOME_SETUP_DISPLAY': ':1', 'XDG_RUNTIME_DIR': '/run/user/1000', 'GDK_BACKEND': 'wayland', 'DISPLAY': ':0', 'LANG': 'zh_CN.UTF-8', 'XDG_CURRENT_DESKTOP': 'ubuntu:GNOME', 'LC_TELEPHONE': 'zh_CN.UTF-8', 'XMODIFIERS': '@im=ibus', 'XDG_SESSION_DESKTOP': 'ubuntu', 'XAUTHORITY': '/run/user/1000/.mutter-Xwaylandauth.9H1UP3', 'LS_COLORS': 'rs=0:di=01;34:ln=01;36:mh=00:pi=40;33:so=01;35:do=01;35:bd=40;33;01:cd=40;33;01:or=40;31;01:mi=00:su=37;41:sg=30;43:ca=00:tw=30;42:ow=34;42:st=37;44:ex=01;32:*.tar=01;31:*.tgz=01;31:*.arc=01;31:*.arj=01;31:*.taz=01;31:*.lha=01;31:*.lz4=01;31:*.lzh=01;31:*.lzma=01;31:*.tlz=01;31:*.txz=01;31:*.tzo=01;31:*.t7z=01;31:*.zip=01;31:*.z=01;31:*.dz=01;31:*.gz=01;31:*.lrz=01;31:*.lz=01;31:*.lzo=01;31:*.xz=01;31:*.zst=01;31:*.tzst=01;31:*.bz2=01;31:*.bz=01;31:*.tbz=01;31:*.tbz2=01;31:*.tz=01;31:*.deb=01;31:*.rpm=01;31:*.jar=01;31:*.war=01;31:*.ear=01;31:*.sar=01;31:*.rar=01;31:*.alz=01;31:*.ace=01;31:*.zoo=01;31:*.cpio=01;31:*.7z=01;31:*.rz=01;31:*.cab=01;31:*.wim=01;31:*.swm=01;31:*.dwm=01;31:*.esd=01;31:*.avif=01;35:*.jpg=01;35:*.jpeg=01;35:*.mjpg=01;35:*.mjpeg=01;35:*.gif=01;35:*.bmp=01;35:*.pbm=01;35:*.pgm=01;35:*.ppm=01;35:*.tga=01;35:*.xbm=01;35:*.xpm=01;35:*.tif=01;35:*.tiff=01;35:*.png=01;35:*.svg=01;35:*.svgz=01;35:*.mng=01;35:*.pcx=01;35:*.mov=01;35:*.mpg=01;35:*.mpeg=01;35:*.m2v=01;35:*.mkv=01;35:*.webm=01;35:*.webp=01;35:*.ogm=01;35:*.mp4=01;35:*.m4v=01;35:*.mp4v=01;35:*.vob=01;35:*.qt=01;35:*.nuv=01;35:*.wmv=01;35:*.asf=01;35:*.rm=01;35:*.rmvb=01;35:*.flc=01;35:*.avi=01;35:*.fli=01;35:*.flv=01;35:*.gl=01;35:*.dl=01;35:*.xcf=01;35:*.xwd=01;35:*.yuv=01;35:*.cgm=01;35:*.emf=01;35:*.ogv=01;35:*.ogx=01;35:*.aac=00;36:*.au=00;36:*.flac=00;36:*.m4a=00;36:*.mid=00;36:*.midi=00;36:*.mka=00;36:*.mp3=00;36:*.mpc=00;36:*.ogg=00;36:*.ra=00;36:*.wav=00;36:*.oga=00;36:*.opus=00;36:*.spx=00;36:*.xspf=00;36:*~=00;90:*#=00;90:*.bak=00;90:*.crdownload=00;90:*.dpkg-dist=00;90:*.dpkg-new=00;90:*.dpkg-old=00;90:*.dpkg-tmp=00;90:*.old=00;90:*.orig=00;90:*.part=00;90:*.rej=00;90:*.rpmnew=00;90:*.rpmorig=00;90:*.rpmsave=00;90:*.swp=00;90:*.tmp=00;90:*.ucf-dist=00;90:*.ucf-new=00;90:*.ucf-old=00;90:', 'VSCODE_GIT_IPC_HANDLE': '/run/user/1000/vscode-git-7f319e5332.sock', 'TERM_PROGRAM': 'vscode', 'SSH_AUTH_SOCK': '/run/user/1000/keyring/ssh', 'AMENT_PREFIX_PATH': '/home/loser/ws01_plumbing/install/base_interfaces_demo:/opt/ros/jazzy', 'SHELL': '/bin/bash', 'LC_NAME': 'zh_CN.UTF-8', 'QT_ACCESSIBILITY': '1', 'GDMSESSION': 'ubuntu', 'LESSCLOSE': '/usr/bin/lesspipe %s %s', 'LC_MEASUREMENT': 'zh_CN.UTF-8', 'GJS_DEBUG_OUTPUT': 'stderr', 'LC_IDENTIFICATION': 'zh_CN.UTF-8', 'ROS_AUTOMATIC_DISCOVERY_RANGE': 'SUBNET', 'VSCODE_GIT_ASKPASS_EXTRA_ARGS': '', 'QT_IM_MODULE': 'ibus', 'PWD': '/home/loser/ws01_plumbing/build/py02_service', 'XDG_CONFIG_DIRS': '/etc/xdg/xdg-ubuntu:/etc/xdg', 'XDG_DATA_DIRS': '/usr/share/ubuntu:/usr/share/gnome:/usr/local/share/:/usr/share/:/var/lib/snapd/desktop', 'QTWEBENGINE_DICTIONARIES_PATH': '/usr/share/hunspell-bdic/', 'PYTHONPATH': '/home/loser/ws01_plumbing/build/py02_service/prefix_override:/usr/lib/python3/dist-packages/colcon_core/task/python/colcon_distutils_commands:/home/loser/ws01_plumbing/install/py02_service/lib/python3.12/site-packages:/home/loser/ws01_plumbing/install/base_interfaces_demo/lib/python3.12/site-packages:/opt/ros/jazzy/lib/python3.12/site-packages', 'LC_NUMERIC': 'zh_CN.UTF-8', 'LC_PAPER': 'zh_CN.UTF-8', 'COLCON': '1', 'MEMORY_PRESSURE_WRITE': 'c29tZSAyMDAwMDAgMjAwMDAwMAA=', 'CMAKE_PREFIX_PATH': '/home/loser/ws01_plumbing/install/base_interfaces_demo:/opt/ros/jazzy/opt/gz_sim_vendor:/opt/ros/jazzy/opt/gz_sensors_vendor:/opt/ros/jazzy/opt/gz_physics_vendor:/opt/ros/jazzy/opt/sdformat_vendor:/opt/ros/jazzy/opt/gz_gui_vendor:/opt/ros/jazzy/opt/gz_transport_vendor:/opt/ros/jazzy/opt/gz_rendering_vendor:/opt/ros/jazzy/opt/gz_plugin_vendor:/opt/ros/jazzy/opt/gz_fuel_tools_vendor:/opt/ros/jazzy/opt/gz_msgs_vendor:/opt/ros/jazzy/opt/gz_common_vendor:/opt/ros/jazzy/opt/gz_math_vendor:/opt/ros/jazzy/opt/gz_utils_vendor:/opt/ros/jazzy/opt/gz_tools_vendor:/opt/ros/jazzy/opt/gz_ogre_next_vendor:/opt/ros/jazzy/opt/gz_dartsim_vendor:/opt/ros/jazzy/opt/gz_cmake_vendor'}, 'shell': False}
[8.957025] (-) TimerEvent: {}
[9.057530] (-) TimerEvent: {}
[9.160144] (-) TimerEvent: {}
[9.261394] (-) TimerEvent: {}
[9.363499] (-) TimerEvent: {}
[9.451635] (py02_service) StdoutLine: {'line': b'running egg_info\n'}
[9.451792] (py02_service) StdoutLine: {'line': b'creating ../../build/py02_service/py02_service.egg-info\n'}
[9.466379] (-) TimerEvent: {}
[9.489918] (py02_service) StdoutLine: {'line': b'writing ../../build/py02_service/py02_service.egg-info/PKG-INFO\n'}
[9.490037] (py02_service) StdoutLine: {'line': b'writing dependency_links to ../../build/py02_service/py02_service.egg-info/dependency_links.txt\n'}
[9.490070] (py02_service) StdoutLine: {'line': b'writing entry points to ../../build/py02_service/py02_service.egg-info/entry_points.txt\n'}
[9.490229] (py02_service) StdoutLine: {'line': b'writing requirements to ../../build/py02_service/py02_service.egg-info/requires.txt\n'}
[9.490332] (py02_service) StdoutLine: {'line': b'writing top-level names to ../../build/py02_service/py02_service.egg-info/top_level.txt\n'}
[9.490451] (py02_service) StdoutLine: {'line': b"writing manifest file '../../build/py02_service/py02_service.egg-info/SOURCES.txt'\n"}
[9.566462] (-) TimerEvent: {}
[9.571484] (py02_service) StdoutLine: {'line': b"reading manifest file '../../build/py02_service/py02_service.egg-info/SOURCES.txt'\n"}
[9.571614] (py02_service) StdoutLine: {'line': b"writing manifest file '../../build/py02_service/py02_service.egg-info/SOURCES.txt'\n"}
[9.571705] (py02_service) StdoutLine: {'line': b'running build\n'}
[9.571820] (py02_service) StdoutLine: {'line': b'running build_py\n'}
[9.579157] (py02_service) StdoutLine: {'line': b'creating /home/loser/ws01_plumbing/build/py02_service/build\n'}
[9.579345] (py02_service) StdoutLine: {'line': b'creating /home/loser/ws01_plumbing/build/py02_service/build/lib\n'}
[9.579388] (py02_service) StdoutLine: {'line': b'creating /home/loser/ws01_plumbing/build/py02_service/build/lib/py02_service\n'}
[9.579418] (py02_service) StdoutLine: {'line': b'copying py02_service/__init__.py -> /home/loser/ws01_plumbing/build/py02_service/build/lib/py02_service\n'}
[9.579445] (py02_service) StdoutLine: {'line': b'copying py02_service/demo02_listener.py -> /home/loser/ws01_plumbing/build/py02_service/build/lib/py02_service\n'}
[9.579470] (py02_service) StdoutLine: {'line': b'copying py02_service/demo01_server.py -> /home/loser/ws01_plumbing/build/py02_service/build/lib/py02_service\n'}
[9.579493] (py02_service) StdoutLine: {'line': b'running install\n'}
[9.588124] (py02_service) StdoutLine: {'line': b'running install_lib\n'}
[9.627308] (py02_service) StdoutLine: {'line': b'creating /home/loser/ws01_plumbing/install/py02_service/lib/python3.12/site-packages/py02_service\n'}
[9.629154] (py02_service) StdoutLine: {'line': b'copying /home/loser/ws01_plumbing/build/py02_service/build/lib/py02_service/__init__.py -> /home/loser/ws01_plumbing/install/py02_service/lib/python3.12/site-packages/py02_service\n'}
[9.629235] (py02_service) StdoutLine: {'line': b'copying /home/loser/ws01_plumbing/build/py02_service/build/lib/py02_service/demo02_listener.py -> /home/loser/ws01_plumbing/install/py02_service/lib/python3.12/site-packages/py02_service\n'}
[9.629267] (py02_service) StdoutLine: {'line': b'copying /home/loser/ws01_plumbing/build/py02_service/build/lib/py02_service/demo01_server.py -> /home/loser/ws01_plumbing/install/py02_service/lib/python3.12/site-packages/py02_service\n'}
[9.629319] (py02_service) StdoutLine: {'line': b'byte-compiling /home/loser/ws01_plumbing/install/py02_service/lib/python3.12/site-packages/py02_service/__init__.py to __init__.cpython-312.pyc\n'}
[9.629350] (py02_service) StdoutLine: {'line': b'byte-compiling /home/loser/ws01_plumbing/install/py02_service/lib/python3.12/site-packages/py02_service/demo02_listener.py to demo02_listener.cpython-312.pyc\n'}
[9.629829] (py02_service) StdoutLine: {'line': b'byte-compiling /home/loser/ws01_plumbing/install/py02_service/lib/python3.12/site-packages/py02_service/demo01_server.py to demo01_server.cpython-312.pyc\n'}
[9.630051] (py02_service) StdoutLine: {'line': b'running install_data\n'}
[9.630211] (py02_service) StdoutLine: {'line': b'creating /home/loser/ws01_plumbing/install/py02_service/share/ament_index\n'}
[9.630275] (py02_service) StdoutLine: {'line': b'creating /home/loser/ws01_plumbing/install/py02_service/share/ament_index/resource_index\n'}
[9.630379] (py02_service) StdoutLine: {'line': b'creating /home/loser/ws01_plumbing/install/py02_service/share/ament_index/resource_index/packages\n'}
[9.630506] (py02_service) StdoutLine: {'line': b'copying resource/py02_service -> /home/loser/ws01_plumbing/install/py02_service/share/ament_index/resource_index/packages\n'}
[9.637166] (py02_service) StdoutLine: {'line': b'copying package.xml -> /home/loser/ws01_plumbing/install/py02_service/share/py02_service\n'}
[9.637278] (py02_service) StdoutLine: {'line': b'running install_egg_info\n'}
[9.669147] (-) TimerEvent: {}
[9.670963] (py02_service) StdoutLine: {'line': b'Copying ../../build/py02_service/py02_service.egg-info to /home/loser/ws01_plumbing/install/py02_service/lib/python3.12/site-packages/py02_service-0.0.0-py3.12.egg-info\n'}
[9.679134] (py02_service) StdoutLine: {'line': b'running install_scripts\n'}
[9.769246] (-) TimerEvent: {}
[9.872174] (-) TimerEvent: {}
[9.943577] (py02_service) StdoutLine: {'line': b'Installing demo01_server script to /home/loser/ws01_plumbing/install/py02_service/lib/py02_service\n'}
[9.945067] (py02_service) StdoutLine: {'line': b'Installing demo02_listener script to /home/loser/ws01_plumbing/install/py02_service/lib/py02_service\n'}
[9.945150] (py02_service) StdoutLine: {'line': b"writing list of installed files to '/home/loser/ws01_plumbing/build/py02_service/install.log'\n"}
[9.972311] (-) TimerEvent: {}
[10.034267] (py02_service) CommandEnded: {'returncode': 0}
[10.042264] (py02_service) JobEnded: {'identifier': 'py02_service', 'rc': 0}
[10.042788] (py03_action) JobStarted: {'identifier': 'py03_action'}
[10.072387] (-) TimerEvent: {}
[10.178154] (-) TimerEvent: {}
[10.278449] (-) TimerEvent: {}
[10.379082] (-) TimerEvent: {}
[10.481150] (-) TimerEvent: {}
[10.584145] (-) TimerEvent: {}
[10.684459] (-) TimerEvent: {}
[10.784727] (-) TimerEvent: {}
[10.885134] (-) TimerEvent: {}
[10.988202] (-) TimerEvent: {}
[11.088477] (-) TimerEvent: {}
[11.162125] (py03_action) Command: {'cmd': ['/usr/bin/python3', '-W', 'ignore:setup.py install is deprecated', '-W', 'ignore:easy_install command is deprecated', 'setup.py', 'egg_info', '--egg-base', '../../build/py03_action', 'build', '--build-base', '/home/loser/ws01_plumbing/build/py03_action/build', 'install', '--record', '/home/loser/ws01_plumbing/build/py03_action/install.log', '--single-version-externally-managed', 'install_data'], 'cwd': '/home/loser/ws01_plumbing/src/py03_action', 'env': {'GJS_DEBUG_TOPICS': 'JS ERROR;JS LOG', 'LESSOPEN': '| /usr/bin/lesspipe %s', 'GZ_SIM_RESOURCE_PATH': '/opt/ros/jazzy/share', 'USER': 'loser', 'LC_TIME': 'zh_CN.UTF-8', 'GZ_CONFIG_PATH': '/opt/ros/jazzy/opt/gz_sim_vendor/share/gz:/opt/ros/jazzy/opt/sdformat_vendor/share/gz:/opt/ros/jazzy/opt/gz_gui_vendor/share/gz:/opt/ros/jazzy/opt/gz_transport_vendor/share/gz:/opt/ros/jazzy/opt/gz_rendering_vendor/share/gz:/opt/ros/jazzy/opt/gz_plugin_vendor/share/gz:/opt/ros/jazzy/opt/gz_fuel_tools_vendor/share/gz:/opt/ros/jazzy/opt/gz_msgs_vendor/share/gz:/opt/ros/jazzy/opt/gz_common_vendor/share/gz', 'XDG_SESSION_TYPE': 'wayland', 'GIT_ASKPASS': '/usr/share/code/resources/app/extensions/git/dist/askpass.sh', 'CLUTTER_DISABLE_MIPMAPPED_TEXT': '1', 'SHLVL': '1', 'LIBGL_ALWAYS_SOFTWARE': '1', 'LD_LIBRARY_PATH': '/home/loser/ws01_plumbing/install/base_interfaces_demo/lib:/opt/ros/jazzy/opt/gz_sim_vendor/lib:/opt/ros/jazzy/opt/gz_sensors_vendor/lib:/opt/ros/jazzy/opt/gz_physics_vendor/lib:/opt/ros/jazzy/opt/sdformat_vendor/lib:/opt/ros/jazzy/opt/rviz_ogre_vendor/lib:/opt/ros/jazzy/lib/x86_64-linux-gnu:/opt/ros/jazzy/opt/gz_gui_vendor/lib:/opt/ros/jazzy/opt/gz_transport_vendor/lib:/opt/ros/jazzy/opt/gz_rendering_vendor/lib:/opt/ros/jazzy/opt/gz_plugin_vendor/lib:/opt/ros/jazzy/opt/gz_fuel_tools_vendor/lib:/opt/ros/jazzy/opt/gz_msgs_vendor/lib:/opt/ros/jazzy/opt/gz_common_vendor/lib:/opt/ros/jazzy/opt/gz_math_vendor/lib:/opt/ros/jazzy/opt/gz_utils_vendor/lib:/opt/ros/jazzy/opt/gz_tools_vendor/lib:/opt/ros/jazzy/opt/gz_ogre_next_vendor/lib:/opt/ros/jazzy/opt/gz_dartsim_vendor/lib:/opt/ros/jazzy/opt/gz_cmake_vendor/lib:/opt/ros/jazzy/lib', 'HOME': '/home/loser', 'CHROME_DESKTOP': 'code.desktop', 'TERM_PROGRAM_VERSION': '1.121.0', 'DESKTOP_SESSION': 'ubuntu', 'GIO_LAUNCHED_DESKTOP_FILE': '/usr/share/applications/code.desktop', 'ROS_PYTHON_VERSION': '3', 'GNOME_SHELL_SESSION_MODE': 'ubuntu', 'GTK_MODULES': 'gail:atk-bridge', 'VSCODE_GIT_ASKPASS_MAIN': '/usr/share/code/resources/app/extensions/git/dist/askpass-main.js', 'LC_MONETARY': 'zh_CN.UTF-8', 'VSCODE_GIT_ASKPASS_NODE': '/usr/share/code/code', 'MANAGERPID': '2282', 'SYSTEMD_EXEC_PID': '2501', 'IM_CONFIG_CHECK_ENV': '1', 'VSCODE_PYTHON_AUTOACTIVATE_GUARD': '1', 'GSM_SKIP_SSH_AGENT_WORKAROUND': 'true', 'DBUS_SESSION_BUS_ADDRESS': 'unix:path=/run/user/1000/bus', 'COLORTERM': 'truecolor', 'GIO_LAUNCHED_DESKTOP_FILE_PID': '4584', 'DEBUGINFOD_URLS': 'https://debuginfod.ubuntu.com', 'IM_CONFIG_PHASE': '1', 'WAYLAND_DISPLAY': 'wayland-0', 'ROS_DISTRO': 'jazzy', 'LOGNAME': 'loser', 'JOURNAL_STREAM': '9:28365', '_': '/usr/bin/colcon', 'ROS_VERSION': '2', 'MEMORY_PRESSURE_WATCH': '/sys/fs/cgroup/user.slice/user-1000.slice/user@1000.service/session.slice/org.gnome.Shell@wayland.service/memory.pressure', 'XDG_SESSION_CLASS': 'user', 'USERNAME': 'loser', 'TERM': 'xterm-256color', 'GNOME_DESKTOP_SESSION_ID': 'this-is-deprecated', 'FC_FONTATIONS': '1', 'PATH': '/home/loser/.config/Code/User/globalStorage/github.copilot-chat/debugCommand:/home/loser/.config/Code/User/globalStorage/github.copilot-chat/copilotCli:/opt/ros/jazzy/opt/gz_msgs_vendor/bin:/opt/ros/jazzy/opt/gz_tools_vendor/bin:/opt/ros/jazzy/opt/gz_ogre_next_vendor/bin:/opt/ros/jazzy/bin:/usr/local/sbin:/usr/local/bin:/usr/sbin:/usr/bin:/sbin:/bin:/usr/games:/usr/local/games:/snap/bin:/snap/bin', 'SESSION_MANAGER': 'local/loser-vm:@/tmp/.ICE-unix/2471,unix/loser-vm:/tmp/.ICE-unix/2471', 'INVOCATION_ID': '7445e4fbb8684575a4b0207dba2de19a', 'PAPERSIZE': 'a4', 'XDG_MENU_PREFIX': 'gnome-', 'LC_ADDRESS': 'zh_CN.UTF-8', 'GNOME_SETUP_DISPLAY': ':1', 'XDG_RUNTIME_DIR': '/run/user/1000', 'GDK_BACKEND': 'wayland', 'DISPLAY': ':0', 'LANG': 'zh_CN.UTF-8', 'XDG_CURRENT_DESKTOP': 'ubuntu:GNOME', 'LC_TELEPHONE': 'zh_CN.UTF-8', 'XMODIFIERS': '@im=ibus', 'XDG_SESSION_DESKTOP': 'ubuntu', 'XAUTHORITY': '/run/user/1000/.mutter-Xwaylandauth.9H1UP3', 'LS_COLORS': 'rs=0:di=01;34:ln=01;36:mh=00:pi=40;33:so=01;35:do=01;35:bd=40;33;01:cd=40;33;01:or=40;31;01:mi=00:su=37;41:sg=30;43:ca=00:tw=30;42:ow=34;42:st=37;44:ex=01;32:*.tar=01;31:*.tgz=01;31:*.arc=01;31:*.arj=01;31:*.taz=01;31:*.lha=01;31:*.lz4=01;31:*.lzh=01;31:*.lzma=01;31:*.tlz=01;31:*.txz=01;31:*.tzo=01;31:*.t7z=01;31:*.zip=01;31:*.z=01;31:*.dz=01;31:*.gz=01;31:*.lrz=01;31:*.lz=01;31:*.lzo=01;31:*.xz=01;31:*.zst=01;31:*.tzst=01;31:*.bz2=01;31:*.bz=01;31:*.tbz=01;31:*.tbz2=01;31:*.tz=01;31:*.deb=01;31:*.rpm=01;31:*.jar=01;31:*.war=01;31:*.ear=01;31:*.sar=01;31:*.rar=01;31:*.alz=01;31:*.ace=01;31:*.zoo=01;31:*.cpio=01;31:*.7z=01;31:*.rz=01;31:*.cab=01;31:*.wim=01;31:*.swm=01;31:*.dwm=01;31:*.esd=01;31:*.avif=01;35:*.jpg=01;35:*.jpeg=01;35:*.mjpg=01;35:*.mjpeg=01;35:*.gif=01;35:*.bmp=01;35:*.pbm=01;35:*.pgm=01;35:*.ppm=01;35:*.tga=01;35:*.xbm=01;35:*.xpm=01;35:*.tif=01;35:*.tiff=01;35:*.png=01;35:*.svg=01;35:*.svgz=01;35:*.mng=01;35:*.pcx=01;35:*.mov=01;35:*.mpg=01;35:*.mpeg=01;35:*.m2v=01;35:*.mkv=01;35:*.webm=01;35:*.webp=01;35:*.ogm=01;35:*.mp4=01;35:*.m4v=01;35:*.mp4v=01;35:*.vob=01;35:*.qt=01;35:*.nuv=01;35:*.wmv=01;35:*.asf=01;35:*.rm=01;35:*.rmvb=01;35:*.flc=01;35:*.avi=01;35:*.fli=01;35:*.flv=01;35:*.gl=01;35:*.dl=01;35:*.xcf=01;35:*.xwd=01;35:*.yuv=01;35:*.cgm=01;35:*.emf=01;35:*.ogv=01;35:*.ogx=01;35:*.aac=00;36:*.au=00;36:*.flac=00;36:*.m4a=00;36:*.mid=00;36:*.midi=00;36:*.mka=00;36:*.mp3=00;36:*.mpc=00;36:*.ogg=00;36:*.ra=00;36:*.wav=00;36:*.oga=00;36:*.opus=00;36:*.spx=00;36:*.xspf=00;36:*~=00;90:*#=00;90:*.bak=00;90:*.crdownload=00;90:*.dpkg-dist=00;90:*.dpkg-new=00;90:*.dpkg-old=00;90:*.dpkg-tmp=00;90:*.old=00;90:*.orig=00;90:*.part=00;90:*.rej=00;90:*.rpmnew=00;90:*.rpmorig=00;90:*.rpmsave=00;90:*.swp=00;90:*.tmp=00;90:*.ucf-dist=00;90:*.ucf-new=00;90:*.ucf-old=00;90:', 'VSCODE_GIT_IPC_HANDLE': '/run/user/1000/vscode-git-7f319e5332.sock', 'TERM_PROGRAM': 'vscode', 'SSH_AUTH_SOCK': '/run/user/1000/keyring/ssh', 'AMENT_PREFIX_PATH': '/home/loser/ws01_plumbing/install/base_interfaces_demo:/opt/ros/jazzy', 'SHELL': '/bin/bash', 'LC_NAME': 'zh_CN.UTF-8', 'QT_ACCESSIBILITY': '1', 'GDMSESSION': 'ubuntu', 'LESSCLOSE': '/usr/bin/lesspipe %s %s', 'LC_MEASUREMENT': 'zh_CN.UTF-8', 'GJS_DEBUG_OUTPUT': 'stderr', 'LC_IDENTIFICATION': 'zh_CN.UTF-8', 'ROS_AUTOMATIC_DISCOVERY_RANGE': 'SUBNET', 'VSCODE_GIT_ASKPASS_EXTRA_ARGS': '', 'QT_IM_MODULE': 'ibus', 'PWD': '/home/loser/ws01_plumbing/build/py03_action', 'XDG_CONFIG_DIRS': '/etc/xdg/xdg-ubuntu:/etc/xdg', 'XDG_DATA_DIRS': '/usr/share/ubuntu:/usr/share/gnome:/usr/local/share/:/usr/share/:/var/lib/snapd/desktop', 'QTWEBENGINE_DICTIONARIES_PATH': '/usr/share/hunspell-bdic/', 'PYTHONPATH': '/home/loser/ws01_plumbing/build/py03_action/prefix_override:/usr/lib/python3/dist-packages/colcon_core/task/python/colcon_distutils_commands:/home/loser/ws01_plumbing/install/py03_action/lib/python3.12/site-packages:/home/loser/ws01_plumbing/install/base_interfaces_demo/lib/python3.12/site-packages:/opt/ros/jazzy/lib/python3.12/site-packages', 'LC_NUMERIC': 'zh_CN.UTF-8', 'LC_PAPER': 'zh_CN.UTF-8', 'COLCON': '1', 'MEMORY_PRESSURE_WRITE': 'c29tZSAyMDAwMDAgMjAwMDAwMAA=', 'CMAKE_PREFIX_PATH': '/home/loser/ws01_plumbing/install/base_interfaces_demo:/opt/ros/jazzy/opt/gz_sim_vendor:/opt/ros/jazzy/opt/gz_sensors_vendor:/opt/ros/jazzy/opt/gz_physics_vendor:/opt/ros/jazzy/opt/sdformat_vendor:/opt/ros/jazzy/opt/gz_gui_vendor:/opt/ros/jazzy/opt/gz_transport_vendor:/opt/ros/jazzy/opt/gz_rendering_vendor:/opt/ros/jazzy/opt/gz_plugin_vendor:/opt/ros/jazzy/opt/gz_fuel_tools_vendor:/opt/ros/jazzy/opt/gz_msgs_vendor:/opt/ros/jazzy/opt/gz_common_vendor:/opt/ros/jazzy/opt/gz_math_vendor:/opt/ros/jazzy/opt/gz_utils_vendor:/opt/ros/jazzy/opt/gz_tools_vendor:/opt/ros/jazzy/opt/gz_ogre_next_vendor:/opt/ros/jazzy/opt/gz_dartsim_vendor:/opt/ros/jazzy/opt/gz_cmake_vendor'}, 'shell': False}
[11.190614] (-) TimerEvent: {}
[11.292146] (-) TimerEvent: {}
[11.392466] (-) TimerEvent: {}
[11.492868] (-) TimerEvent: {}
[11.563595] (py03_action) StdoutLine: {'line': b'running egg_info\n'}
[11.564154] (py03_action) StdoutLine: {'line': b'creating ../../build/py03_action/py03_action.egg-info\n'}
[11.589157] (py03_action) StdoutLine: {'line': b'writing ../../build/py03_action/py03_action.egg-info/PKG-INFO\n'}
[11.590220] (py03_action) StdoutLine: {'line': b'writing dependency_links to ../../build/py03_action/py03_action.egg-info/dependency_links.txt\n'}
[11.590399] (py03_action) StdoutLine: {'line': b'writing entry points to ../../build/py03_action/py03_action.egg-info/entry_points.txt\n'}
[11.592941] (-) TimerEvent: {}
[11.594641] (py03_action) StdoutLine: {'line': b'writing requirements to ../../build/py03_action/py03_action.egg-info/requires.txt\n'}
[11.594732] (py03_action) StdoutLine: {'line': b'writing top-level names to ../../build/py03_action/py03_action.egg-info/top_level.txt\n'}
[11.594765] (py03_action) StdoutLine: {'line': b"writing manifest file '../../build/py03_action/py03_action.egg-info/SOURCES.txt'\n"}
[11.638171] (py03_action) StdoutLine: {'line': b"reading manifest file '../../build/py03_action/py03_action.egg-info/SOURCES.txt'\n"}
[11.638626] (py03_action) StdoutLine: {'line': b"writing manifest file '../../build/py03_action/py03_action.egg-info/SOURCES.txt'\n"}
[11.638874] (py03_action) StdoutLine: {'line': b'running build\n'}
[11.638986] (py03_action) StdoutLine: {'line': b'running build_py\n'}
[11.639161] (py03_action) StdoutLine: {'line': b'creating /home/loser/ws01_plumbing/build/py03_action/build\n'}
[11.639226] (py03_action) StdoutLine: {'line': b'creating /home/loser/ws01_plumbing/build/py03_action/build/lib\n'}
[11.639276] (py03_action) StdoutLine: {'line': b'creating /home/loser/ws01_plumbing/build/py03_action/build/lib/py03_action\n'}
[11.641116] (py03_action) StdoutLine: {'line': b'copying py03_action/__init__.py -> /home/loser/ws01_plumbing/build/py03_action/build/lib/py03_action\n'}
[11.641193] (py03_action) StdoutLine: {'line': b'copying py03_action/demo01_action_server.py -> /home/loser/ws01_plumbing/build/py03_action/build/lib/py03_action\n'}
[11.641227] (py03_action) StdoutLine: {'line': b'running install\n'}
[11.647121] (py03_action) StdoutLine: {'line': b'running install_lib\n'}
[11.668173] (py03_action) StdoutLine: {'line': b'creating /home/loser/ws01_plumbing/install/py03_action/lib/python3.12/site-packages/py03_action\n'}
[11.668407] (py03_action) StdoutLine: {'line': b'copying /home/loser/ws01_plumbing/build/py03_action/build/lib/py03_action/__init__.py -> /home/loser/ws01_plumbing/install/py03_action/lib/python3.12/site-packages/py03_action\n'}
[11.668799] (py03_action) StdoutLine: {'line': b'copying /home/loser/ws01_plumbing/build/py03_action/build/lib/py03_action/demo01_action_server.py -> /home/loser/ws01_plumbing/install/py03_action/lib/python3.12/site-packages/py03_action\n'}
[11.671004] (py03_action) StdoutLine: {'line': b'byte-compiling /home/loser/ws01_plumbing/install/py03_action/lib/python3.12/site-packages/py03_action/__init__.py to __init__.cpython-312.pyc\n'}
[11.671083] (py03_action) StdoutLine: {'line': b'byte-compiling /home/loser/ws01_plumbing/install/py03_action/lib/python3.12/site-packages/py03_action/demo01_action_server.py to demo01_action_server.cpython-312.pyc\n'}
[11.671127] (py03_action) StdoutLine: {'line': b'running install_data\n'}
[11.671162] (py03_action) StdoutLine: {'line': b'creating /home/loser/ws01_plumbing/install/py03_action/share/ament_index\n'}
[11.671189] (py03_action) StdoutLine: {'line': b'creating /home/loser/ws01_plumbing/install/py03_action/share/ament_index/resource_index\n'}
[11.671214] (py03_action) StdoutLine: {'line': b'creating /home/loser/ws01_plumbing/install/py03_action/share/ament_index/resource_index/packages\n'}
[11.671238] (py03_action) StdoutLine: {'line': b'copying resource/py03_action -> /home/loser/ws01_plumbing/install/py03_action/share/ament_index/resource_index/packages\n'}
[11.671261] (py03_action) StdoutLine: {'line': b'copying package.xml -> /home/loser/ws01_plumbing/install/py03_action/share/py03_action\n'}
[11.671283] (py03_action) StdoutLine: {'line': b'running install_egg_info\n'}
[11.693276] (-) TimerEvent: {}
[11.694371] (py03_action) StdoutLine: {'line': b'Copying ../../build/py03_action/py03_action.egg-info to /home/loser/ws01_plumbing/install/py03_action/lib/python3.12/site-packages/py03_action-0.0.0-py3.12.egg-info\n'}
[11.694823] (py03_action) StdoutLine: {'line': b'running install_scripts\n'}
[11.796150] (-) TimerEvent: {}
[11.849695] (py03_action) StdoutLine: {'line': b'Installing demo01_action_server script to /home/loser/ws01_plumbing/install/py03_action/lib/py03_action\n'}
[11.851419] (py03_action) StdoutLine: {'line': b"writing list of installed files to '/home/loser/ws01_plumbing/build/py03_action/install.log'\n"}
[11.891418] (py03_action) CommandEnded: {'returncode': 0}
[11.896306] (-) TimerEvent: {}
[11.899676] (py03_action) JobEnded: {'identifier': 'py03_action', 'rc': 0}
[11.996416] (-) TimerEvent: {}
[12.096752] (-) TimerEvent: {}
[12.199155] (-) TimerEvent: {}
[12.299642] (-) TimerEvent: {}
[12.400143] (-) TimerEvent: {}
[12.503153] (-) TimerEvent: {}
[12.603445] (-) TimerEvent: {}
[12.703952] (-) TimerEvent: {}
[12.741136] (cpp03_action) StderrLine: {'line': b'\x1b[01m\x1b[K/home/loser/ws01_plumbing/src/cpp03_action/src/demo02_action_client.cpp:\x1b[m\x1b[K In function \xe2\x80\x98\x1b[01m\x1b[Kint\x1b[01;32m\x1b[K main\x1b[m\x1b[K(int, char**)\x1b[m\x1b[K\xe2\x80\x99:\n'}
[12.741706] (cpp03_action) StderrLine: {'line': b'\x1b[01m\x1b[K/home/loser/ws01_plumbing/src/cpp03_action/src/demo02_action_client.cpp:32:17:\x1b[m\x1b[K \x1b[01;31m\x1b[Kerror: \x1b[m\x1b[Kno matching function for call to \xe2\x80\x98\x1b[01m\x1b[Kspin()\x1b[m\x1b[K\xe2\x80\x99\n'}
[12.741752] (cpp03_action) StderrLine: {'line': b'   32 |     \x1b[01;31m\x1b[Krclcpp::spin()\x1b[m\x1b[K;\n'}
[12.741784] (cpp03_action) StderrLine: {'line': b'      |     \x1b[01;31m\x1b[K~~~~~~~~~~~~^~\x1b[m\x1b[K\n'}
[12.743125] (cpp03_action) StderrLine: {'line': b'In file included from \x1b[01m\x1b[K/opt/ros/jazzy/include/rclcpp/rclcpp/rclcpp.hpp:172\x1b[m\x1b[K,\n'}
[12.743216] (cpp03_action) StderrLine: {'line': b'                 from \x1b[01m\x1b[K/home/loser/ws01_plumbing/src/cpp03_action/src/demo02_action_client.cpp:1\x1b[m\x1b[K:\n'}
[12.743244] (cpp03_action) StderrLine: {'line': b'\x1b[01m\x1b[K/opt/ros/jazzy/include/rclcpp/rclcpp/executors.hpp:58:1:\x1b[m\x1b[K \x1b[01;36m\x1b[Knote: \x1b[m\x1b[Kcandidate: \xe2\x80\x98\x1b[01m\x1b[Kvoid rclcpp::\x1b[01;32m\x1b[Kspin\x1b[m\x1b[K(node_interfaces::NodeBaseInterface::SharedPtr)\x1b[m\x1b[K\xe2\x80\x99\n'}
[12.743271] (cpp03_action) StderrLine: {'line': b'   58 | \x1b[01;36m\x1b[Kspin\x1b[m\x1b[K(rclcpp::node_interfaces::NodeBaseInterface::SharedPtr node_ptr);\n'}
[12.743295] (cpp03_action) StderrLine: {'line': b'      | \x1b[01;36m\x1b[K^~~~\x1b[m\x1b[K\n'}
[12.743317] (cpp03_action) StderrLine: {'line': b'\x1b[01m\x1b[K/opt/ros/jazzy/include/rclcpp/rclcpp/executors.hpp:58:1:\x1b[m\x1b[K \x1b[01;36m\x1b[Knote: \x1b[m\x1b[K  candidate expects 1 argument, 0 provided\n'}
[12.743340] (cpp03_action) StderrLine: {'line': b'\x1b[01m\x1b[K/opt/ros/jazzy/include/rclcpp/rclcpp/executors.hpp:62:1:\x1b[m\x1b[K \x1b[01;36m\x1b[Knote: \x1b[m\x1b[Kcandidate: \xe2\x80\x98\x1b[01m\x1b[Kvoid rclcpp::\x1b[01;32m\x1b[Kspin\x1b[m\x1b[K(Node::SharedPtr)\x1b[m\x1b[K\xe2\x80\x99\n'}
[12.743369] (cpp03_action) StderrLine: {'line': b'   62 | \x1b[01;36m\x1b[Kspin\x1b[m\x1b[K(rclcpp::Node::SharedPtr node_ptr);\n'}
[12.743391] (cpp03_action) StderrLine: {'line': b'      | \x1b[01;36m\x1b[K^~~~\x1b[m\x1b[K\n'}
[12.743412] (cpp03_action) StderrLine: {'line': b'\x1b[01m\x1b[K/opt/ros/jazzy/include/rclcpp/rclcpp/executors.hpp:62:1:\x1b[m\x1b[K \x1b[01;36m\x1b[Knote: \x1b[m\x1b[K  candidate expects 1 argument, 0 provided\n'}
[12.805162] (-) TimerEvent: {}
[12.905661] (-) TimerEvent: {}
[12.939136] (cpp02_service) StdoutLine: {'line': b'[ 75%] \x1b[32m\x1b[1mLinking CXX executable demo01_server\x1b[0m\n'}
[13.005764] (-) TimerEvent: {}
[13.033894] (cpp02_service) StdoutLine: {'line': b'[100%] \x1b[32m\x1b[1mLinking CXX executable demo02_client\x1b[0m\n'}
[13.105872] (-) TimerEvent: {}
[13.182681] (cpp02_service) StdoutLine: {'line': b'[100%] Built target demo01_server\n'}
[13.205975] (-) TimerEvent: {}
[13.223049] (cpp02_service) StdoutLine: {'line': b'[100%] Built target demo02_client\n'}
[13.240292] (cpp02_service) CommandEnded: {'returncode': 0}
[13.243368] (cpp02_service) JobProgress: {'identifier': 'cpp02_service', 'progress': 'install'}
[13.247136] (cpp02_service) Command: {'cmd': ['/usr/bin/cmake', '--install', '/home/loser/ws01_plumbing/build/cpp02_service'], 'cwd': '/home/loser/ws01_plumbing/build/cpp02_service', 'env': OrderedDict({'GJS_DEBUG_TOPICS': 'JS ERROR;JS LOG', 'LESSOPEN': '| /usr/bin/lesspipe %s', 'GZ_SIM_RESOURCE_PATH': '/opt/ros/jazzy/share', 'USER': 'loser', 'LC_TIME': 'zh_CN.UTF-8', 'GZ_CONFIG_PATH': '/opt/ros/jazzy/opt/gz_sim_vendor/share/gz:/opt/ros/jazzy/opt/sdformat_vendor/share/gz:/opt/ros/jazzy/opt/gz_gui_vendor/share/gz:/opt/ros/jazzy/opt/gz_transport_vendor/share/gz:/opt/ros/jazzy/opt/gz_rendering_vendor/share/gz:/opt/ros/jazzy/opt/gz_plugin_vendor/share/gz:/opt/ros/jazzy/opt/gz_fuel_tools_vendor/share/gz:/opt/ros/jazzy/opt/gz_msgs_vendor/share/gz:/opt/ros/jazzy/opt/gz_common_vendor/share/gz', 'XDG_SESSION_TYPE': 'wayland', 'GIT_ASKPASS': '/usr/share/code/resources/app/extensions/git/dist/askpass.sh', 'CLUTTER_DISABLE_MIPMAPPED_TEXT': '1', 'SHLVL': '1', 'LIBGL_ALWAYS_SOFTWARE': '1', 'LD_LIBRARY_PATH': '/home/loser/ws01_plumbing/install/base_interfaces_demo/lib:/opt/ros/jazzy/opt/gz_sim_vendor/lib:/opt/ros/jazzy/opt/gz_sensors_vendor/lib:/opt/ros/jazzy/opt/gz_physics_vendor/lib:/opt/ros/jazzy/opt/sdformat_vendor/lib:/opt/ros/jazzy/opt/rviz_ogre_vendor/lib:/opt/ros/jazzy/lib/x86_64-linux-gnu:/opt/ros/jazzy/opt/gz_gui_vendor/lib:/opt/ros/jazzy/opt/gz_transport_vendor/lib:/opt/ros/jazzy/opt/gz_rendering_vendor/lib:/opt/ros/jazzy/opt/gz_plugin_vendor/lib:/opt/ros/jazzy/opt/gz_fuel_tools_vendor/lib:/opt/ros/jazzy/opt/gz_msgs_vendor/lib:/opt/ros/jazzy/opt/gz_common_vendor/lib:/opt/ros/jazzy/opt/gz_math_vendor/lib:/opt/ros/jazzy/opt/gz_utils_vendor/lib:/opt/ros/jazzy/opt/gz_tools_vendor/lib:/opt/ros/jazzy/opt/gz_ogre_next_vendor/lib:/opt/ros/jazzy/opt/gz_dartsim_vendor/lib:/opt/ros/jazzy/opt/gz_cmake_vendor/lib:/opt/ros/jazzy/lib', 'HOME': '/home/loser', 'CHROME_DESKTOP': 'code.desktop', 'TERM_PROGRAM_VERSION': '1.121.0', 'DESKTOP_SESSION': 'ubuntu', 'GIO_LAUNCHED_DESKTOP_FILE': '/usr/share/applications/code.desktop', 'ROS_PYTHON_VERSION': '3', 'GNOME_SHELL_SESSION_MODE': 'ubuntu', 'GTK_MODULES': 'gail:atk-bridge', 'VSCODE_GIT_ASKPASS_MAIN': '/usr/share/code/resources/app/extensions/git/dist/askpass-main.js', 'LC_MONETARY': 'zh_CN.UTF-8', 'VSCODE_GIT_ASKPASS_NODE': '/usr/share/code/code', 'MANAGERPID': '2282', 'SYSTEMD_EXEC_PID': '2501', 'IM_CONFIG_CHECK_ENV': '1', 'VSCODE_PYTHON_AUTOACTIVATE_GUARD': '1', 'GSM_SKIP_SSH_AGENT_WORKAROUND': 'true', 'DBUS_SESSION_BUS_ADDRESS': 'unix:path=/run/user/1000/bus', 'COLORTERM': 'truecolor', 'GIO_LAUNCHED_DESKTOP_FILE_PID': '4584', 'DEBUGINFOD_URLS': 'https://debuginfod.ubuntu.com', 'IM_CONFIG_PHASE': '1', 'WAYLAND_DISPLAY': 'wayland-0', 'ROS_DISTRO': 'jazzy', 'LOGNAME': 'loser', 'JOURNAL_STREAM': '9:28365', '_': '/usr/bin/colcon', 'ROS_VERSION': '2', 'MEMORY_PRESSURE_WATCH': '/sys/fs/cgroup/user.slice/user-1000.slice/user@1000.service/session.slice/org.gnome.Shell@wayland.service/memory.pressure', 'XDG_SESSION_CLASS': 'user', 'USERNAME': 'loser', 'TERM': 'xterm-256color', 'GNOME_DESKTOP_SESSION_ID': 'this-is-deprecated', 'FC_FONTATIONS': '1', 'PATH': '/home/loser/.config/Code/User/globalStorage/github.copilot-chat/debugCommand:/home/loser/.config/Code/User/globalStorage/github.copilot-chat/copilotCli:/opt/ros/jazzy/opt/gz_msgs_vendor/bin:/opt/ros/jazzy/opt/gz_tools_vendor/bin:/opt/ros/jazzy/opt/gz_ogre_next_vendor/bin:/opt/ros/jazzy/bin:/usr/local/sbin:/usr/local/bin:/usr/sbin:/usr/bin:/sbin:/bin:/usr/games:/usr/local/games:/snap/bin:/snap/bin', 'SESSION_MANAGER': 'local/loser-vm:@/tmp/.ICE-unix/2471,unix/loser-vm:/tmp/.ICE-unix/2471', 'INVOCATION_ID': '7445e4fbb8684575a4b0207dba2de19a', 'PAPERSIZE': 'a4', 'XDG_MENU_PREFIX': 'gnome-', 'LC_ADDRESS': 'zh_CN.UTF-8', 'GNOME_SETUP_DISPLAY': ':1', 'XDG_RUNTIME_DIR': '/run/user/1000', 'GDK_BACKEND': 'wayland', 'DISPLAY': ':0', 'LANG': 'zh_CN.UTF-8', 'XDG_CURRENT_DESKTOP': 'ubuntu:GNOME', 'LC_TELEPHONE': 'zh_CN.UTF-8', 'XMODIFIERS': '@im=ibus', 'XDG_SESSION_DESKTOP': 'ubuntu', 'XAUTHORITY': '/run/user/1000/.mutter-Xwaylandauth.9H1UP3', 'LS_COLORS': 'rs=0:di=01;34:ln=01;36:mh=00:pi=40;33:so=01;35:do=01;35:bd=40;33;01:cd=40;33;01:or=40;31;01:mi=00:su=37;41:sg=30;43:ca=00:tw=30;42:ow=34;42:st=37;44:ex=01;32:*.tar=01;31:*.tgz=01;31:*.arc=01;31:*.arj=01;31:*.taz=01;31:*.lha=01;31:*.lz4=01;31:*.lzh=01;31:*.lzma=01;31:*.tlz=01;31:*.txz=01;31:*.tzo=01;31:*.t7z=01;31:*.zip=01;31:*.z=01;31:*.dz=01;31:*.gz=01;31:*.lrz=01;31:*.lz=01;31:*.lzo=01;31:*.xz=01;31:*.zst=01;31:*.tzst=01;31:*.bz2=01;31:*.bz=01;31:*.tbz=01;31:*.tbz2=01;31:*.tz=01;31:*.deb=01;31:*.rpm=01;31:*.jar=01;31:*.war=01;31:*.ear=01;31:*.sar=01;31:*.rar=01;31:*.alz=01;31:*.ace=01;31:*.zoo=01;31:*.cpio=01;31:*.7z=01;31:*.rz=01;31:*.cab=01;31:*.wim=01;31:*.swm=01;31:*.dwm=01;31:*.esd=01;31:*.avif=01;35:*.jpg=01;35:*.jpeg=01;35:*.mjpg=01;35:*.mjpeg=01;35:*.gif=01;35:*.bmp=01;35:*.pbm=01;35:*.pgm=01;35:*.ppm=01;35:*.tga=01;35:*.xbm=01;35:*.xpm=01;35:*.tif=01;35:*.tiff=01;35:*.png=01;35:*.svg=01;35:*.svgz=01;35:*.mng=01;35:*.pcx=01;35:*.mov=01;35:*.mpg=01;35:*.mpeg=01;35:*.m2v=01;35:*.mkv=01;35:*.webm=01;35:*.webp=01;35:*.ogm=01;35:*.mp4=01;35:*.m4v=01;35:*.mp4v=01;35:*.vob=01;35:*.qt=01;35:*.nuv=01;35:*.wmv=01;35:*.asf=01;35:*.rm=01;35:*.rmvb=01;35:*.flc=01;35:*.avi=01;35:*.fli=01;35:*.flv=01;35:*.gl=01;35:*.dl=01;35:*.xcf=01;35:*.xwd=01;35:*.yuv=01;35:*.cgm=01;35:*.emf=01;35:*.ogv=01;35:*.ogx=01;35:*.aac=00;36:*.au=00;36:*.flac=00;36:*.m4a=00;36:*.mid=00;36:*.midi=00;36:*.mka=00;36:*.mp3=00;36:*.mpc=00;36:*.ogg=00;36:*.ra=00;36:*.wav=00;36:*.oga=00;36:*.opus=00;36:*.spx=00;36:*.xspf=00;36:*~=00;90:*#=00;90:*.bak=00;90:*.crdownload=00;90:*.dpkg-dist=00;90:*.dpkg-new=00;90:*.dpkg-old=00;90:*.dpkg-tmp=00;90:*.old=00;90:*.orig=00;90:*.part=00;90:*.rej=00;90:*.rpmnew=00;90:*.rpmorig=00;90:*.rpmsave=00;90:*.swp=00;90:*.tmp=00;90:*.ucf-dist=00;90:*.ucf-new=00;90:*.ucf-old=00;90:', 'VSCODE_GIT_IPC_HANDLE': '/run/user/1000/vscode-git-7f319e5332.sock', 'TERM_PROGRAM': 'vscode', 'SSH_AUTH_SOCK': '/run/user/1000/keyring/ssh', 'AMENT_PREFIX_PATH': '/home/loser/ws01_plumbing/install/base_interfaces_demo:/opt/ros/jazzy', 'SHELL': '/bin/bash', 'LC_NAME': 'zh_CN.UTF-8', 'QT_ACCESSIBILITY': '1', 'GDMSESSION': 'ubuntu', 'LESSCLOSE': '/usr/bin/lesspipe %s %s', 'LC_MEASUREMENT': 'zh_CN.UTF-8', 'GJS_DEBUG_OUTPUT': 'stderr', 'LC_IDENTIFICATION': 'zh_CN.UTF-8', 'ROS_AUTOMATIC_DISCOVERY_RANGE': 'SUBNET', 'VSCODE_GIT_ASKPASS_EXTRA_ARGS': '', 'QT_IM_MODULE': 'ibus', 'PWD': '/home/loser/ws01_plumbing/build/cpp02_service', 'XDG_CONFIG_DIRS': '/etc/xdg/xdg-ubuntu:/etc/xdg', 'XDG_DATA_DIRS': '/usr/share/ubuntu:/usr/share/gnome:/usr/local/share/:/usr/share/:/var/lib/snapd/desktop', 'QTWEBENGINE_DICTIONARIES_PATH': '/usr/share/hunspell-bdic/', 'PYTHONPATH': '/home/loser/ws01_plumbing/install/base_interfaces_demo/lib/python3.12/site-packages:/opt/ros/jazzy/lib/python3.12/site-packages', 'LC_NUMERIC': 'zh_CN.UTF-8', 'LC_PAPER': 'zh_CN.UTF-8', 'COLCON': '1', 'MEMORY_PRESSURE_WRITE': 'c29tZSAyMDAwMDAgMjAwMDAwMAA=', 'CMAKE_PREFIX_PATH': '/home/loser/ws01_plumbing/install/base_interfaces_demo:/opt/ros/jazzy/opt/gz_sim_vendor:/opt/ros/jazzy/opt/gz_sensors_vendor:/opt/ros/jazzy/opt/gz_physics_vendor:/opt/ros/jazzy/opt/sdformat_vendor:/opt/ros/jazzy/opt/gz_gui_vendor:/opt/ros/jazzy/opt/gz_transport_vendor:/opt/ros/jazzy/opt/gz_rendering_vendor:/opt/ros/jazzy/opt/gz_plugin_vendor:/opt/ros/jazzy/opt/gz_fuel_tools_vendor:/opt/ros/jazzy/opt/gz_msgs_vendor:/opt/ros/jazzy/opt/gz_common_vendor:/opt/ros/jazzy/opt/gz_math_vendor:/opt/ros/jazzy/opt/gz_utils_vendor:/opt/ros/jazzy/opt/gz_tools_vendor:/opt/ros/jazzy/opt/gz_ogre_next_vendor:/opt/ros/jazzy/opt/gz_dartsim_vendor:/opt/ros/jazzy/opt/gz_cmake_vendor:/opt/ros/jazzy'}), 'shell': False}
[13.265140] (cpp02_service) StdoutLine: {'line': b'-- Install configuration: ""\n'}
[13.265304] (cpp02_service) StdoutLine: {'line': b'-- Installing: /home/loser/ws01_plumbing/install/cpp02_service/lib/cpp02_service/demo01_server\n'}
[13.265344] (cpp02_service) StdoutLine: {'line': b'-- Set non-toolchain portion of runtime path of "/home/loser/ws01_plumbing/install/cpp02_service/lib/cpp02_service/demo01_server" to ""\n'}
[13.265378] (cpp02_service) StdoutLine: {'line': b'-- Installing: /home/loser/ws01_plumbing/install/cpp02_service/lib/cpp02_service/demo02_client\n'}
[13.265408] (cpp02_service) StdoutLine: {'line': b'-- Set non-toolchain portion of runtime path of "/home/loser/ws01_plumbing/install/cpp02_service/lib/cpp02_service/demo02_client" to ""\n'}
[13.265437] (cpp02_service) StdoutLine: {'line': b'-- Installing: /home/loser/ws01_plumbing/install/cpp02_service/share/ament_index/resource_index/package_run_dependencies/cpp02_service\n'}
[13.265467] (cpp02_service) StdoutLine: {'line': b'-- Installing: /home/loser/ws01_plumbing/install/cpp02_service/share/ament_index/resource_index/parent_prefix_path/cpp02_service\n'}
[13.265495] (cpp02_service) StdoutLine: {'line': b'-- Installing: /home/loser/ws01_plumbing/install/cpp02_service/share/cpp02_service/environment/ament_prefix_path.sh\n'}
[13.265552] (cpp02_service) StdoutLine: {'line': b'-- Installing: /home/loser/ws01_plumbing/install/cpp02_service/share/cpp02_service/environment/ament_prefix_path.dsv\n'}
[13.265583] (cpp02_service) StdoutLine: {'line': b'-- Installing: /home/loser/ws01_plumbing/install/cpp02_service/share/cpp02_service/environment/path.sh\n'}
[13.265611] (cpp02_service) StdoutLine: {'line': b'-- Installing: /home/loser/ws01_plumbing/install/cpp02_service/share/cpp02_service/environment/path.dsv\n'}
[13.265640] (cpp02_service) StdoutLine: {'line': b'-- Installing: /home/loser/ws01_plumbing/install/cpp02_service/share/cpp02_service/local_setup.bash\n'}
[13.265685] (cpp02_service) StdoutLine: {'line': b'-- Installing: /home/loser/ws01_plumbing/install/cpp02_service/share/cpp02_service/local_setup.sh\n'}
[13.265713] (cpp02_service) StdoutLine: {'line': b'-- Installing: /home/loser/ws01_plumbing/install/cpp02_service/share/cpp02_service/local_setup.zsh\n'}
[13.265749] (cpp02_service) StdoutLine: {'line': b'-- Installing: /home/loser/ws01_plumbing/install/cpp02_service/share/cpp02_service/local_setup.dsv\n'}
[13.268148] (cpp02_service) StdoutLine: {'line': b'-- Installing: /home/loser/ws01_plumbing/install/cpp02_service/share/cpp02_service/package.dsv\n'}
[13.268261] (cpp02_service) StdoutLine: {'line': b'-- Installing: /home/loser/ws01_plumbing/install/cpp02_service/share/ament_index/resource_index/packages/cpp02_service\n'}
[13.268319] (cpp02_service) StdoutLine: {'line': b'-- Installing: /home/loser/ws01_plumbing/install/cpp02_service/share/cpp02_service/cmake/cpp02_serviceConfig.cmake\n'}
[13.268364] (cpp02_service) StdoutLine: {'line': b'-- Installing: /home/loser/ws01_plumbing/install/cpp02_service/share/cpp02_service/cmake/cpp02_serviceConfig-version.cmake\n'}
[13.268415] (cpp02_service) StdoutLine: {'line': b'-- Installing: /home/loser/ws01_plumbing/install/cpp02_service/share/cpp02_service/package.xml\n'}
[13.272350] (cpp02_service) CommandEnded: {'returncode': 0}
[13.297896] (cpp02_service) JobEnded: {'identifier': 'cpp02_service', 'rc': 0}
[13.306084] (-) TimerEvent: {}
[13.407412] (-) TimerEvent: {}
[13.507899] (-) TimerEvent: {}
[13.608869] (-) TimerEvent: {}
[13.713168] (-) TimerEvent: {}
[13.815159] (-) TimerEvent: {}
[13.915439] (-) TimerEvent: {}
[13.983603] (cpp03_action) StderrLine: {'line': b'gmake[2]: *** [CMakeFiles/demo02_action_client.dir/build.make:76\xef\xbc\x9aCMakeFiles/demo02_action_client.dir/src/demo02_action_client.cpp.o] \xe9\x94\x99\xe8\xaf\xaf 1\n'}
[13.984224] (cpp03_action) StderrLine: {'line': b'gmake[1]: *** [CMakeFiles/Makefile2:165\xef\xbc\x9aCMakeFiles/demo02_action_client.dir/all] \xe9\x94\x99\xe8\xaf\xaf 2\n'}
[13.984273] (cpp03_action) StderrLine: {'line': b'gmake[1]: *** \xe6\xad\xa3\xe5\x9c\xa8\xe7\xad\x89\xe5\xbe\x85\xe6\x9c\xaa\xe5\xae\x8c\xe6\x88\x90\xe7\x9a\x84\xe4\xbb\xbb\xe5\x8a\xa1....\n'}
[14.015559] (-) TimerEvent: {}
[14.115834] (-) TimerEvent: {}
[14.216116] (-) TimerEvent: {}
[14.270136] (cpp01_topic) StdoutLine: {'line': b'[ 62%] \x1b[32m\x1b[1mLinking CXX executable demo_str_cpp_publisher\x1b[0m\n'}
[14.297281] (cpp03_action) StdoutLine: {'line': b'[ 75%] \x1b[32m\x1b[1mLinking CXX executable demo01_action_server\x1b[0m\n'}
[14.316261] (-) TimerEvent: {}
[14.416706] (-) TimerEvent: {}
[14.452252] (cpp03_action) StdoutLine: {'line': b'[ 75%] Built target demo01_action_server\n'}
[14.458196] (cpp03_action) StderrLine: {'line': b'gmake: *** [Makefile:146\xef\xbc\x9aall] \xe9\x94\x99\xe8\xaf\xaf 2\n'}
[14.459491] (cpp03_action) CommandEnded: {'returncode': 2}
[14.462750] (cpp03_action) JobEnded: {'identifier': 'cpp03_action', 'rc': 2}
[14.510568] (cpp01_topic) StdoutLine: {'line': b'[ 62%] Built target demo_str_cpp_publisher\n'}
[14.516889] (-) TimerEvent: {}
[14.530662] (cpp01_topic) StdoutLine: {'line': b'[ 75%] \x1b[32m\x1b[1mLinking CXX executable demo_stu_cpp_publisher\x1b[0m\n'}
[14.616997] (-) TimerEvent: {}
[14.686597] (cpp01_topic) StdoutLine: {'line': b'[ 75%] Built target demo_stu_cpp_publisher\n'}
[14.717391] (-) TimerEvent: {}
[14.817808] (-) TimerEvent: {}
[14.918297] (-) TimerEvent: {}
[15.018727] (-) TimerEvent: {}
[15.119325] (-) TimerEvent: {}
[15.219600] (-) TimerEvent: {}
[15.319857] (-) TimerEvent: {}
[15.420106] (-) TimerEvent: {}
[15.521357] (-) TimerEvent: {}
[15.621608] (-) TimerEvent: {}
[15.721855] (-) TimerEvent: {}
[15.822096] (-) TimerEvent: {}
[15.922360] (-) TimerEvent: {}
[16.023290] (-) TimerEvent: {}
[16.123593] (-) TimerEvent: {}
[16.224022] (-) TimerEvent: {}
[16.324472] (-) TimerEvent: {}
[16.424934] (-) TimerEvent: {}
[16.476048] (cpp01_topic) StdoutLine: {'line': b'[ 87%] \x1b[32m\x1b[1mLinking CXX executable demo_stu_cpp_listener\x1b[0m\n'}
[16.525037] (-) TimerEvent: {}
[16.625276] (-) TimerEvent: {}
[16.688526] (cpp01_topic) StdoutLine: {'line': b'[ 87%] Built target demo_stu_cpp_listener\n'}
[16.725426] (-) TimerEvent: {}
[16.825970] (-) TimerEvent: {}
[16.892345] (cpp01_topic) StdoutLine: {'line': b'[100%] \x1b[32m\x1b[1mLinking CXX executable demo_str_cpp_listener\x1b[0m\n'}
[16.926100] (-) TimerEvent: {}
[17.026550] (-) TimerEvent: {}
[17.057176] (cpp01_topic) StdoutLine: {'line': b'[100%] Built target demo_str_cpp_listener\n'}
[17.069321] (cpp01_topic) JobEnded: {'identifier': 'cpp01_topic', 'rc': 'SIGINT'}
[17.079796] (-) EventReactorShutdown: {}
