[0.000000] (-) TimerEvent: {}
[0.000136] (base_interfaces_demo) JobQueued: {'identifier': 'base_interfaces_demo', 'dependencies': OrderedDict()}
[0.000157] (cpp01_topic) JobQueued: {'identifier': 'cpp01_topic', 'dependencies': OrderedDict([('base_interfaces_demo', '/home/loser/ws01_plumbing/install/base_interfaces_demo')])}
[0.000173] (cpp02_service) JobQueued: {'identifier': 'cpp02_service', 'dependencies': OrderedDict([('base_interfaces_demo', '/home/loser/ws01_plumbing/install/base_interfaces_demo')])}
[0.000184] (cpp03_action) JobQueued: {'identifier': 'cpp03_action', 'dependencies': OrderedDict([('base_interfaces_demo', '/home/loser/ws01_plumbing/install/base_interfaces_demo')])}
[0.000190] (py01_topic) JobQueued: {'identifier': 'py01_topic', 'dependencies': OrderedDict([('base_interfaces_demo', '/home/loser/ws01_plumbing/install/base_interfaces_demo')])}
[0.000197] (py02_service) JobQueued: {'identifier': 'py02_service', 'dependencies': OrderedDict([('base_interfaces_demo', '/home/loser/ws01_plumbing/install/base_interfaces_demo')])}
[0.000227] (py03_action) JobQueued: {'identifier': 'py03_action', 'dependencies': OrderedDict([('base_interfaces_demo', '/home/loser/ws01_plumbing/install/base_interfaces_demo')])}
[0.000237] (base_interfaces_demo) JobStarted: {'identifier': 'base_interfaces_demo'}
[0.006050] (base_interfaces_demo) JobProgress: {'identifier': 'base_interfaces_demo', 'progress': 'cmake'}
[0.016230] (base_interfaces_demo) JobProgress: {'identifier': 'base_interfaces_demo', 'progress': 'build'}
[0.016418] (base_interfaces_demo) Command: {'cmd': ['/usr/bin/cmake', '--build', '/home/loser/ws01_plumbing/build/base_interfaces_demo', '--', '-j4', '-l4'], 'cwd': '/home/loser/ws01_plumbing/build/base_interfaces_demo', 'env': OrderedDict([('GJS_DEBUG_TOPICS', 'JS ERROR;JS LOG'), ('PYTHON_BASIC_REPL', '1'), ('LESSOPEN', '| /usr/bin/lesspipe %s'), ('LANGUAGE', 'zh_CN:en'), ('USER', 'loser'), ('LC_TIME', 'zh_CN.UTF-8'), ('XDG_SESSION_TYPE', 'wayland'), ('SHLVL', '1'), ('LD_LIBRARY_PATH', '/home/loser/ws01_plumbing/install/base_interfaces_demo/lib:/usr/lib/x86_64-linux-gnu/gazebo-11/plugins:/opt/ros/humble/opt/rviz_ogre_vendor/lib:/opt/ros/humble/lib/x86_64-linux-gnu:/opt/ros/humble/lib'), ('HOME', '/home/loser'), ('CHROME_DESKTOP', 'code.desktop'), ('OLDPWD', '/home/loser/ws01_plumbing/src'), ('TERM_PROGRAM_VERSION', '1.121.0'), ('DESKTOP_SESSION', 'ubuntu'), ('GIO_LAUNCHED_DESKTOP_FILE', '/usr/share/applications/code.desktop'), ('ROS_PYTHON_VERSION', '3'), ('GNOME_SHELL_SESSION_MODE', 'ubuntu'), ('GTK_MODULES', 'gail:atk-bridge'), ('LC_MONETARY', 'zh_CN.UTF-8'), ('MANAGERPID', '1438'), ('SYSTEMD_EXEC_PID', '1625'), ('IM_CONFIG_CHECK_ENV', '1'), ('VSCODE_PYTHON_AUTOACTIVATE_GUARD', '1'), ('DBUS_SESSION_BUS_ADDRESS', 'unix:path=/run/user/1000/bus'), ('COLORTERM', 'truecolor'), ('GIO_LAUNCHED_DESKTOP_FILE_PID', '2247'), ('IM_CONFIG_PHASE', '1'), ('WAYLAND_DISPLAY', 'wayland-0'), ('COLCON_PREFIX_PATH', '/home/loser/ws01_plumbing/install'), ('ROS_DISTRO', 'humble'), ('GTK_IM_MODULE', 'fcitx'), ('LOGNAME', 'loser'), ('JOURNAL_STREAM', '8:20539'), ('_', '/usr/bin/colcon'), ('ROS_VERSION', '2'), ('XDG_SESSION_CLASS', 'user'), ('USERNAME', 'loser'), ('TERM', 'xterm-256color'), ('GNOME_DESKTOP_SESSION_ID', 'this-is-deprecated'), ('FC_FONTATIONS', '1'), ('ROS_LOCALHOST_ONLY', '0'), ('PATH', '/home/loser/.config/Code/User/globalStorage/github.copilot-chat/debugCommand:/home/loser/.config/Code/User/globalStorage/github.copilot-chat/copilotCli:/opt/ros/humble/bin:/usr/local/sbin:/usr/local/bin:/usr/sbin:/usr/bin:/sbin:/bin:/usr/games:/usr/local/games:/snap/bin:/snap/bin'), ('SESSION_MANAGER', 'local/loser-vm:@/tmp/.ICE-unix/1579,unix/loser-vm:/tmp/.ICE-unix/1579'), ('INVOCATION_ID', 'c066e5289e1f46339e91e1906c356ea9'), ('PAPERSIZE', 'a4'), ('XDG_MENU_PREFIX', 'gnome-'), ('LC_ADDRESS', 'zh_CN.UTF-8'), ('GNOME_SETUP_DISPLAY', ':1'), ('XDG_RUNTIME_DIR', '/run/user/1000'), ('GDK_BACKEND', 'wayland'), ('DISPLAY', ':0'), ('LANG', 'zh_CN.UTF-8'), ('XDG_CURRENT_DESKTOP', 'ubuntu:GNOME'), ('PYTHONSTARTUP', '/home/loser/.config/Code/User/workspaceStorage/8648397a620a1c47015fb5f0b3e3803b/ms-python.python/pythonrc.py'), ('LC_TELEPHONE', 'zh_CN.UTF-8'), ('XMODIFIERS', '@im=fcitx'), ('XDG_SESSION_DESKTOP', 'ubuntu'), ('XAUTHORITY', '/run/user/1000/.mutter-Xwaylandauth.RLY4P3'), ('LS_COLORS', 'rs=0:di=01;34:ln=01;36:mh=00:pi=40;33:so=01;35:do=01;35:bd=40;33;01:cd=40;33;01:or=40;31;01:mi=00:su=37;41:sg=30;43:ca=30;41:tw=30;42:ow=34;42:st=37;44:ex=01;32:*.tar=01;31:*.tgz=01;31:*.arc=01;31:*.arj=01;31:*.taz=01;31:*.lha=01;31:*.lz4=01;31:*.lzh=01;31:*.lzma=01;31:*.tlz=01;31:*.txz=01;31:*.tzo=01;31:*.t7z=01;31:*.zip=01;31:*.z=01;31:*.dz=01;31:*.gz=01;31:*.lrz=01;31:*.lz=01;31:*.lzo=01;31:*.xz=01;31:*.zst=01;31:*.tzst=01;31:*.bz2=01;31:*.bz=01;31:*.tbz=01;31:*.tbz2=01;31:*.tz=01;31:*.deb=01;31:*.rpm=01;31:*.jar=01;31:*.war=01;31:*.ear=01;31:*.sar=01;31:*.rar=01;31:*.alz=01;31:*.ace=01;31:*.zoo=01;31:*.cpio=01;31:*.7z=01;31:*.rz=01;31:*.cab=01;31:*.wim=01;31:*.swm=01;31:*.dwm=01;31:*.esd=01;31:*.jpg=01;35:*.jpeg=01;35:*.mjpg=01;35:*.mjpeg=01;35:*.gif=01;35:*.bmp=01;35:*.pbm=01;35:*.pgm=01;35:*.ppm=01;35:*.tga=01;35:*.xbm=01;35:*.xpm=01;35:*.tif=01;35:*.tiff=01;35:*.png=01;35:*.svg=01;35:*.svgz=01;35:*.mng=01;35:*.pcx=01;35:*.mov=01;35:*.mpg=01;35:*.mpeg=01;35:*.m2v=01;35:*.mkv=01;35:*.webm=01;35:*.webp=01;35:*.ogm=01;35:*.mp4=01;35:*.m4v=01;35:*.mp4v=01;35:*.vob=01;35:*.qt=01;35:*.nuv=01;35:*.wmv=01;35:*.asf=01;35:*.rm=01;35:*.rmvb=01;35:*.flc=01;35:*.avi=01;35:*.fli=01;35:*.flv=01;35:*.gl=01;35:*.dl=01;35:*.xcf=01;35:*.xwd=01;35:*.yuv=01;35:*.cgm=01;35:*.emf=01;35:*.ogv=01;35:*.ogx=01;35:*.aac=00;36:*.au=00;36:*.flac=00;36:*.m4a=00;36:*.mid=00;36:*.midi=00;36:*.mka=00;36:*.mp3=00;36:*.mpc=00;36:*.ogg=00;36:*.ra=00;36:*.wav=00;36:*.oga=00;36:*.opus=00;36:*.spx=00;36:*.xspf=00;36:'), ('TERM_PROGRAM', 'vscode'), ('SSH_AGENT_LAUNCHER', 'gnome-keyring'), ('SSH_AUTH_SOCK', '/run/user/1000/keyring/ssh'), ('AMENT_PREFIX_PATH', '/home/loser/ws01_plumbing/install/py02_service:/home/loser/ws01_plumbing/install/py01_topic:/home/loser/ws01_plumbing/install/cpp02_service:/home/loser/ws01_plumbing/install/cpp01_topic:/home/loser/ws01_plumbing/install/base_interfaces_demo:/opt/ros/humble'), ('SHELL', '/bin/bash'), ('LC_NAME', 'zh_CN.UTF-8'), ('QT_ACCESSIBILITY', '1'), ('GDMSESSION', 'ubuntu'), ('LESSCLOSE', '/usr/bin/lesspipe %s %s'), ('LC_MEASUREMENT', 'zh_CN.UTF-8'), ('GJS_DEBUG_OUTPUT', 'stderr'), ('LC_IDENTIFICATION', 'zh_CN.UTF-8'), ('QT_IM_MODULE', 'fcitx'), ('PWD', '/home/loser/ws01_plumbing/build/base_interfaces_demo'), ('XDG_CONFIG_DIRS', '/etc/xdg/xdg-ubuntu:/etc/xdg'), ('CLUTTER_IM_MODULE', 'xim'), ('XDG_DATA_DIRS', '/usr/share/ubuntu:/usr/local/share/:/usr/share/:/var/lib/snapd/desktop'), ('PYTHONPATH', '/home/loser/ws01_plumbing/install/py02_service/lib/python3.10/site-packages:/home/loser/ws01_plumbing/install/py01_topic/lib/python3.10/site-packages:/home/loser/ws01_plumbing/install/base_interfaces_demo/local/lib/python3.10/dist-packages:/opt/ros/humble/lib/python3.10/site-packages:/opt/ros/humble/local/lib/python3.10/dist-packages'), ('LC_NUMERIC', 'zh_CN.UTF-8'), ('LC_PAPER', 'zh_CN.UTF-8'), ('COLCON', '1'), ('CMAKE_PREFIX_PATH', '/home/loser/ws01_plumbing/install/cpp02_service:/home/loser/ws01_plumbing/install/cpp01_topic:/home/loser/ws01_plumbing/install/base_interfaces_demo:/home/loser/ws01_plumbing/install/py02_service:/home/loser/ws01_plumbing/install/py01_topic:/opt/ros/humble')]), 'shell': False}
[0.088286] (base_interfaces_demo) StdoutLine: {'line': b'[  2%] Built target base_interfaces_demo__cpp\n'}
[0.089831] (base_interfaces_demo) StdoutLine: {'line': b'[ 12%] Built target base_interfaces_demo__rosidl_generator_c\n'}
[0.092158] (base_interfaces_demo) StdoutLine: {'line': b'[ 15%] Built target base_interfaces_demo__rs\n'}
[0.101006] (-) TimerEvent: {}
[0.106706] (base_interfaces_demo) StdoutLine: {'line': b'[ 15%] Built target ament_cmake_python_copy_base_interfaces_demo\n'}
[0.116475] (base_interfaces_demo) StdoutLine: {'line': b'[ 35%] Built target base_interfaces_demo__rosidl_typesupport_cpp\n'}
[0.116908] (base_interfaces_demo) StdoutLine: {'line': b'[ 35%] Built target base_interfaces_demo__rosidl_typesupport_fastrtps_cpp\n'}
[0.135137] (base_interfaces_demo) StdoutLine: {'line': b'[ 45%] Built target base_interfaces_demo__rosidl_typesupport_introspection_cpp\n'}
[0.135279] (base_interfaces_demo) StdoutLine: {'line': b'[ 55%] Built target base_interfaces_demo__rosidl_typesupport_c\n'}
[0.145014] (base_interfaces_demo) StdoutLine: {'line': b'[ 65%] Built target base_interfaces_demo__rosidl_typesupport_introspection_c\n'}
[0.147427] (base_interfaces_demo) StdoutLine: {'line': b'[ 75%] Built target base_interfaces_demo__rosidl_typesupport_fastrtps_c\n'}
[0.163950] (base_interfaces_demo) StdoutLine: {'line': b'[ 75%] Built target base_interfaces_demo\n'}
[0.184841] (base_interfaces_demo) StdoutLine: {'line': b'[ 77%] Built target base_interfaces_demo__py\n'}
[0.201236] (-) TimerEvent: {}
[0.204257] (base_interfaces_demo) StdoutLine: {'line': b'[ 85%] Built target base_interfaces_demo__rosidl_generator_py\n'}
[0.234334] (base_interfaces_demo) StdoutLine: {'line': b'[ 90%] Built target base_interfaces_demo__rosidl_typesupport_c__pyext\n'}
[0.240216] (base_interfaces_demo) StdoutLine: {'line': b'[100%] Built target base_interfaces_demo__rosidl_typesupport_fastrtps_c__pyext\n'}
[0.240340] (base_interfaces_demo) StdoutLine: {'line': b'[100%] Built target base_interfaces_demo__rosidl_typesupport_introspection_c__pyext\n'}
[0.291983] (base_interfaces_demo) StdoutLine: {'line': b'running egg_info\n'}
[0.292466] (base_interfaces_demo) StdoutLine: {'line': b'writing base_interfaces_demo.egg-info/PKG-INFO\n'}
[0.293021] (base_interfaces_demo) StdoutLine: {'line': b'writing dependency_links to base_interfaces_demo.egg-info/dependency_links.txt\n'}
[0.293462] (base_interfaces_demo) StdoutLine: {'line': b'writing top-level names to base_interfaces_demo.egg-info/top_level.txt\n'}
[0.295045] (base_interfaces_demo) StdoutLine: {'line': b"reading manifest file 'base_interfaces_demo.egg-info/SOURCES.txt'\n"}
[0.295819] (base_interfaces_demo) StdoutLine: {'line': b"writing manifest file 'base_interfaces_demo.egg-info/SOURCES.txt'\n"}
[0.301304] (-) TimerEvent: {}
[0.314965] (base_interfaces_demo) StdoutLine: {'line': b'[100%] Built target ament_cmake_python_build_base_interfaces_demo_egg\n'}
[0.328627] (base_interfaces_demo) CommandEnded: {'returncode': 0}
[0.330107] (base_interfaces_demo) JobProgress: {'identifier': 'base_interfaces_demo', 'progress': 'install'}
[0.342682] (base_interfaces_demo) Command: {'cmd': ['/usr/bin/cmake', '--install', '/home/loser/ws01_plumbing/build/base_interfaces_demo'], 'cwd': '/home/loser/ws01_plumbing/build/base_interfaces_demo', 'env': OrderedDict([('GJS_DEBUG_TOPICS', 'JS ERROR;JS LOG'), ('PYTHON_BASIC_REPL', '1'), ('LESSOPEN', '| /usr/bin/lesspipe %s'), ('LANGUAGE', 'zh_CN:en'), ('USER', 'loser'), ('LC_TIME', 'zh_CN.UTF-8'), ('XDG_SESSION_TYPE', 'wayland'), ('SHLVL', '1'), ('LD_LIBRARY_PATH', '/home/loser/ws01_plumbing/install/base_interfaces_demo/lib:/usr/lib/x86_64-linux-gnu/gazebo-11/plugins:/opt/ros/humble/opt/rviz_ogre_vendor/lib:/opt/ros/humble/lib/x86_64-linux-gnu:/opt/ros/humble/lib'), ('HOME', '/home/loser'), ('CHROME_DESKTOP', 'code.desktop'), ('OLDPWD', '/home/loser/ws01_plumbing/src'), ('TERM_PROGRAM_VERSION', '1.121.0'), ('DESKTOP_SESSION', 'ubuntu'), ('GIO_LAUNCHED_DESKTOP_FILE', '/usr/share/applications/code.desktop'), ('ROS_PYTHON_VERSION', '3'), ('GNOME_SHELL_SESSION_MODE', 'ubuntu'), ('GTK_MODULES', 'gail:atk-bridge'), ('LC_MONETARY', 'zh_CN.UTF-8'), ('MANAGERPID', '1438'), ('SYSTEMD_EXEC_PID', '1625'), ('IM_CONFIG_CHECK_ENV', '1'), ('VSCODE_PYTHON_AUTOACTIVATE_GUARD', '1'), ('DBUS_SESSION_BUS_ADDRESS', 'unix:path=/run/user/1000/bus'), ('COLORTERM', 'truecolor'), ('GIO_LAUNCHED_DESKTOP_FILE_PID', '2247'), ('IM_CONFIG_PHASE', '1'), ('WAYLAND_DISPLAY', 'wayland-0'), ('COLCON_PREFIX_PATH', '/home/loser/ws01_plumbing/install'), ('ROS_DISTRO', 'humble'), ('GTK_IM_MODULE', 'fcitx'), ('LOGNAME', 'loser'), ('JOURNAL_STREAM', '8:20539'), ('_', '/usr/bin/colcon'), ('ROS_VERSION', '2'), ('XDG_SESSION_CLASS', 'user'), ('USERNAME', 'loser'), ('TERM', 'xterm-256color'), ('GNOME_DESKTOP_SESSION_ID', 'this-is-deprecated'), ('FC_FONTATIONS', '1'), ('ROS_LOCALHOST_ONLY', '0'), ('PATH', '/home/loser/.config/Code/User/globalStorage/github.copilot-chat/debugCommand:/home/loser/.config/Code/User/globalStorage/github.copilot-chat/copilotCli:/opt/ros/humble/bin:/usr/local/sbin:/usr/local/bin:/usr/sbin:/usr/bin:/sbin:/bin:/usr/games:/usr/local/games:/snap/bin:/snap/bin'), ('SESSION_MANAGER', 'local/loser-vm:@/tmp/.ICE-unix/1579,unix/loser-vm:/tmp/.ICE-unix/1579'), ('INVOCATION_ID', 'c066e5289e1f46339e91e1906c356ea9'), ('PAPERSIZE', 'a4'), ('XDG_MENU_PREFIX', 'gnome-'), ('LC_ADDRESS', 'zh_CN.UTF-8'), ('GNOME_SETUP_DISPLAY', ':1'), ('XDG_RUNTIME_DIR', '/run/user/1000'), ('GDK_BACKEND', 'wayland'), ('DISPLAY', ':0'), ('LANG', 'zh_CN.UTF-8'), ('XDG_CURRENT_DESKTOP', 'ubuntu:GNOME'), ('PYTHONSTARTUP', '/home/loser/.config/Code/User/workspaceStorage/8648397a620a1c47015fb5f0b3e3803b/ms-python.python/pythonrc.py'), ('LC_TELEPHONE', 'zh_CN.UTF-8'), ('XMODIFIERS', '@im=fcitx'), ('XDG_SESSION_DESKTOP', 'ubuntu'), ('XAUTHORITY', '/run/user/1000/.mutter-Xwaylandauth.RLY4P3'), ('LS_COLORS', 'rs=0:di=01;34:ln=01;36:mh=00:pi=40;33:so=01;35:do=01;35:bd=40;33;01:cd=40;33;01:or=40;31;01:mi=00:su=37;41:sg=30;43:ca=30;41:tw=30;42:ow=34;42:st=37;44:ex=01;32:*.tar=01;31:*.tgz=01;31:*.arc=01;31:*.arj=01;31:*.taz=01;31:*.lha=01;31:*.lz4=01;31:*.lzh=01;31:*.lzma=01;31:*.tlz=01;31:*.txz=01;31:*.tzo=01;31:*.t7z=01;31:*.zip=01;31:*.z=01;31:*.dz=01;31:*.gz=01;31:*.lrz=01;31:*.lz=01;31:*.lzo=01;31:*.xz=01;31:*.zst=01;31:*.tzst=01;31:*.bz2=01;31:*.bz=01;31:*.tbz=01;31:*.tbz2=01;31:*.tz=01;31:*.deb=01;31:*.rpm=01;31:*.jar=01;31:*.war=01;31:*.ear=01;31:*.sar=01;31:*.rar=01;31:*.alz=01;31:*.ace=01;31:*.zoo=01;31:*.cpio=01;31:*.7z=01;31:*.rz=01;31:*.cab=01;31:*.wim=01;31:*.swm=01;31:*.dwm=01;31:*.esd=01;31:*.jpg=01;35:*.jpeg=01;35:*.mjpg=01;35:*.mjpeg=01;35:*.gif=01;35:*.bmp=01;35:*.pbm=01;35:*.pgm=01;35:*.ppm=01;35:*.tga=01;35:*.xbm=01;35:*.xpm=01;35:*.tif=01;35:*.tiff=01;35:*.png=01;35:*.svg=01;35:*.svgz=01;35:*.mng=01;35:*.pcx=01;35:*.mov=01;35:*.mpg=01;35:*.mpeg=01;35:*.m2v=01;35:*.mkv=01;35:*.webm=01;35:*.webp=01;35:*.ogm=01;35:*.mp4=01;35:*.m4v=01;35:*.mp4v=01;35:*.vob=01;35:*.qt=01;35:*.nuv=01;35:*.wmv=01;35:*.asf=01;35:*.rm=01;35:*.rmvb=01;35:*.flc=01;35:*.avi=01;35:*.fli=01;35:*.flv=01;35:*.gl=01;35:*.dl=01;35:*.xcf=01;35:*.xwd=01;35:*.yuv=01;35:*.cgm=01;35:*.emf=01;35:*.ogv=01;35:*.ogx=01;35:*.aac=00;36:*.au=00;36:*.flac=00;36:*.m4a=00;36:*.mid=00;36:*.midi=00;36:*.mka=00;36:*.mp3=00;36:*.mpc=00;36:*.ogg=00;36:*.ra=00;36:*.wav=00;36:*.oga=00;36:*.opus=00;36:*.spx=00;36:*.xspf=00;36:'), ('TERM_PROGRAM', 'vscode'), ('SSH_AGENT_LAUNCHER', 'gnome-keyring'), ('SSH_AUTH_SOCK', '/run/user/1000/keyring/ssh'), ('AMENT_PREFIX_PATH', '/home/loser/ws01_plumbing/install/py02_service:/home/loser/ws01_plumbing/install/py01_topic:/home/loser/ws01_plumbing/install/cpp02_service:/home/loser/ws01_plumbing/install/cpp01_topic:/home/loser/ws01_plumbing/install/base_interfaces_demo:/opt/ros/humble'), ('SHELL', '/bin/bash'), ('LC_NAME', 'zh_CN.UTF-8'), ('QT_ACCESSIBILITY', '1'), ('GDMSESSION', 'ubuntu'), ('LESSCLOSE', '/usr/bin/lesspipe %s %s'), ('LC_MEASUREMENT', 'zh_CN.UTF-8'), ('GJS_DEBUG_OUTPUT', 'stderr'), ('LC_IDENTIFICATION', 'zh_CN.UTF-8'), ('QT_IM_MODULE', 'fcitx'), ('PWD', '/home/loser/ws01_plumbing/build/base_interfaces_demo'), ('XDG_CONFIG_DIRS', '/etc/xdg/xdg-ubuntu:/etc/xdg'), ('CLUTTER_IM_MODULE', 'xim'), ('XDG_DATA_DIRS', '/usr/share/ubuntu:/usr/local/share/:/usr/share/:/var/lib/snapd/desktop'), ('PYTHONPATH', '/home/loser/ws01_plumbing/install/py02_service/lib/python3.10/site-packages:/home/loser/ws01_plumbing/install/py01_topic/lib/python3.10/site-packages:/home/loser/ws01_plumbing/install/base_interfaces_demo/local/lib/python3.10/dist-packages:/opt/ros/humble/lib/python3.10/site-packages:/opt/ros/humble/local/lib/python3.10/dist-packages'), ('LC_NUMERIC', 'zh_CN.UTF-8'), ('LC_PAPER', 'zh_CN.UTF-8'), ('COLCON', '1'), ('CMAKE_PREFIX_PATH', '/home/loser/ws01_plumbing/install/cpp02_service:/home/loser/ws01_plumbing/install/cpp01_topic:/home/loser/ws01_plumbing/install/base_interfaces_demo:/home/loser/ws01_plumbing/install/py02_service:/home/loser/ws01_plumbing/install/py01_topic:/opt/ros/humble')]), 'shell': False}
[0.348012] (base_interfaces_demo) StdoutLine: {'line': b'-- Install configuration: ""\n'}
[0.348355] (base_interfaces_demo) StdoutLine: {'line': b'-- Up-to-date: /home/loser/ws01_plumbing/install/base_interfaces_demo/share/ament_index/resource_index/rosidl_interfaces/base_interfaces_demo\n'}
[0.348580] (base_interfaces_demo) StdoutLine: {'line': b'-- Up-to-date: /home/loser/ws01_plumbing/install/base_interfaces_demo/include/base_interfaces_demo/base_interfaces_demo\n'}
[0.348699] (base_interfaces_demo) StdoutLine: {'line': b'-- Up-to-date: /home/loser/ws01_plumbing/install/base_interfaces_demo/include/base_interfaces_demo/base_interfaces_demo/msg\n'}
[0.348795] (base_interfaces_demo) StdoutLine: {'line': b'-- Up-to-date: /home/loser/ws01_plumbing/install/base_interfaces_demo/include/base_interfaces_demo/base_interfaces_demo/msg/detail\n'}
[0.348964] (base_interfaces_demo) StdoutLine: {'line': b'-- Up-to-date: /home/loser/ws01_plumbing/install/base_interfaces_demo/include/base_interfaces_demo/base_interfaces_demo/msg/detail/student__struct.h\n'}
[0.349154] (base_interfaces_demo) StdoutLine: {'line': b'-- Up-to-date: /home/loser/ws01_plumbing/install/base_interfaces_demo/include/base_interfaces_demo/base_interfaces_demo/msg/detail/student__functions.h\n'}
[0.349195] (base_interfaces_demo) StdoutLine: {'line': b'-- Up-to-date: /home/loser/ws01_plumbing/install/base_interfaces_demo/include/base_interfaces_demo/base_interfaces_demo/msg/detail/student__functions.c\n'}
[0.349305] (base_interfaces_demo) StdoutLine: {'line': b'-- Up-to-date: /home/loser/ws01_plumbing/install/base_interfaces_demo/include/base_interfaces_demo/base_interfaces_demo/msg/detail/student__type_support.h\n'}
[0.349434] (base_interfaces_demo) StdoutLine: {'line': b'-- Up-to-date: /home/loser/ws01_plumbing/install/base_interfaces_demo/include/base_interfaces_demo/base_interfaces_demo/msg/rosidl_generator_c__visibility_control.h\n'}
[0.349574] (base_interfaces_demo) StdoutLine: {'line': b'-- Up-to-date: /home/loser/ws01_plumbing/install/base_interfaces_demo/include/base_interfaces_demo/base_interfaces_demo/msg/student.h\n'}
[0.349705] (base_interfaces_demo) StdoutLine: {'line': b'-- Up-to-date: /home/loser/ws01_plumbing/install/base_interfaces_demo/include/base_interfaces_demo/base_interfaces_demo/srv\n'}
[0.349870] (base_interfaces_demo) StdoutLine: {'line': b'-- Up-to-date: /home/loser/ws01_plumbing/install/base_interfaces_demo/include/base_interfaces_demo/base_interfaces_demo/srv/detail\n'}
[0.350066] (base_interfaces_demo) StdoutLine: {'line': b'-- Up-to-date: /home/loser/ws01_plumbing/install/base_interfaces_demo/include/base_interfaces_demo/base_interfaces_demo/srv/detail/addints__functions.c\n'}
[0.350302] (base_interfaces_demo) StdoutLine: {'line': b'-- Up-to-date: /home/loser/ws01_plumbing/install/base_interfaces_demo/include/base_interfaces_demo/base_interfaces_demo/srv/detail/addints__type_support.h\n'}
[0.350399] (base_interfaces_demo) StdoutLine: {'line': b'-- Up-to-date: /home/loser/ws01_plumbing/install/base_interfaces_demo/include/base_interfaces_demo/base_interfaces_demo/srv/detail/addints__struct.h\n'}
[0.350442] (base_interfaces_demo) StdoutLine: {'line': b'-- Up-to-date: /home/loser/ws01_plumbing/install/base_interfaces_demo/include/base_interfaces_demo/base_interfaces_demo/srv/detail/addints__functions.h\n'}
[0.350471] (base_interfaces_demo) StdoutLine: {'line': b'-- Up-to-date: /home/loser/ws01_plumbing/install/base_interfaces_demo/include/base_interfaces_demo/base_interfaces_demo/srv/addints.h\n'}
[0.350908] (base_interfaces_demo) StdoutLine: {'line': b'-- Up-to-date: /home/loser/ws01_plumbing/install/base_interfaces_demo/share/base_interfaces_demo/environment/library_path.sh\n'}
[0.350967] (base_interfaces_demo) StdoutLine: {'line': b'-- Up-to-date: /home/loser/ws01_plumbing/install/base_interfaces_demo/share/base_interfaces_demo/environment/library_path.dsv\n'}
[0.351113] (base_interfaces_demo) StdoutLine: {'line': b'-- Up-to-date: /home/loser/ws01_plumbing/install/base_interfaces_demo/lib/libbase_interfaces_demo__rosidl_generator_c.so\n'}
[0.351372] (base_interfaces_demo) StdoutLine: {'line': b'-- Up-to-date: /home/loser/ws01_plumbing/install/base_interfaces_demo/include/base_interfaces_demo/base_interfaces_demo\n'}
[0.351520] (base_interfaces_demo) StdoutLine: {'line': b'-- Up-to-date: /home/loser/ws01_plumbing/install/base_interfaces_demo/include/base_interfaces_demo/base_interfaces_demo/msg\n'}
[0.351551] (base_interfaces_demo) StdoutLine: {'line': b'-- Up-to-date: /home/loser/ws01_plumbing/install/base_interfaces_demo/include/base_interfaces_demo/base_interfaces_demo/msg/detail\n'}
[0.351779] (base_interfaces_demo) StdoutLine: {'line': b'-- Up-to-date: /home/loser/ws01_plumbing/install/base_interfaces_demo/include/base_interfaces_demo/base_interfaces_demo/msg/detail/student__rosidl_typesupport_fastrtps_c.h\n'}
[0.351815] (base_interfaces_demo) StdoutLine: {'line': b'-- Up-to-date: /home/loser/ws01_plumbing/install/base_interfaces_demo/include/base_interfaces_demo/base_interfaces_demo/msg/rosidl_typesupport_fastrtps_c__visibility_control.h\n'}
[0.351837] (base_interfaces_demo) StdoutLine: {'line': b'-- Up-to-date: /home/loser/ws01_plumbing/install/base_interfaces_demo/include/base_interfaces_demo/base_interfaces_demo/srv\n'}
[0.352172] (base_interfaces_demo) StdoutLine: {'line': b'-- Up-to-date: /home/loser/ws01_plumbing/install/base_interfaces_demo/include/base_interfaces_demo/base_interfaces_demo/srv/detail\n'}
[0.352216] (base_interfaces_demo) StdoutLine: {'line': b'-- Up-to-date: /home/loser/ws01_plumbing/install/base_interfaces_demo/include/base_interfaces_demo/base_interfaces_demo/srv/detail/addints__rosidl_typesupport_fastrtps_c.h\n'}
[0.352306] (base_interfaces_demo) StdoutLine: {'line': b'-- Up-to-date: /home/loser/ws01_plumbing/install/base_interfaces_demo/lib/libbase_interfaces_demo__rosidl_typesupport_fastrtps_c.so\n'}
[0.352793] (base_interfaces_demo) StdoutLine: {'line': b'-- Up-to-date: /home/loser/ws01_plumbing/install/base_interfaces_demo/include/base_interfaces_demo/base_interfaces_demo\n'}
[0.352928] (base_interfaces_demo) StdoutLine: {'line': b'-- Up-to-date: /home/loser/ws01_plumbing/install/base_interfaces_demo/include/base_interfaces_demo/base_interfaces_demo/msg\n'}
[0.353282] (base_interfaces_demo) StdoutLine: {'line': b'-- Up-to-date: /home/loser/ws01_plumbing/install/base_interfaces_demo/include/base_interfaces_demo/base_interfaces_demo/msg/detail\n'}
[0.353596] (base_interfaces_demo) StdoutLine: {'line': b'-- Up-to-date: /home/loser/ws01_plumbing/install/base_interfaces_demo/include/base_interfaces_demo/base_interfaces_demo/msg/detail/student__type_support.c\n'}
[0.353710] (base_interfaces_demo) StdoutLine: {'line': b'-- Up-to-date: /home/loser/ws01_plumbing/install/base_interfaces_demo/include/base_interfaces_demo/base_interfaces_demo/msg/detail/student__rosidl_typesupport_introspection_c.h\n'}
[0.353874] (base_interfaces_demo) StdoutLine: {'line': b'-- Up-to-date: /home/loser/ws01_plumbing/install/base_interfaces_demo/include/base_interfaces_demo/base_interfaces_demo/msg/rosidl_typesupport_introspection_c__visibility_control.h\n'}
[0.353902] (base_interfaces_demo) StdoutLine: {'line': b'-- Up-to-date: /home/loser/ws01_plumbing/install/base_interfaces_demo/include/base_interfaces_demo/base_interfaces_demo/srv\n'}
[0.353925] (base_interfaces_demo) StdoutLine: {'line': b'-- Up-to-date: /home/loser/ws01_plumbing/install/base_interfaces_demo/include/base_interfaces_demo/base_interfaces_demo/srv/detail\n'}
[0.353953] (base_interfaces_demo) StdoutLine: {'line': b'-- Up-to-date: /home/loser/ws01_plumbing/install/base_interfaces_demo/include/base_interfaces_demo/base_interfaces_demo/srv/detail/addints__type_support.c\n'}
[0.353973] (base_interfaces_demo) StdoutLine: {'line': b'-- Up-to-date: /home/loser/ws01_plumbing/install/base_interfaces_demo/include/base_interfaces_demo/base_interfaces_demo/srv/detail/addints__rosidl_typesupport_introspection_c.h\n'}
[0.354813] (base_interfaces_demo) StdoutLine: {'line': b'-- Up-to-date: /home/loser/ws01_plumbing/install/base_interfaces_demo/lib/libbase_interfaces_demo__rosidl_typesupport_introspection_c.so\n'}
[0.355147] (base_interfaces_demo) StdoutLine: {'line': b'-- Up-to-date: /home/loser/ws01_plumbing/install/base_interfaces_demo/lib/libbase_interfaces_demo__rosidl_typesupport_c.so\n'}
[0.355372] (base_interfaces_demo) StdoutLine: {'line': b'-- Up-to-date: /home/loser/ws01_plumbing/install/base_interfaces_demo/include/base_interfaces_demo/base_interfaces_demo\n'}
[0.355599] (base_interfaces_demo) StdoutLine: {'line': b'-- Up-to-date: /home/loser/ws01_plumbing/install/base_interfaces_demo/include/base_interfaces_demo/base_interfaces_demo/msg\n'}
[0.355637] (base_interfaces_demo) StdoutLine: {'line': b'-- Up-to-date: /home/loser/ws01_plumbing/install/base_interfaces_demo/include/base_interfaces_demo/base_interfaces_demo/msg/detail\n'}
[0.355661] (base_interfaces_demo) StdoutLine: {'line': b'-- Up-to-date: /home/loser/ws01_plumbing/install/base_interfaces_demo/include/base_interfaces_demo/base_interfaces_demo/msg/detail/student__traits.hpp\n'}
[0.356065] (base_interfaces_demo) StdoutLine: {'line': b'-- Up-to-date: /home/loser/ws01_plumbing/install/base_interfaces_demo/include/base_interfaces_demo/base_interfaces_demo/msg/detail/student__builder.hpp\n'}
[0.356105] (base_interfaces_demo) StdoutLine: {'line': b'-- Up-to-date: /home/loser/ws01_plumbing/install/base_interfaces_demo/include/base_interfaces_demo/base_interfaces_demo/msg/detail/student__type_support.hpp\n'}
[0.356128] (base_interfaces_demo) StdoutLine: {'line': b'-- Up-to-date: /home/loser/ws01_plumbing/install/base_interfaces_demo/include/base_interfaces_demo/base_interfaces_demo/msg/detail/student__struct.hpp\n'}
[0.356155] (base_interfaces_demo) StdoutLine: {'line': b'-- Up-to-date: /home/loser/ws01_plumbing/install/base_interfaces_demo/include/base_interfaces_demo/base_interfaces_demo/msg/rosidl_generator_cpp__visibility_control.hpp\n'}
[0.356176] (base_interfaces_demo) StdoutLine: {'line': b'-- Up-to-date: /home/loser/ws01_plumbing/install/base_interfaces_demo/include/base_interfaces_demo/base_interfaces_demo/msg/student.hpp\n'}
[0.356433] (base_interfaces_demo) StdoutLine: {'line': b'-- Up-to-date: /home/loser/ws01_plumbing/install/base_interfaces_demo/include/base_interfaces_demo/base_interfaces_demo/srv\n'}
[0.356489] (base_interfaces_demo) StdoutLine: {'line': b'-- Up-to-date: /home/loser/ws01_plumbing/install/base_interfaces_demo/include/base_interfaces_demo/base_interfaces_demo/srv/detail\n'}
[0.356540] (base_interfaces_demo) StdoutLine: {'line': b'-- Up-to-date: /home/loser/ws01_plumbing/install/base_interfaces_demo/include/base_interfaces_demo/base_interfaces_demo/srv/detail/addints__builder.hpp\n'}
[0.356607] (base_interfaces_demo) StdoutLine: {'line': b'-- Up-to-date: /home/loser/ws01_plumbing/install/base_interfaces_demo/include/base_interfaces_demo/base_interfaces_demo/srv/detail/addints__traits.hpp\n'}
[0.356656] (base_interfaces_demo) StdoutLine: {'line': b'-- Up-to-date: /home/loser/ws01_plumbing/install/base_interfaces_demo/include/base_interfaces_demo/base_interfaces_demo/srv/detail/addints__type_support.hpp\n'}
[0.356798] (base_interfaces_demo) StdoutLine: {'line': b'-- Up-to-date: /home/loser/ws01_plumbing/install/base_interfaces_demo/include/base_interfaces_demo/base_interfaces_demo/srv/detail/addints__struct.hpp\n'}
[0.356879] (base_interfaces_demo) StdoutLine: {'line': b'-- Up-to-date: /home/loser/ws01_plumbing/install/base_interfaces_demo/include/base_interfaces_demo/base_interfaces_demo/srv/addints.hpp\n'}
[0.356908] (base_interfaces_demo) StdoutLine: {'line': b'-- Up-to-date: /home/loser/ws01_plumbing/install/base_interfaces_demo/include/base_interfaces_demo/base_interfaces_demo\n'}
[0.356999] (base_interfaces_demo) StdoutLine: {'line': b'-- Up-to-date: /home/loser/ws01_plumbing/install/base_interfaces_demo/include/base_interfaces_demo/base_interfaces_demo/msg\n'}
[0.357062] (base_interfaces_demo) StdoutLine: {'line': b'-- Up-to-date: /home/loser/ws01_plumbing/install/base_interfaces_demo/include/base_interfaces_demo/base_interfaces_demo/msg/detail\n'}
[0.357106] (base_interfaces_demo) StdoutLine: {'line': b'-- Up-to-date: /home/loser/ws01_plumbing/install/base_interfaces_demo/include/base_interfaces_demo/base_interfaces_demo/msg/detail/student__rosidl_typesupport_fastrtps_cpp.hpp\n'}
[0.357153] (base_interfaces_demo) StdoutLine: {'line': b'-- Up-to-date: /home/loser/ws01_plumbing/install/base_interfaces_demo/include/base_interfaces_demo/base_interfaces_demo/msg/detail/dds_fastrtps\n'}
[0.357181] (base_interfaces_demo) StdoutLine: {'line': b'-- Up-to-date: /home/loser/ws01_plumbing/install/base_interfaces_demo/include/base_interfaces_demo/base_interfaces_demo/msg/rosidl_typesupport_fastrtps_cpp__visibility_control.h\n'}
[0.357207] (base_interfaces_demo) StdoutLine: {'line': b'-- Up-to-date: /home/loser/ws01_plumbing/install/base_interfaces_demo/include/base_interfaces_demo/base_interfaces_demo/srv\n'}
[0.357230] (base_interfaces_demo) StdoutLine: {'line': b'-- Up-to-date: /home/loser/ws01_plumbing/install/base_interfaces_demo/include/base_interfaces_demo/base_interfaces_demo/srv/detail\n'}
[0.357251] (base_interfaces_demo) StdoutLine: {'line': b'-- Up-to-date: /home/loser/ws01_plumbing/install/base_interfaces_demo/include/base_interfaces_demo/base_interfaces_demo/srv/detail/dds_fastrtps\n'}
[0.357270] (base_interfaces_demo) StdoutLine: {'line': b'-- Up-to-date: /home/loser/ws01_plumbing/install/base_interfaces_demo/include/base_interfaces_demo/base_interfaces_demo/srv/detail/addints__rosidl_typesupport_fastrtps_cpp.hpp\n'}
[0.357350] (base_interfaces_demo) StdoutLine: {'line': b'-- Up-to-date: /home/loser/ws01_plumbing/install/base_interfaces_demo/lib/libbase_interfaces_demo__rosidl_typesupport_fastrtps_cpp.so\n'}
[0.357464] (base_interfaces_demo) StdoutLine: {'line': b'-- Up-to-date: /home/loser/ws01_plumbing/install/base_interfaces_demo/include/base_interfaces_demo/base_interfaces_demo\n'}
[0.357548] (base_interfaces_demo) StdoutLine: {'line': b'-- Up-to-date: /home/loser/ws01_plumbing/install/base_interfaces_demo/include/base_interfaces_demo/base_interfaces_demo/msg\n'}
[0.357588] (base_interfaces_demo) StdoutLine: {'line': b'-- Up-to-date: /home/loser/ws01_plumbing/install/base_interfaces_demo/include/base_interfaces_demo/base_interfaces_demo/msg/detail\n'}
[0.357774] (base_interfaces_demo) StdoutLine: {'line': b'-- Up-to-date: /home/loser/ws01_plumbing/install/base_interfaces_demo/include/base_interfaces_demo/base_interfaces_demo/msg/detail/student__type_support.cpp\n'}
[0.357815] (base_interfaces_demo) StdoutLine: {'line': b'-- Up-to-date: /home/loser/ws01_plumbing/install/base_interfaces_demo/include/base_interfaces_demo/base_interfaces_demo/msg/detail/student__rosidl_typesupport_introspection_cpp.hpp\n'}
[0.357838] (base_interfaces_demo) StdoutLine: {'line': b'-- Up-to-date: /home/loser/ws01_plumbing/install/base_interfaces_demo/include/base_interfaces_demo/base_interfaces_demo/srv\n'}
[0.357858] (base_interfaces_demo) StdoutLine: {'line': b'-- Up-to-date: /home/loser/ws01_plumbing/install/base_interfaces_demo/include/base_interfaces_demo/base_interfaces_demo/srv/detail\n'}
[0.357878] (base_interfaces_demo) StdoutLine: {'line': b'-- Up-to-date: /home/loser/ws01_plumbing/install/base_interfaces_demo/include/base_interfaces_demo/base_interfaces_demo/srv/detail/addints__rosidl_typesupport_introspection_cpp.hpp\n'}
[0.357902] (base_interfaces_demo) StdoutLine: {'line': b'-- Up-to-date: /home/loser/ws01_plumbing/install/base_interfaces_demo/include/base_interfaces_demo/base_interfaces_demo/srv/detail/addints__type_support.cpp\n'}
[0.358035] (base_interfaces_demo) StdoutLine: {'line': b'-- Up-to-date: /home/loser/ws01_plumbing/install/base_interfaces_demo/lib/libbase_interfaces_demo__rosidl_typesupport_introspection_cpp.so\n'}
[0.358332] (base_interfaces_demo) StdoutLine: {'line': b'-- Up-to-date: /home/loser/ws01_plumbing/install/base_interfaces_demo/lib/libbase_interfaces_demo__rosidl_typesupport_cpp.so\n'}
[0.358576] (base_interfaces_demo) StdoutLine: {'line': b'-- Up-to-date: /home/loser/ws01_plumbing/install/base_interfaces_demo/share/base_interfaces_demo/environment/pythonpath.sh\n'}
[0.358931] (base_interfaces_demo) StdoutLine: {'line': b'-- Up-to-date: /home/loser/ws01_plumbing/install/base_interfaces_demo/share/base_interfaces_demo/environment/pythonpath.dsv\n'}
[0.358978] (base_interfaces_demo) StdoutLine: {'line': b'-- Up-to-date: /home/loser/ws01_plumbing/install/base_interfaces_demo/local/lib/python3.10/dist-packages/base_interfaces_demo-0.0.0-py3.10.egg-info\n'}
[0.359003] (base_interfaces_demo) StdoutLine: {'line': b'-- Installing: /home/loser/ws01_plumbing/install/base_interfaces_demo/local/lib/python3.10/dist-packages/base_interfaces_demo-0.0.0-py3.10.egg-info/top_level.txt\n'}
[0.359364] (base_interfaces_demo) StdoutLine: {'line': b'-- Installing: /home/loser/ws01_plumbing/install/base_interfaces_demo/local/lib/python3.10/dist-packages/base_interfaces_demo-0.0.0-py3.10.egg-info/PKG-INFO\n'}
[0.359723] (base_interfaces_demo) StdoutLine: {'line': b'-- Installing: /home/loser/ws01_plumbing/install/base_interfaces_demo/local/lib/python3.10/dist-packages/base_interfaces_demo-0.0.0-py3.10.egg-info/SOURCES.txt\n'}
[0.360336] (base_interfaces_demo) StdoutLine: {'line': b'-- Installing: /home/loser/ws01_plumbing/install/base_interfaces_demo/local/lib/python3.10/dist-packages/base_interfaces_demo-0.0.0-py3.10.egg-info/dependency_links.txt\n'}
[0.360445] (base_interfaces_demo) StdoutLine: {'line': b'-- Up-to-date: /home/loser/ws01_plumbing/install/base_interfaces_demo/local/lib/python3.10/dist-packages/base_interfaces_demo\n'}
[0.360683] (base_interfaces_demo) StdoutLine: {'line': b'-- Up-to-date: /home/loser/ws01_plumbing/install/base_interfaces_demo/local/lib/python3.10/dist-packages/base_interfaces_demo/libbase_interfaces_demo__rosidl_generator_py.so\n'}
[0.360795] (base_interfaces_demo) StdoutLine: {'line': b'-- Up-to-date: /home/loser/ws01_plumbing/install/base_interfaces_demo/local/lib/python3.10/dist-packages/base_interfaces_demo/__init__.py\n'}
[0.360825] (base_interfaces_demo) StdoutLine: {'line': b'-- Up-to-date: /home/loser/ws01_plumbing/install/base_interfaces_demo/local/lib/python3.10/dist-packages/base_interfaces_demo/_base_interfaces_demo_s.ep.rosidl_typesupport_fastrtps_c.c\n'}
[0.360847] (base_interfaces_demo) StdoutLine: {'line': b'-- Up-to-date: /home/loser/ws01_plumbing/install/base_interfaces_demo/local/lib/python3.10/dist-packages/base_interfaces_demo/msg\n'}
[0.360928] (base_interfaces_demo) StdoutLine: {'line': b'-- Up-to-date: /home/loser/ws01_plumbing/install/base_interfaces_demo/local/lib/python3.10/dist-packages/base_interfaces_demo/msg/_student_s.c\n'}
[0.360959] (base_interfaces_demo) StdoutLine: {'line': b'-- Up-to-date: /home/loser/ws01_plumbing/install/base_interfaces_demo/local/lib/python3.10/dist-packages/base_interfaces_demo/msg/_student.py\n'}
[0.361211] (base_interfaces_demo) StdoutLine: {'line': b'-- Up-to-date: /home/loser/ws01_plumbing/install/base_interfaces_demo/local/lib/python3.10/dist-packages/base_interfaces_demo/msg/__init__.py\n'}
[0.361249] (base_interfaces_demo) StdoutLine: {'line': b'-- Up-to-date: /home/loser/ws01_plumbing/install/base_interfaces_demo/local/lib/python3.10/dist-packages/base_interfaces_demo/_base_interfaces_demo_s.ep.rosidl_typesupport_c.c\n'}
[0.361272] (base_interfaces_demo) StdoutLine: {'line': b'-- Up-to-date: /home/loser/ws01_plumbing/install/base_interfaces_demo/local/lib/python3.10/dist-packages/base_interfaces_demo/base_interfaces_demo_s__rosidl_typesupport_c.cpython-310-x86_64-linux-gnu.so\n'}
[0.361298] (base_interfaces_demo) StdoutLine: {'line': b'-- Up-to-date: /home/loser/ws01_plumbing/install/base_interfaces_demo/local/lib/python3.10/dist-packages/base_interfaces_demo/base_interfaces_demo_s__rosidl_typesupport_fastrtps_c.cpython-310-x86_64-linux-gnu.so\n'}
[0.361320] (base_interfaces_demo) StdoutLine: {'line': b'-- Up-to-date: /home/loser/ws01_plumbing/install/base_interfaces_demo/local/lib/python3.10/dist-packages/base_interfaces_demo/_base_interfaces_demo_s.ep.rosidl_typesupport_introspection_c.c\n'}
[0.361419] (base_interfaces_demo) StdoutLine: {'line': b'-- Up-to-date: /home/loser/ws01_plumbing/install/base_interfaces_demo/local/lib/python3.10/dist-packages/base_interfaces_demo/base_interfaces_demo_s__rosidl_typesupport_introspection_c.cpython-310-x86_64-linux-gnu.so\n'}
[0.361450] (base_interfaces_demo) StdoutLine: {'line': b'-- Up-to-date: /home/loser/ws01_plumbing/install/base_interfaces_demo/local/lib/python3.10/dist-packages/base_interfaces_demo/srv\n'}
[0.361472] (base_interfaces_demo) StdoutLine: {'line': b'-- Up-to-date: /home/loser/ws01_plumbing/install/base_interfaces_demo/local/lib/python3.10/dist-packages/base_interfaces_demo/srv/_addints_s.c\n'}
[0.361495] (base_interfaces_demo) StdoutLine: {'line': b'-- Up-to-date: /home/loser/ws01_plumbing/install/base_interfaces_demo/local/lib/python3.10/dist-packages/base_interfaces_demo/srv/__init__.py\n'}
[0.361522] (base_interfaces_demo) StdoutLine: {'line': b'-- Up-to-date: /home/loser/ws01_plumbing/install/base_interfaces_demo/local/lib/python3.10/dist-packages/base_interfaces_demo/srv/_addints.py\n'}
[0.391432] (base_interfaces_demo) StdoutLine: {'line': b"Listing '/home/loser/ws01_plumbing/install/base_interfaces_demo/local/lib/python3.10/dist-packages/base_interfaces_demo'...\n"}
[0.391731] (base_interfaces_demo) StdoutLine: {'line': b"Listing '/home/loser/ws01_plumbing/install/base_interfaces_demo/local/lib/python3.10/dist-packages/base_interfaces_demo/msg'...\n"}
[0.391769] (base_interfaces_demo) StdoutLine: {'line': b"Listing '/home/loser/ws01_plumbing/install/base_interfaces_demo/local/lib/python3.10/dist-packages/base_interfaces_demo/srv'...\n"}
[0.397494] (base_interfaces_demo) StdoutLine: {'line': b'-- Up-to-date: /home/loser/ws01_plumbing/install/base_interfaces_demo/local/lib/python3.10/dist-packages/base_interfaces_demo/base_interfaces_demo_s__rosidl_typesupport_fastrtps_c.cpython-310-x86_64-linux-gnu.so\n'}
[0.399068] (base_interfaces_demo) StdoutLine: {'line': b'-- Up-to-date: /home/loser/ws01_plumbing/install/base_interfaces_demo/local/lib/python3.10/dist-packages/base_interfaces_demo/base_interfaces_demo_s__rosidl_typesupport_introspection_c.cpython-310-x86_64-linux-gnu.so\n'}
[0.399674] (base_interfaces_demo) StdoutLine: {'line': b'-- Up-to-date: /home/loser/ws01_plumbing/install/base_interfaces_demo/local/lib/python3.10/dist-packages/base_interfaces_demo/base_interfaces_demo_s__rosidl_typesupport_c.cpython-310-x86_64-linux-gnu.so\n'}
[0.400175] (base_interfaces_demo) StdoutLine: {'line': b'-- Up-to-date: /home/loser/ws01_plumbing/install/base_interfaces_demo/lib/libbase_interfaces_demo__rosidl_generator_py.so\n'}
[0.400488] (base_interfaces_demo) StdoutLine: {'line': b'-- Up-to-date: /home/loser/ws01_plumbing/install/base_interfaces_demo/share/ament_index/resource_index/rust_packages/base_interfaces_demo\n'}
[0.400543] (base_interfaces_demo) StdoutLine: {'line': b'-- Up-to-date: /home/loser/ws01_plumbing/install/base_interfaces_demo/share/base_interfaces_demo/rust\n'}
[0.400756] (base_interfaces_demo) StdoutLine: {'line': b'-- Up-to-date: /home/loser/ws01_plumbing/install/base_interfaces_demo/share/base_interfaces_demo/rust/build.rs\n'}
[0.400801] (base_interfaces_demo) StdoutLine: {'line': b'-- Up-to-date: /home/loser/ws01_plumbing/install/base_interfaces_demo/share/base_interfaces_demo/rust/src\n'}
[0.401059] (base_interfaces_demo) StdoutLine: {'line': b'-- Up-to-date: /home/loser/ws01_plumbing/install/base_interfaces_demo/share/base_interfaces_demo/rust/src/lib.rs\n'}
[0.401092] (base_interfaces_demo) StdoutLine: {'line': b'-- Up-to-date: /home/loser/ws01_plumbing/install/base_interfaces_demo/share/base_interfaces_demo/rust/src/msg.rs\n'}
[0.401120] (base_interfaces_demo) StdoutLine: {'line': b'-- Up-to-date: /home/loser/ws01_plumbing/install/base_interfaces_demo/share/base_interfaces_demo/rust/src/msg\n'}
[0.401141] (base_interfaces_demo) StdoutLine: {'line': b'-- Up-to-date: /home/loser/ws01_plumbing/install/base_interfaces_demo/share/base_interfaces_demo/rust/src/msg/rmw.rs\n'}
[0.401161] (base_interfaces_demo) StdoutLine: {'line': b'-- Up-to-date: /home/loser/ws01_plumbing/install/base_interfaces_demo/share/base_interfaces_demo/rust/src/srv.rs\n'}
[0.401533] (base_interfaces_demo) StdoutLine: {'line': b'-- Up-to-date: /home/loser/ws01_plumbing/install/base_interfaces_demo/share/base_interfaces_demo/rust/src/srv\n'}
[0.401578] (-) TimerEvent: {}
[0.401895] (base_interfaces_demo) StdoutLine: {'line': b'-- Up-to-date: /home/loser/ws01_plumbing/install/base_interfaces_demo/share/base_interfaces_demo/rust/src/srv/rmw.rs\n'}
[0.401941] (base_interfaces_demo) StdoutLine: {'line': b'-- Up-to-date: /home/loser/ws01_plumbing/install/base_interfaces_demo/share/base_interfaces_demo/rust/Cargo.toml\n'}
[0.402104] (base_interfaces_demo) StdoutLine: {'line': b'-- Up-to-date: /home/loser/ws01_plumbing/install/base_interfaces_demo/share/base_interfaces_demo/msg/Student.idl\n'}
[0.402132] (base_interfaces_demo) StdoutLine: {'line': b'-- Up-to-date: /home/loser/ws01_plumbing/install/base_interfaces_demo/share/base_interfaces_demo/srv/Addints.idl\n'}
[0.402154] (base_interfaces_demo) StdoutLine: {'line': b'-- Up-to-date: /home/loser/ws01_plumbing/install/base_interfaces_demo/share/base_interfaces_demo/msg/Student.msg\n'}
[0.402173] (base_interfaces_demo) StdoutLine: {'line': b'-- Up-to-date: /home/loser/ws01_plumbing/install/base_interfaces_demo/share/base_interfaces_demo/srv/Addints.srv\n'}
[0.402192] (base_interfaces_demo) StdoutLine: {'line': b'-- Up-to-date: /home/loser/ws01_plumbing/install/base_interfaces_demo/share/base_interfaces_demo/srv/Addints_Request.msg\n'}
[0.402211] (base_interfaces_demo) StdoutLine: {'line': b'-- Up-to-date: /home/loser/ws01_plumbing/install/base_interfaces_demo/share/base_interfaces_demo/srv/Addints_Response.msg\n'}
[0.402230] (base_interfaces_demo) StdoutLine: {'line': b'-- Up-to-date: /home/loser/ws01_plumbing/install/base_interfaces_demo/share/ament_index/resource_index/package_run_dependencies/base_interfaces_demo\n'}
[0.402248] (base_interfaces_demo) StdoutLine: {'line': b'-- Up-to-date: /home/loser/ws01_plumbing/install/base_interfaces_demo/share/ament_index/resource_index/parent_prefix_path/base_interfaces_demo\n'}
[0.403002] (base_interfaces_demo) StdoutLine: {'line': b'-- Up-to-date: /home/loser/ws01_plumbing/install/base_interfaces_demo/share/base_interfaces_demo/environment/ament_prefix_path.sh\n'}
[0.403097] (base_interfaces_demo) StdoutLine: {'line': b'-- Up-to-date: /home/loser/ws01_plumbing/install/base_interfaces_demo/share/base_interfaces_demo/environment/ament_prefix_path.dsv\n'}
[0.403125] (base_interfaces_demo) StdoutLine: {'line': b'-- Up-to-date: /home/loser/ws01_plumbing/install/base_interfaces_demo/share/base_interfaces_demo/environment/path.sh\n'}
[0.403399] (base_interfaces_demo) StdoutLine: {'line': b'-- Up-to-date: /home/loser/ws01_plumbing/install/base_interfaces_demo/share/base_interfaces_demo/environment/path.dsv\n'}
[0.403430] (base_interfaces_demo) StdoutLine: {'line': b'-- Up-to-date: /home/loser/ws01_plumbing/install/base_interfaces_demo/share/base_interfaces_demo/local_setup.bash\n'}
[0.403450] (base_interfaces_demo) StdoutLine: {'line': b'-- Up-to-date: /home/loser/ws01_plumbing/install/base_interfaces_demo/share/base_interfaces_demo/local_setup.sh\n'}
[0.403815] (base_interfaces_demo) StdoutLine: {'line': b'-- Up-to-date: /home/loser/ws01_plumbing/install/base_interfaces_demo/share/base_interfaces_demo/local_setup.zsh\n'}
[0.403969] (base_interfaces_demo) StdoutLine: {'line': b'-- Up-to-date: /home/loser/ws01_plumbing/install/base_interfaces_demo/share/base_interfaces_demo/local_setup.dsv\n'}
[0.403999] (base_interfaces_demo) StdoutLine: {'line': b'-- Installing: /home/loser/ws01_plumbing/install/base_interfaces_demo/share/base_interfaces_demo/package.dsv\n'}
[0.404020] (base_interfaces_demo) StdoutLine: {'line': b'-- Up-to-date: /home/loser/ws01_plumbing/install/base_interfaces_demo/share/ament_index/resource_index/packages/base_interfaces_demo\n'}
[0.404686] (base_interfaces_demo) StdoutLine: {'line': b'-- Up-to-date: /home/loser/ws01_plumbing/install/base_interfaces_demo/share/base_interfaces_demo/cmake/export_base_interfaces_demo__rosidl_generator_cExport.cmake\n'}
[0.404804] (base_interfaces_demo) StdoutLine: {'line': b'-- Up-to-date: /home/loser/ws01_plumbing/install/base_interfaces_demo/share/base_interfaces_demo/cmake/export_base_interfaces_demo__rosidl_generator_cExport-noconfig.cmake\n'}
[0.405358] (base_interfaces_demo) StdoutLine: {'line': b'-- Up-to-date: /home/loser/ws01_plumbing/install/base_interfaces_demo/share/base_interfaces_demo/cmake/export_base_interfaces_demo__rosidl_typesupport_fastrtps_cExport.cmake\n'}
[0.405645] (base_interfaces_demo) StdoutLine: {'line': b'-- Up-to-date: /home/loser/ws01_plumbing/install/base_interfaces_demo/share/base_interfaces_demo/cmake/export_base_interfaces_demo__rosidl_typesupport_fastrtps_cExport-noconfig.cmake\n'}
[0.407270] (base_interfaces_demo) StdoutLine: {'line': b'-- Up-to-date: /home/loser/ws01_plumbing/install/base_interfaces_demo/share/base_interfaces_demo/cmake/base_interfaces_demo__rosidl_typesupport_introspection_cExport.cmake\n'}
[0.407350] (base_interfaces_demo) StdoutLine: {'line': b'-- Up-to-date: /home/loser/ws01_plumbing/install/base_interfaces_demo/share/base_interfaces_demo/cmake/base_interfaces_demo__rosidl_typesupport_introspection_cExport-noconfig.cmake\n'}
[0.407386] (base_interfaces_demo) StdoutLine: {'line': b'-- Up-to-date: /home/loser/ws01_plumbing/install/base_interfaces_demo/share/base_interfaces_demo/cmake/base_interfaces_demo__rosidl_typesupport_cExport.cmake\n'}
[0.407412] (base_interfaces_demo) StdoutLine: {'line': b'-- Up-to-date: /home/loser/ws01_plumbing/install/base_interfaces_demo/share/base_interfaces_demo/cmake/base_interfaces_demo__rosidl_typesupport_cExport-noconfig.cmake\n'}
[0.408126] (base_interfaces_demo) StdoutLine: {'line': b'-- Up-to-date: /home/loser/ws01_plumbing/install/base_interfaces_demo/share/base_interfaces_demo/cmake/export_base_interfaces_demo__rosidl_generator_cppExport.cmake\n'}
[0.408769] (base_interfaces_demo) StdoutLine: {'line': b'-- Up-to-date: /home/loser/ws01_plumbing/install/base_interfaces_demo/share/base_interfaces_demo/cmake/export_base_interfaces_demo__rosidl_typesupport_fastrtps_cppExport.cmake\n'}
[0.408911] (base_interfaces_demo) StdoutLine: {'line': b'-- Up-to-date: /home/loser/ws01_plumbing/install/base_interfaces_demo/share/base_interfaces_demo/cmake/export_base_interfaces_demo__rosidl_typesupport_fastrtps_cppExport-noconfig.cmake\n'}
[0.409588] (base_interfaces_demo) StdoutLine: {'line': b'-- Up-to-date: /home/loser/ws01_plumbing/install/base_interfaces_demo/share/base_interfaces_demo/cmake/base_interfaces_demo__rosidl_typesupport_introspection_cppExport.cmake\n'}
[0.409721] (base_interfaces_demo) StdoutLine: {'line': b'-- Up-to-date: /home/loser/ws01_plumbing/install/base_interfaces_demo/share/base_interfaces_demo/cmake/base_interfaces_demo__rosidl_typesupport_introspection_cppExport-noconfig.cmake\n'}
[0.410544] (base_interfaces_demo) StdoutLine: {'line': b'-- Up-to-date: /home/loser/ws01_plumbing/install/base_interfaces_demo/share/base_interfaces_demo/cmake/base_interfaces_demo__rosidl_typesupport_cppExport.cmake\n'}
[0.410632] (base_interfaces_demo) StdoutLine: {'line': b'-- Up-to-date: /home/loser/ws01_plumbing/install/base_interfaces_demo/share/base_interfaces_demo/cmake/base_interfaces_demo__rosidl_typesupport_cppExport-noconfig.cmake\n'}
[0.411397] (base_interfaces_demo) StdoutLine: {'line': b'-- Up-to-date: /home/loser/ws01_plumbing/install/base_interfaces_demo/share/base_interfaces_demo/cmake/export_base_interfaces_demo__rosidl_generator_pyExport.cmake\n'}
[0.411450] (base_interfaces_demo) StdoutLine: {'line': b'-- Up-to-date: /home/loser/ws01_plumbing/install/base_interfaces_demo/share/base_interfaces_demo/cmake/export_base_interfaces_demo__rosidl_generator_pyExport-noconfig.cmake\n'}
[0.411477] (base_interfaces_demo) StdoutLine: {'line': b'-- Up-to-date: /home/loser/ws01_plumbing/install/base_interfaces_demo/share/base_interfaces_demo/cmake/rosidl_cmake-extras.cmake\n'}
[0.411499] (base_interfaces_demo) StdoutLine: {'line': b'-- Up-to-date: /home/loser/ws01_plumbing/install/base_interfaces_demo/share/base_interfaces_demo/cmake/ament_cmake_export_include_directories-extras.cmake\n'}
[0.411567] (base_interfaces_demo) StdoutLine: {'line': b'-- Up-to-date: /home/loser/ws01_plumbing/install/base_interfaces_demo/share/base_interfaces_demo/cmake/ament_cmake_export_libraries-extras.cmake\n'}
[0.411700] (base_interfaces_demo) StdoutLine: {'line': b'-- Up-to-date: /home/loser/ws01_plumbing/install/base_interfaces_demo/share/base_interfaces_demo/cmake/ament_cmake_export_targets-extras.cmake\n'}
[0.411734] (base_interfaces_demo) StdoutLine: {'line': b'-- Up-to-date: /home/loser/ws01_plumbing/install/base_interfaces_demo/share/base_interfaces_demo/cmake/rosidl_cmake_export_typesupport_targets-extras.cmake\n'}
[0.411757] (base_interfaces_demo) StdoutLine: {'line': b'-- Up-to-date: /home/loser/ws01_plumbing/install/base_interfaces_demo/share/base_interfaces_demo/cmake/ament_cmake_export_dependencies-extras.cmake\n'}
[0.411777] (base_interfaces_demo) StdoutLine: {'line': b'-- Up-to-date: /home/loser/ws01_plumbing/install/base_interfaces_demo/share/base_interfaces_demo/cmake/rosidl_cmake_export_typesupport_libraries-extras.cmake\n'}
[0.411796] (base_interfaces_demo) StdoutLine: {'line': b'-- Up-to-date: /home/loser/ws01_plumbing/install/base_interfaces_demo/share/base_interfaces_demo/cmake/base_interfaces_demoConfig.cmake\n'}
[0.411816] (base_interfaces_demo) StdoutLine: {'line': b'-- Up-to-date: /home/loser/ws01_plumbing/install/base_interfaces_demo/share/base_interfaces_demo/cmake/base_interfaces_demoConfig-version.cmake\n'}
[0.411872] (base_interfaces_demo) StdoutLine: {'line': b'-- Up-to-date: /home/loser/ws01_plumbing/install/base_interfaces_demo/share/base_interfaces_demo/package.xml\n'}
[0.413848] (base_interfaces_demo) CommandEnded: {'returncode': 0}
[0.436846] (base_interfaces_demo) JobEnded: {'identifier': 'base_interfaces_demo', 'rc': 0}
[0.438330] (cpp01_topic) JobStarted: {'identifier': 'cpp01_topic'}
[0.442482] (cpp02_service) JobStarted: {'identifier': 'cpp02_service'}
[0.449832] (cpp03_action) JobStarted: {'identifier': 'cpp03_action'}
[0.455562] (py01_topic) JobStarted: {'identifier': 'py01_topic'}
[0.466149] (cpp01_topic) JobProgress: {'identifier': 'cpp01_topic', 'progress': 'cmake'}
[0.472559] (cpp01_topic) JobProgress: {'identifier': 'cpp01_topic', 'progress': 'build'}
[0.472807] (cpp01_topic) Command: {'cmd': ['/usr/bin/cmake', '--build', '/home/loser/ws01_plumbing/build/cpp01_topic', '--', '-j4', '-l4'], 'cwd': '/home/loser/ws01_plumbing/build/cpp01_topic', 'env': OrderedDict([('GJS_DEBUG_TOPICS', 'JS ERROR;JS LOG'), ('PYTHON_BASIC_REPL', '1'), ('LESSOPEN', '| /usr/bin/lesspipe %s'), ('LANGUAGE', 'zh_CN:en'), ('USER', 'loser'), ('LC_TIME', 'zh_CN.UTF-8'), ('XDG_SESSION_TYPE', 'wayland'), ('SHLVL', '1'), ('LD_LIBRARY_PATH', '/home/loser/ws01_plumbing/install/base_interfaces_demo/lib:/usr/lib/x86_64-linux-gnu/gazebo-11/plugins:/opt/ros/humble/opt/rviz_ogre_vendor/lib:/opt/ros/humble/lib/x86_64-linux-gnu:/opt/ros/humble/lib'), ('HOME', '/home/loser'), ('CHROME_DESKTOP', 'code.desktop'), ('OLDPWD', '/home/loser/ws01_plumbing/src'), ('TERM_PROGRAM_VERSION', '1.121.0'), ('DESKTOP_SESSION', 'ubuntu'), ('GIO_LAUNCHED_DESKTOP_FILE', '/usr/share/applications/code.desktop'), ('ROS_PYTHON_VERSION', '3'), ('GNOME_SHELL_SESSION_MODE', 'ubuntu'), ('GTK_MODULES', 'gail:atk-bridge'), ('LC_MONETARY', 'zh_CN.UTF-8'), ('MANAGERPID', '1438'), ('SYSTEMD_EXEC_PID', '1625'), ('IM_CONFIG_CHECK_ENV', '1'), ('VSCODE_PYTHON_AUTOACTIVATE_GUARD', '1'), ('DBUS_SESSION_BUS_ADDRESS', 'unix:path=/run/user/1000/bus'), ('COLORTERM', 'truecolor'), ('GIO_LAUNCHED_DESKTOP_FILE_PID', '2247'), ('IM_CONFIG_PHASE', '1'), ('WAYLAND_DISPLAY', 'wayland-0'), ('COLCON_PREFIX_PATH', '/home/loser/ws01_plumbing/install'), ('ROS_DISTRO', 'humble'), ('GTK_IM_MODULE', 'fcitx'), ('LOGNAME', 'loser'), ('JOURNAL_STREAM', '8:20539'), ('_', '/usr/bin/colcon'), ('ROS_VERSION', '2'), ('XDG_SESSION_CLASS', 'user'), ('USERNAME', 'loser'), ('TERM', 'xterm-256color'), ('GNOME_DESKTOP_SESSION_ID', 'this-is-deprecated'), ('FC_FONTATIONS', '1'), ('ROS_LOCALHOST_ONLY', '0'), ('PATH', '/home/loser/.config/Code/User/globalStorage/github.copilot-chat/debugCommand:/home/loser/.config/Code/User/globalStorage/github.copilot-chat/copilotCli:/opt/ros/humble/bin:/usr/local/sbin:/usr/local/bin:/usr/sbin:/usr/bin:/sbin:/bin:/usr/games:/usr/local/games:/snap/bin:/snap/bin'), ('SESSION_MANAGER', 'local/loser-vm:@/tmp/.ICE-unix/1579,unix/loser-vm:/tmp/.ICE-unix/1579'), ('INVOCATION_ID', 'c066e5289e1f46339e91e1906c356ea9'), ('PAPERSIZE', 'a4'), ('XDG_MENU_PREFIX', 'gnome-'), ('LC_ADDRESS', 'zh_CN.UTF-8'), ('GNOME_SETUP_DISPLAY', ':1'), ('XDG_RUNTIME_DIR', '/run/user/1000'), ('GDK_BACKEND', 'wayland'), ('DISPLAY', ':0'), ('LANG', 'zh_CN.UTF-8'), ('XDG_CURRENT_DESKTOP', 'ubuntu:GNOME'), ('PYTHONSTARTUP', '/home/loser/.config/Code/User/workspaceStorage/8648397a620a1c47015fb5f0b3e3803b/ms-python.python/pythonrc.py'), ('LC_TELEPHONE', 'zh_CN.UTF-8'), ('XMODIFIERS', '@im=fcitx'), ('XDG_SESSION_DESKTOP', 'ubuntu'), ('XAUTHORITY', '/run/user/1000/.mutter-Xwaylandauth.RLY4P3'), ('LS_COLORS', 'rs=0:di=01;34:ln=01;36:mh=00:pi=40;33:so=01;35:do=01;35:bd=40;33;01:cd=40;33;01:or=40;31;01:mi=00:su=37;41:sg=30;43:ca=30;41:tw=30;42:ow=34;42:st=37;44:ex=01;32:*.tar=01;31:*.tgz=01;31:*.arc=01;31:*.arj=01;31:*.taz=01;31:*.lha=01;31:*.lz4=01;31:*.lzh=01;31:*.lzma=01;31:*.tlz=01;31:*.txz=01;31:*.tzo=01;31:*.t7z=01;31:*.zip=01;31:*.z=01;31:*.dz=01;31:*.gz=01;31:*.lrz=01;31:*.lz=01;31:*.lzo=01;31:*.xz=01;31:*.zst=01;31:*.tzst=01;31:*.bz2=01;31:*.bz=01;31:*.tbz=01;31:*.tbz2=01;31:*.tz=01;31:*.deb=01;31:*.rpm=01;31:*.jar=01;31:*.war=01;31:*.ear=01;31:*.sar=01;31:*.rar=01;31:*.alz=01;31:*.ace=01;31:*.zoo=01;31:*.cpio=01;31:*.7z=01;31:*.rz=01;31:*.cab=01;31:*.wim=01;31:*.swm=01;31:*.dwm=01;31:*.esd=01;31:*.jpg=01;35:*.jpeg=01;35:*.mjpg=01;35:*.mjpeg=01;35:*.gif=01;35:*.bmp=01;35:*.pbm=01;35:*.pgm=01;35:*.ppm=01;35:*.tga=01;35:*.xbm=01;35:*.xpm=01;35:*.tif=01;35:*.tiff=01;35:*.png=01;35:*.svg=01;35:*.svgz=01;35:*.mng=01;35:*.pcx=01;35:*.mov=01;35:*.mpg=01;35:*.mpeg=01;35:*.m2v=01;35:*.mkv=01;35:*.webm=01;35:*.webp=01;35:*.ogm=01;35:*.mp4=01;35:*.m4v=01;35:*.mp4v=01;35:*.vob=01;35:*.qt=01;35:*.nuv=01;35:*.wmv=01;35:*.asf=01;35:*.rm=01;35:*.rmvb=01;35:*.flc=01;35:*.avi=01;35:*.fli=01;35:*.flv=01;35:*.gl=01;35:*.dl=01;35:*.xcf=01;35:*.xwd=01;35:*.yuv=01;35:*.cgm=01;35:*.emf=01;35:*.ogv=01;35:*.ogx=01;35:*.aac=00;36:*.au=00;36:*.flac=00;36:*.m4a=00;36:*.mid=00;36:*.midi=00;36:*.mka=00;36:*.mp3=00;36:*.mpc=00;36:*.ogg=00;36:*.ra=00;36:*.wav=00;36:*.oga=00;36:*.opus=00;36:*.spx=00;36:*.xspf=00;36:'), ('TERM_PROGRAM', 'vscode'), ('SSH_AGENT_LAUNCHER', 'gnome-keyring'), ('SSH_AUTH_SOCK', '/run/user/1000/keyring/ssh'), ('AMENT_PREFIX_PATH', '/home/loser/ws01_plumbing/install/py02_service:/home/loser/ws01_plumbing/install/py01_topic:/home/loser/ws01_plumbing/install/cpp02_service:/home/loser/ws01_plumbing/install/cpp01_topic:/home/loser/ws01_plumbing/install/base_interfaces_demo:/opt/ros/humble'), ('SHELL', '/bin/bash'), ('LC_NAME', 'zh_CN.UTF-8'), ('QT_ACCESSIBILITY', '1'), ('GDMSESSION', 'ubuntu'), ('LESSCLOSE', '/usr/bin/lesspipe %s %s'), ('LC_MEASUREMENT', 'zh_CN.UTF-8'), ('GJS_DEBUG_OUTPUT', 'stderr'), ('LC_IDENTIFICATION', 'zh_CN.UTF-8'), ('QT_IM_MODULE', 'fcitx'), ('PWD', '/home/loser/ws01_plumbing/build/cpp01_topic'), ('XDG_CONFIG_DIRS', '/etc/xdg/xdg-ubuntu:/etc/xdg'), ('CLUTTER_IM_MODULE', 'xim'), ('XDG_DATA_DIRS', '/usr/share/ubuntu:/usr/local/share/:/usr/share/:/var/lib/snapd/desktop'), ('PYTHONPATH', '/home/loser/ws01_plumbing/install/py02_service/lib/python3.10/site-packages:/home/loser/ws01_plumbing/install/py01_topic/lib/python3.10/site-packages:/home/loser/ws01_plumbing/install/base_interfaces_demo/local/lib/python3.10/dist-packages:/opt/ros/humble/lib/python3.10/site-packages:/opt/ros/humble/local/lib/python3.10/dist-packages'), ('LC_NUMERIC', 'zh_CN.UTF-8'), ('LC_PAPER', 'zh_CN.UTF-8'), ('COLCON', '1'), ('CMAKE_PREFIX_PATH', '/home/loser/ws01_plumbing/install/base_interfaces_demo:/home/loser/ws01_plumbing/install/cpp02_service:/home/loser/ws01_plumbing/install/cpp01_topic:/home/loser/ws01_plumbing/install/py02_service:/home/loser/ws01_plumbing/install/py01_topic:/opt/ros/humble')]), 'shell': False}
[0.476926] (cpp02_service) JobProgress: {'identifier': 'cpp02_service', 'progress': 'cmake'}
[0.477009] (cpp02_service) JobProgress: {'identifier': 'cpp02_service', 'progress': 'build'}
[0.477033] (cpp02_service) Command: {'cmd': ['/usr/bin/cmake', '--build', '/home/loser/ws01_plumbing/build/cpp02_service', '--', '-j4', '-l4'], 'cwd': '/home/loser/ws01_plumbing/build/cpp02_service', 'env': OrderedDict([('GJS_DEBUG_TOPICS', 'JS ERROR;JS LOG'), ('PYTHON_BASIC_REPL', '1'), ('LESSOPEN', '| /usr/bin/lesspipe %s'), ('LANGUAGE', 'zh_CN:en'), ('USER', 'loser'), ('LC_TIME', 'zh_CN.UTF-8'), ('XDG_SESSION_TYPE', 'wayland'), ('SHLVL', '1'), ('LD_LIBRARY_PATH', '/home/loser/ws01_plumbing/install/base_interfaces_demo/lib:/usr/lib/x86_64-linux-gnu/gazebo-11/plugins:/opt/ros/humble/opt/rviz_ogre_vendor/lib:/opt/ros/humble/lib/x86_64-linux-gnu:/opt/ros/humble/lib'), ('HOME', '/home/loser'), ('CHROME_DESKTOP', 'code.desktop'), ('OLDPWD', '/home/loser/ws01_plumbing/src'), ('TERM_PROGRAM_VERSION', '1.121.0'), ('DESKTOP_SESSION', 'ubuntu'), ('GIO_LAUNCHED_DESKTOP_FILE', '/usr/share/applications/code.desktop'), ('ROS_PYTHON_VERSION', '3'), ('GNOME_SHELL_SESSION_MODE', 'ubuntu'), ('GTK_MODULES', 'gail:atk-bridge'), ('LC_MONETARY', 'zh_CN.UTF-8'), ('MANAGERPID', '1438'), ('SYSTEMD_EXEC_PID', '1625'), ('IM_CONFIG_CHECK_ENV', '1'), ('VSCODE_PYTHON_AUTOACTIVATE_GUARD', '1'), ('DBUS_SESSION_BUS_ADDRESS', 'unix:path=/run/user/1000/bus'), ('COLORTERM', 'truecolor'), ('GIO_LAUNCHED_DESKTOP_FILE_PID', '2247'), ('IM_CONFIG_PHASE', '1'), ('WAYLAND_DISPLAY', 'wayland-0'), ('COLCON_PREFIX_PATH', '/home/loser/ws01_plumbing/install'), ('ROS_DISTRO', 'humble'), ('GTK_IM_MODULE', 'fcitx'), ('LOGNAME', 'loser'), ('JOURNAL_STREAM', '8:20539'), ('_', '/usr/bin/colcon'), ('ROS_VERSION', '2'), ('XDG_SESSION_CLASS', 'user'), ('USERNAME', 'loser'), ('TERM', 'xterm-256color'), ('GNOME_DESKTOP_SESSION_ID', 'this-is-deprecated'), ('FC_FONTATIONS', '1'), ('ROS_LOCALHOST_ONLY', '0'), ('PATH', '/home/loser/.config/Code/User/globalStorage/github.copilot-chat/debugCommand:/home/loser/.config/Code/User/globalStorage/github.copilot-chat/copilotCli:/opt/ros/humble/bin:/usr/local/sbin:/usr/local/bin:/usr/sbin:/usr/bin:/sbin:/bin:/usr/games:/usr/local/games:/snap/bin:/snap/bin'), ('SESSION_MANAGER', 'local/loser-vm:@/tmp/.ICE-unix/1579,unix/loser-vm:/tmp/.ICE-unix/1579'), ('INVOCATION_ID', 'c066e5289e1f46339e91e1906c356ea9'), ('PAPERSIZE', 'a4'), ('XDG_MENU_PREFIX', 'gnome-'), ('LC_ADDRESS', 'zh_CN.UTF-8'), ('GNOME_SETUP_DISPLAY', ':1'), ('XDG_RUNTIME_DIR', '/run/user/1000'), ('GDK_BACKEND', 'wayland'), ('DISPLAY', ':0'), ('LANG', 'zh_CN.UTF-8'), ('XDG_CURRENT_DESKTOP', 'ubuntu:GNOME'), ('PYTHONSTARTUP', '/home/loser/.config/Code/User/workspaceStorage/8648397a620a1c47015fb5f0b3e3803b/ms-python.python/pythonrc.py'), ('LC_TELEPHONE', 'zh_CN.UTF-8'), ('XMODIFIERS', '@im=fcitx'), ('XDG_SESSION_DESKTOP', 'ubuntu'), ('XAUTHORITY', '/run/user/1000/.mutter-Xwaylandauth.RLY4P3'), ('LS_COLORS', 'rs=0:di=01;34:ln=01;36:mh=00:pi=40;33:so=01;35:do=01;35:bd=40;33;01:cd=40;33;01:or=40;31;01:mi=00:su=37;41:sg=30;43:ca=30;41:tw=30;42:ow=34;42:st=37;44:ex=01;32:*.tar=01;31:*.tgz=01;31:*.arc=01;31:*.arj=01;31:*.taz=01;31:*.lha=01;31:*.lz4=01;31:*.lzh=01;31:*.lzma=01;31:*.tlz=01;31:*.txz=01;31:*.tzo=01;31:*.t7z=01;31:*.zip=01;31:*.z=01;31:*.dz=01;31:*.gz=01;31:*.lrz=01;31:*.lz=01;31:*.lzo=01;31:*.xz=01;31:*.zst=01;31:*.tzst=01;31:*.bz2=01;31:*.bz=01;31:*.tbz=01;31:*.tbz2=01;31:*.tz=01;31:*.deb=01;31:*.rpm=01;31:*.jar=01;31:*.war=01;31:*.ear=01;31:*.sar=01;31:*.rar=01;31:*.alz=01;31:*.ace=01;31:*.zoo=01;31:*.cpio=01;31:*.7z=01;31:*.rz=01;31:*.cab=01;31:*.wim=01;31:*.swm=01;31:*.dwm=01;31:*.esd=01;31:*.jpg=01;35:*.jpeg=01;35:*.mjpg=01;35:*.mjpeg=01;35:*.gif=01;35:*.bmp=01;35:*.pbm=01;35:*.pgm=01;35:*.ppm=01;35:*.tga=01;35:*.xbm=01;35:*.xpm=01;35:*.tif=01;35:*.tiff=01;35:*.png=01;35:*.svg=01;35:*.svgz=01;35:*.mng=01;35:*.pcx=01;35:*.mov=01;35:*.mpg=01;35:*.mpeg=01;35:*.m2v=01;35:*.mkv=01;35:*.webm=01;35:*.webp=01;35:*.ogm=01;35:*.mp4=01;35:*.m4v=01;35:*.mp4v=01;35:*.vob=01;35:*.qt=01;35:*.nuv=01;35:*.wmv=01;35:*.asf=01;35:*.rm=01;35:*.rmvb=01;35:*.flc=01;35:*.avi=01;35:*.fli=01;35:*.flv=01;35:*.gl=01;35:*.dl=01;35:*.xcf=01;35:*.xwd=01;35:*.yuv=01;35:*.cgm=01;35:*.emf=01;35:*.ogv=01;35:*.ogx=01;35:*.aac=00;36:*.au=00;36:*.flac=00;36:*.m4a=00;36:*.mid=00;36:*.midi=00;36:*.mka=00;36:*.mp3=00;36:*.mpc=00;36:*.ogg=00;36:*.ra=00;36:*.wav=00;36:*.oga=00;36:*.opus=00;36:*.spx=00;36:*.xspf=00;36:'), ('TERM_PROGRAM', 'vscode'), ('SSH_AGENT_LAUNCHER', 'gnome-keyring'), ('SSH_AUTH_SOCK', '/run/user/1000/keyring/ssh'), ('AMENT_PREFIX_PATH', '/home/loser/ws01_plumbing/install/py02_service:/home/loser/ws01_plumbing/install/py01_topic:/home/loser/ws01_plumbing/install/cpp02_service:/home/loser/ws01_plumbing/install/cpp01_topic:/home/loser/ws01_plumbing/install/base_interfaces_demo:/opt/ros/humble'), ('SHELL', '/bin/bash'), ('LC_NAME', 'zh_CN.UTF-8'), ('QT_ACCESSIBILITY', '1'), ('GDMSESSION', 'ubuntu'), ('LESSCLOSE', '/usr/bin/lesspipe %s %s'), ('LC_MEASUREMENT', 'zh_CN.UTF-8'), ('GJS_DEBUG_OUTPUT', 'stderr'), ('LC_IDENTIFICATION', 'zh_CN.UTF-8'), ('QT_IM_MODULE', 'fcitx'), ('PWD', '/home/loser/ws01_plumbing/build/cpp02_service'), ('XDG_CONFIG_DIRS', '/etc/xdg/xdg-ubuntu:/etc/xdg'), ('CLUTTER_IM_MODULE', 'xim'), ('XDG_DATA_DIRS', '/usr/share/ubuntu:/usr/local/share/:/usr/share/:/var/lib/snapd/desktop'), ('PYTHONPATH', '/home/loser/ws01_plumbing/install/py02_service/lib/python3.10/site-packages:/home/loser/ws01_plumbing/install/py01_topic/lib/python3.10/site-packages:/home/loser/ws01_plumbing/install/base_interfaces_demo/local/lib/python3.10/dist-packages:/opt/ros/humble/lib/python3.10/site-packages:/opt/ros/humble/local/lib/python3.10/dist-packages'), ('LC_NUMERIC', 'zh_CN.UTF-8'), ('LC_PAPER', 'zh_CN.UTF-8'), ('COLCON', '1'), ('CMAKE_PREFIX_PATH', '/home/loser/ws01_plumbing/install/base_interfaces_demo:/home/loser/ws01_plumbing/install/cpp02_service:/home/loser/ws01_plumbing/install/cpp01_topic:/home/loser/ws01_plumbing/install/py02_service:/home/loser/ws01_plumbing/install/py01_topic:/opt/ros/humble')]), 'shell': False}
[0.480334] (cpp03_action) JobProgress: {'identifier': 'cpp03_action', 'progress': 'cmake'}
[0.480784] (cpp03_action) Command: {'cmd': ['/usr/bin/cmake', '/home/loser/ws01_plumbing/src/cpp03_action', '-DCMAKE_INSTALL_PREFIX=/home/loser/ws01_plumbing/install/cpp03_action'], 'cwd': '/home/loser/ws01_plumbing/build/cpp03_action', 'env': OrderedDict([('GJS_DEBUG_TOPICS', 'JS ERROR;JS LOG'), ('PYTHON_BASIC_REPL', '1'), ('LESSOPEN', '| /usr/bin/lesspipe %s'), ('LANGUAGE', 'zh_CN:en'), ('USER', 'loser'), ('LC_TIME', 'zh_CN.UTF-8'), ('XDG_SESSION_TYPE', 'wayland'), ('SHLVL', '1'), ('LD_LIBRARY_PATH', '/home/loser/ws01_plumbing/install/base_interfaces_demo/lib:/usr/lib/x86_64-linux-gnu/gazebo-11/plugins:/opt/ros/humble/opt/rviz_ogre_vendor/lib:/opt/ros/humble/lib/x86_64-linux-gnu:/opt/ros/humble/lib'), ('HOME', '/home/loser'), ('CHROME_DESKTOP', 'code.desktop'), ('OLDPWD', '/home/loser/ws01_plumbing/src'), ('TERM_PROGRAM_VERSION', '1.121.0'), ('DESKTOP_SESSION', 'ubuntu'), ('GIO_LAUNCHED_DESKTOP_FILE', '/usr/share/applications/code.desktop'), ('ROS_PYTHON_VERSION', '3'), ('GNOME_SHELL_SESSION_MODE', 'ubuntu'), ('GTK_MODULES', 'gail:atk-bridge'), ('LC_MONETARY', 'zh_CN.UTF-8'), ('MANAGERPID', '1438'), ('SYSTEMD_EXEC_PID', '1625'), ('IM_CONFIG_CHECK_ENV', '1'), ('VSCODE_PYTHON_AUTOACTIVATE_GUARD', '1'), ('DBUS_SESSION_BUS_ADDRESS', 'unix:path=/run/user/1000/bus'), ('COLORTERM', 'truecolor'), ('GIO_LAUNCHED_DESKTOP_FILE_PID', '2247'), ('IM_CONFIG_PHASE', '1'), ('WAYLAND_DISPLAY', 'wayland-0'), ('COLCON_PREFIX_PATH', '/home/loser/ws01_plumbing/install'), ('ROS_DISTRO', 'humble'), ('GTK_IM_MODULE', 'fcitx'), ('LOGNAME', 'loser'), ('JOURNAL_STREAM', '8:20539'), ('_', '/usr/bin/colcon'), ('ROS_VERSION', '2'), ('XDG_SESSION_CLASS', 'user'), ('USERNAME', 'loser'), ('TERM', 'xterm-256color'), ('GNOME_DESKTOP_SESSION_ID', 'this-is-deprecated'), ('FC_FONTATIONS', '1'), ('ROS_LOCALHOST_ONLY', '0'), ('PATH', '/home/loser/.config/Code/User/globalStorage/github.copilot-chat/debugCommand:/home/loser/.config/Code/User/globalStorage/github.copilot-chat/copilotCli:/opt/ros/humble/bin:/usr/local/sbin:/usr/local/bin:/usr/sbin:/usr/bin:/sbin:/bin:/usr/games:/usr/local/games:/snap/bin:/snap/bin'), ('SESSION_MANAGER', 'local/loser-vm:@/tmp/.ICE-unix/1579,unix/loser-vm:/tmp/.ICE-unix/1579'), ('INVOCATION_ID', 'c066e5289e1f46339e91e1906c356ea9'), ('PAPERSIZE', 'a4'), ('XDG_MENU_PREFIX', 'gnome-'), ('LC_ADDRESS', 'zh_CN.UTF-8'), ('GNOME_SETUP_DISPLAY', ':1'), ('XDG_RUNTIME_DIR', '/run/user/1000'), ('GDK_BACKEND', 'wayland'), ('DISPLAY', ':0'), ('LANG', 'zh_CN.UTF-8'), ('XDG_CURRENT_DESKTOP', 'ubuntu:GNOME'), ('PYTHONSTARTUP', '/home/loser/.config/Code/User/workspaceStorage/8648397a620a1c47015fb5f0b3e3803b/ms-python.python/pythonrc.py'), ('LC_TELEPHONE', 'zh_CN.UTF-8'), ('XMODIFIERS', '@im=fcitx'), ('XDG_SESSION_DESKTOP', 'ubuntu'), ('XAUTHORITY', '/run/user/1000/.mutter-Xwaylandauth.RLY4P3'), ('LS_COLORS', 'rs=0:di=01;34:ln=01;36:mh=00:pi=40;33:so=01;35:do=01;35:bd=40;33;01:cd=40;33;01:or=40;31;01:mi=00:su=37;41:sg=30;43:ca=30;41:tw=30;42:ow=34;42:st=37;44:ex=01;32:*.tar=01;31:*.tgz=01;31:*.arc=01;31:*.arj=01;31:*.taz=01;31:*.lha=01;31:*.lz4=01;31:*.lzh=01;31:*.lzma=01;31:*.tlz=01;31:*.txz=01;31:*.tzo=01;31:*.t7z=01;31:*.zip=01;31:*.z=01;31:*.dz=01;31:*.gz=01;31:*.lrz=01;31:*.lz=01;31:*.lzo=01;31:*.xz=01;31:*.zst=01;31:*.tzst=01;31:*.bz2=01;31:*.bz=01;31:*.tbz=01;31:*.tbz2=01;31:*.tz=01;31:*.deb=01;31:*.rpm=01;31:*.jar=01;31:*.war=01;31:*.ear=01;31:*.sar=01;31:*.rar=01;31:*.alz=01;31:*.ace=01;31:*.zoo=01;31:*.cpio=01;31:*.7z=01;31:*.rz=01;31:*.cab=01;31:*.wim=01;31:*.swm=01;31:*.dwm=01;31:*.esd=01;31:*.jpg=01;35:*.jpeg=01;35:*.mjpg=01;35:*.mjpeg=01;35:*.gif=01;35:*.bmp=01;35:*.pbm=01;35:*.pgm=01;35:*.ppm=01;35:*.tga=01;35:*.xbm=01;35:*.xpm=01;35:*.tif=01;35:*.tiff=01;35:*.png=01;35:*.svg=01;35:*.svgz=01;35:*.mng=01;35:*.pcx=01;35:*.mov=01;35:*.mpg=01;35:*.mpeg=01;35:*.m2v=01;35:*.mkv=01;35:*.webm=01;35:*.webp=01;35:*.ogm=01;35:*.mp4=01;35:*.m4v=01;35:*.mp4v=01;35:*.vob=01;35:*.qt=01;35:*.nuv=01;35:*.wmv=01;35:*.asf=01;35:*.rm=01;35:*.rmvb=01;35:*.flc=01;35:*.avi=01;35:*.fli=01;35:*.flv=01;35:*.gl=01;35:*.dl=01;35:*.xcf=01;35:*.xwd=01;35:*.yuv=01;35:*.cgm=01;35:*.emf=01;35:*.ogv=01;35:*.ogx=01;35:*.aac=00;36:*.au=00;36:*.flac=00;36:*.m4a=00;36:*.mid=00;36:*.midi=00;36:*.mka=00;36:*.mp3=00;36:*.mpc=00;36:*.ogg=00;36:*.ra=00;36:*.wav=00;36:*.oga=00;36:*.opus=00;36:*.spx=00;36:*.xspf=00;36:'), ('TERM_PROGRAM', 'vscode'), ('SSH_AGENT_LAUNCHER', 'gnome-keyring'), ('SSH_AUTH_SOCK', '/run/user/1000/keyring/ssh'), ('AMENT_PREFIX_PATH', '/home/loser/ws01_plumbing/install/py02_service:/home/loser/ws01_plumbing/install/py01_topic:/home/loser/ws01_plumbing/install/cpp02_service:/home/loser/ws01_plumbing/install/cpp01_topic:/home/loser/ws01_plumbing/install/base_interfaces_demo:/opt/ros/humble'), ('SHELL', '/bin/bash'), ('LC_NAME', 'zh_CN.UTF-8'), ('QT_ACCESSIBILITY', '1'), ('GDMSESSION', 'ubuntu'), ('LESSCLOSE', '/usr/bin/lesspipe %s %s'), ('LC_MEASUREMENT', 'zh_CN.UTF-8'), ('GJS_DEBUG_OUTPUT', 'stderr'), ('LC_IDENTIFICATION', 'zh_CN.UTF-8'), ('QT_IM_MODULE', 'fcitx'), ('PWD', '/home/loser/ws01_plumbing/build/cpp03_action'), ('XDG_CONFIG_DIRS', '/etc/xdg/xdg-ubuntu:/etc/xdg'), ('CLUTTER_IM_MODULE', 'xim'), ('XDG_DATA_DIRS', '/usr/share/ubuntu:/usr/local/share/:/usr/share/:/var/lib/snapd/desktop'), ('PYTHONPATH', '/home/loser/ws01_plumbing/install/py02_service/lib/python3.10/site-packages:/home/loser/ws01_plumbing/install/py01_topic/lib/python3.10/site-packages:/home/loser/ws01_plumbing/install/base_interfaces_demo/local/lib/python3.10/dist-packages:/opt/ros/humble/lib/python3.10/site-packages:/opt/ros/humble/local/lib/python3.10/dist-packages'), ('LC_NUMERIC', 'zh_CN.UTF-8'), ('LC_PAPER', 'zh_CN.UTF-8'), ('COLCON', '1'), ('CMAKE_PREFIX_PATH', '/home/loser/ws01_plumbing/install/base_interfaces_demo:/home/loser/ws01_plumbing/install/cpp02_service:/home/loser/ws01_plumbing/install/cpp01_topic:/home/loser/ws01_plumbing/install/py02_service:/home/loser/ws01_plumbing/install/py01_topic:/opt/ros/humble')]), 'shell': False}
[0.501677] (-) TimerEvent: {}
[0.572753] (cpp02_service) StdoutLine: {'line': b'\x1b[35m\x1b[1mConsolidate compiler generated dependencies of target demo02_client\x1b[0m\n'}
[0.583756] (cpp01_topic) StdoutLine: {'line': b'[ 25%] Built target demo_str_cpp_listener\n'}
[0.594391] (cpp01_topic) StdoutLine: {'line': b'[ 50%] Built target demo_str_cpp_publisher\n'}
[0.594615] (cpp02_service) StdoutLine: {'line': b'[ 50%] Built target demo01_server\n'}
[0.596318] (cpp02_service) StdoutLine: {'line': b'[100%] Built target demo02_client\n'}
[0.599411] (cpp01_topic) StdoutLine: {'line': b'[ 75%] Built target demo_stu_cpp_publisher\n'}
[0.601735] (-) TimerEvent: {}
[0.609432] (cpp01_topic) StdoutLine: {'line': b'[100%] Built target demo_stu_cpp_listener\n'}
[0.680240] (cpp03_action) StdoutLine: {'line': b'-- The C compiler identification is GNU 11.4.0\n'}
[0.701869] (-) TimerEvent: {}
[0.749019] (cpp02_service) CommandEnded: {'returncode': 0}
[0.751203] (cpp02_service) JobProgress: {'identifier': 'cpp02_service', 'progress': 'install'}
[0.751221] (cpp02_service) Command: {'cmd': ['/usr/bin/cmake', '--install', '/home/loser/ws01_plumbing/build/cpp02_service'], 'cwd': '/home/loser/ws01_plumbing/build/cpp02_service', 'env': OrderedDict([('GJS_DEBUG_TOPICS', 'JS ERROR;JS LOG'), ('PYTHON_BASIC_REPL', '1'), ('LESSOPEN', '| /usr/bin/lesspipe %s'), ('LANGUAGE', 'zh_CN:en'), ('USER', 'loser'), ('LC_TIME', 'zh_CN.UTF-8'), ('XDG_SESSION_TYPE', 'wayland'), ('SHLVL', '1'), ('LD_LIBRARY_PATH', '/home/loser/ws01_plumbing/install/base_interfaces_demo/lib:/usr/lib/x86_64-linux-gnu/gazebo-11/plugins:/opt/ros/humble/opt/rviz_ogre_vendor/lib:/opt/ros/humble/lib/x86_64-linux-gnu:/opt/ros/humble/lib'), ('HOME', '/home/loser'), ('CHROME_DESKTOP', 'code.desktop'), ('OLDPWD', '/home/loser/ws01_plumbing/src'), ('TERM_PROGRAM_VERSION', '1.121.0'), ('DESKTOP_SESSION', 'ubuntu'), ('GIO_LAUNCHED_DESKTOP_FILE', '/usr/share/applications/code.desktop'), ('ROS_PYTHON_VERSION', '3'), ('GNOME_SHELL_SESSION_MODE', 'ubuntu'), ('GTK_MODULES', 'gail:atk-bridge'), ('LC_MONETARY', 'zh_CN.UTF-8'), ('MANAGERPID', '1438'), ('SYSTEMD_EXEC_PID', '1625'), ('IM_CONFIG_CHECK_ENV', '1'), ('VSCODE_PYTHON_AUTOACTIVATE_GUARD', '1'), ('DBUS_SESSION_BUS_ADDRESS', 'unix:path=/run/user/1000/bus'), ('COLORTERM', 'truecolor'), ('GIO_LAUNCHED_DESKTOP_FILE_PID', '2247'), ('IM_CONFIG_PHASE', '1'), ('WAYLAND_DISPLAY', 'wayland-0'), ('COLCON_PREFIX_PATH', '/home/loser/ws01_plumbing/install'), ('ROS_DISTRO', 'humble'), ('GTK_IM_MODULE', 'fcitx'), ('LOGNAME', 'loser'), ('JOURNAL_STREAM', '8:20539'), ('_', '/usr/bin/colcon'), ('ROS_VERSION', '2'), ('XDG_SESSION_CLASS', 'user'), ('USERNAME', 'loser'), ('TERM', 'xterm-256color'), ('GNOME_DESKTOP_SESSION_ID', 'this-is-deprecated'), ('FC_FONTATIONS', '1'), ('ROS_LOCALHOST_ONLY', '0'), ('PATH', '/home/loser/.config/Code/User/globalStorage/github.copilot-chat/debugCommand:/home/loser/.config/Code/User/globalStorage/github.copilot-chat/copilotCli:/opt/ros/humble/bin:/usr/local/sbin:/usr/local/bin:/usr/sbin:/usr/bin:/sbin:/bin:/usr/games:/usr/local/games:/snap/bin:/snap/bin'), ('SESSION_MANAGER', 'local/loser-vm:@/tmp/.ICE-unix/1579,unix/loser-vm:/tmp/.ICE-unix/1579'), ('INVOCATION_ID', 'c066e5289e1f46339e91e1906c356ea9'), ('PAPERSIZE', 'a4'), ('XDG_MENU_PREFIX', 'gnome-'), ('LC_ADDRESS', 'zh_CN.UTF-8'), ('GNOME_SETUP_DISPLAY', ':1'), ('XDG_RUNTIME_DIR', '/run/user/1000'), ('GDK_BACKEND', 'wayland'), ('DISPLAY', ':0'), ('LANG', 'zh_CN.UTF-8'), ('XDG_CURRENT_DESKTOP', 'ubuntu:GNOME'), ('PYTHONSTARTUP', '/home/loser/.config/Code/User/workspaceStorage/8648397a620a1c47015fb5f0b3e3803b/ms-python.python/pythonrc.py'), ('LC_TELEPHONE', 'zh_CN.UTF-8'), ('XMODIFIERS', '@im=fcitx'), ('XDG_SESSION_DESKTOP', 'ubuntu'), ('XAUTHORITY', '/run/user/1000/.mutter-Xwaylandauth.RLY4P3'), ('LS_COLORS', 'rs=0:di=01;34:ln=01;36:mh=00:pi=40;33:so=01;35:do=01;35:bd=40;33;01:cd=40;33;01:or=40;31;01:mi=00:su=37;41:sg=30;43:ca=30;41:tw=30;42:ow=34;42:st=37;44:ex=01;32:*.tar=01;31:*.tgz=01;31:*.arc=01;31:*.arj=01;31:*.taz=01;31:*.lha=01;31:*.lz4=01;31:*.lzh=01;31:*.lzma=01;31:*.tlz=01;31:*.txz=01;31:*.tzo=01;31:*.t7z=01;31:*.zip=01;31:*.z=01;31:*.dz=01;31:*.gz=01;31:*.lrz=01;31:*.lz=01;31:*.lzo=01;31:*.xz=01;31:*.zst=01;31:*.tzst=01;31:*.bz2=01;31:*.bz=01;31:*.tbz=01;31:*.tbz2=01;31:*.tz=01;31:*.deb=01;31:*.rpm=01;31:*.jar=01;31:*.war=01;31:*.ear=01;31:*.sar=01;31:*.rar=01;31:*.alz=01;31:*.ace=01;31:*.zoo=01;31:*.cpio=01;31:*.7z=01;31:*.rz=01;31:*.cab=01;31:*.wim=01;31:*.swm=01;31:*.dwm=01;31:*.esd=01;31:*.jpg=01;35:*.jpeg=01;35:*.mjpg=01;35:*.mjpeg=01;35:*.gif=01;35:*.bmp=01;35:*.pbm=01;35:*.pgm=01;35:*.ppm=01;35:*.tga=01;35:*.xbm=01;35:*.xpm=01;35:*.tif=01;35:*.tiff=01;35:*.png=01;35:*.svg=01;35:*.svgz=01;35:*.mng=01;35:*.pcx=01;35:*.mov=01;35:*.mpg=01;35:*.mpeg=01;35:*.m2v=01;35:*.mkv=01;35:*.webm=01;35:*.webp=01;35:*.ogm=01;35:*.mp4=01;35:*.m4v=01;35:*.mp4v=01;35:*.vob=01;35:*.qt=01;35:*.nuv=01;35:*.wmv=01;35:*.asf=01;35:*.rm=01;35:*.rmvb=01;35:*.flc=01;35:*.avi=01;35:*.fli=01;35:*.flv=01;35:*.gl=01;35:*.dl=01;35:*.xcf=01;35:*.xwd=01;35:*.yuv=01;35:*.cgm=01;35:*.emf=01;35:*.ogv=01;35:*.ogx=01;35:*.aac=00;36:*.au=00;36:*.flac=00;36:*.m4a=00;36:*.mid=00;36:*.midi=00;36:*.mka=00;36:*.mp3=00;36:*.mpc=00;36:*.ogg=00;36:*.ra=00;36:*.wav=00;36:*.oga=00;36:*.opus=00;36:*.spx=00;36:*.xspf=00;36:'), ('TERM_PROGRAM', 'vscode'), ('SSH_AGENT_LAUNCHER', 'gnome-keyring'), ('SSH_AUTH_SOCK', '/run/user/1000/keyring/ssh'), ('AMENT_PREFIX_PATH', '/home/loser/ws01_plumbing/install/py02_service:/home/loser/ws01_plumbing/install/py01_topic:/home/loser/ws01_plumbing/install/cpp02_service:/home/loser/ws01_plumbing/install/cpp01_topic:/home/loser/ws01_plumbing/install/base_interfaces_demo:/opt/ros/humble'), ('SHELL', '/bin/bash'), ('LC_NAME', 'zh_CN.UTF-8'), ('QT_ACCESSIBILITY', '1'), ('GDMSESSION', 'ubuntu'), ('LESSCLOSE', '/usr/bin/lesspipe %s %s'), ('LC_MEASUREMENT', 'zh_CN.UTF-8'), ('GJS_DEBUG_OUTPUT', 'stderr'), ('LC_IDENTIFICATION', 'zh_CN.UTF-8'), ('QT_IM_MODULE', 'fcitx'), ('PWD', '/home/loser/ws01_plumbing/build/cpp02_service'), ('XDG_CONFIG_DIRS', '/etc/xdg/xdg-ubuntu:/etc/xdg'), ('CLUTTER_IM_MODULE', 'xim'), ('XDG_DATA_DIRS', '/usr/share/ubuntu:/usr/local/share/:/usr/share/:/var/lib/snapd/desktop'), ('PYTHONPATH', '/home/loser/ws01_plumbing/install/py02_service/lib/python3.10/site-packages:/home/loser/ws01_plumbing/install/py01_topic/lib/python3.10/site-packages:/home/loser/ws01_plumbing/install/base_interfaces_demo/local/lib/python3.10/dist-packages:/opt/ros/humble/lib/python3.10/site-packages:/opt/ros/humble/local/lib/python3.10/dist-packages'), ('LC_NUMERIC', 'zh_CN.UTF-8'), ('LC_PAPER', 'zh_CN.UTF-8'), ('COLCON', '1'), ('CMAKE_PREFIX_PATH', '/home/loser/ws01_plumbing/install/base_interfaces_demo:/home/loser/ws01_plumbing/install/cpp02_service:/home/loser/ws01_plumbing/install/cpp01_topic:/home/loser/ws01_plumbing/install/py02_service:/home/loser/ws01_plumbing/install/py01_topic:/opt/ros/humble')]), 'shell': False}
[0.752650] (cpp01_topic) CommandEnded: {'returncode': 0}
[0.757893] (cpp01_topic) JobProgress: {'identifier': 'cpp01_topic', 'progress': 'install'}
[0.758127] (cpp01_topic) Command: {'cmd': ['/usr/bin/cmake', '--install', '/home/loser/ws01_plumbing/build/cpp01_topic'], 'cwd': '/home/loser/ws01_plumbing/build/cpp01_topic', 'env': OrderedDict([('GJS_DEBUG_TOPICS', 'JS ERROR;JS LOG'), ('PYTHON_BASIC_REPL', '1'), ('LESSOPEN', '| /usr/bin/lesspipe %s'), ('LANGUAGE', 'zh_CN:en'), ('USER', 'loser'), ('LC_TIME', 'zh_CN.UTF-8'), ('XDG_SESSION_TYPE', 'wayland'), ('SHLVL', '1'), ('LD_LIBRARY_PATH', '/home/loser/ws01_plumbing/install/base_interfaces_demo/lib:/usr/lib/x86_64-linux-gnu/gazebo-11/plugins:/opt/ros/humble/opt/rviz_ogre_vendor/lib:/opt/ros/humble/lib/x86_64-linux-gnu:/opt/ros/humble/lib'), ('HOME', '/home/loser'), ('CHROME_DESKTOP', 'code.desktop'), ('OLDPWD', '/home/loser/ws01_plumbing/src'), ('TERM_PROGRAM_VERSION', '1.121.0'), ('DESKTOP_SESSION', 'ubuntu'), ('GIO_LAUNCHED_DESKTOP_FILE', '/usr/share/applications/code.desktop'), ('ROS_PYTHON_VERSION', '3'), ('GNOME_SHELL_SESSION_MODE', 'ubuntu'), ('GTK_MODULES', 'gail:atk-bridge'), ('LC_MONETARY', 'zh_CN.UTF-8'), ('MANAGERPID', '1438'), ('SYSTEMD_EXEC_PID', '1625'), ('IM_CONFIG_CHECK_ENV', '1'), ('VSCODE_PYTHON_AUTOACTIVATE_GUARD', '1'), ('DBUS_SESSION_BUS_ADDRESS', 'unix:path=/run/user/1000/bus'), ('COLORTERM', 'truecolor'), ('GIO_LAUNCHED_DESKTOP_FILE_PID', '2247'), ('IM_CONFIG_PHASE', '1'), ('WAYLAND_DISPLAY', 'wayland-0'), ('COLCON_PREFIX_PATH', '/home/loser/ws01_plumbing/install'), ('ROS_DISTRO', 'humble'), ('GTK_IM_MODULE', 'fcitx'), ('LOGNAME', 'loser'), ('JOURNAL_STREAM', '8:20539'), ('_', '/usr/bin/colcon'), ('ROS_VERSION', '2'), ('XDG_SESSION_CLASS', 'user'), ('USERNAME', 'loser'), ('TERM', 'xterm-256color'), ('GNOME_DESKTOP_SESSION_ID', 'this-is-deprecated'), ('FC_FONTATIONS', '1'), ('ROS_LOCALHOST_ONLY', '0'), ('PATH', '/home/loser/.config/Code/User/globalStorage/github.copilot-chat/debugCommand:/home/loser/.config/Code/User/globalStorage/github.copilot-chat/copilotCli:/opt/ros/humble/bin:/usr/local/sbin:/usr/local/bin:/usr/sbin:/usr/bin:/sbin:/bin:/usr/games:/usr/local/games:/snap/bin:/snap/bin'), ('SESSION_MANAGER', 'local/loser-vm:@/tmp/.ICE-unix/1579,unix/loser-vm:/tmp/.ICE-unix/1579'), ('INVOCATION_ID', 'c066e5289e1f46339e91e1906c356ea9'), ('PAPERSIZE', 'a4'), ('XDG_MENU_PREFIX', 'gnome-'), ('LC_ADDRESS', 'zh_CN.UTF-8'), ('GNOME_SETUP_DISPLAY', ':1'), ('XDG_RUNTIME_DIR', '/run/user/1000'), ('GDK_BACKEND', 'wayland'), ('DISPLAY', ':0'), ('LANG', 'zh_CN.UTF-8'), ('XDG_CURRENT_DESKTOP', 'ubuntu:GNOME'), ('PYTHONSTARTUP', '/home/loser/.config/Code/User/workspaceStorage/8648397a620a1c47015fb5f0b3e3803b/ms-python.python/pythonrc.py'), ('LC_TELEPHONE', 'zh_CN.UTF-8'), ('XMODIFIERS', '@im=fcitx'), ('XDG_SESSION_DESKTOP', 'ubuntu'), ('XAUTHORITY', '/run/user/1000/.mutter-Xwaylandauth.RLY4P3'), ('LS_COLORS', 'rs=0:di=01;34:ln=01;36:mh=00:pi=40;33:so=01;35:do=01;35:bd=40;33;01:cd=40;33;01:or=40;31;01:mi=00:su=37;41:sg=30;43:ca=30;41:tw=30;42:ow=34;42:st=37;44:ex=01;32:*.tar=01;31:*.tgz=01;31:*.arc=01;31:*.arj=01;31:*.taz=01;31:*.lha=01;31:*.lz4=01;31:*.lzh=01;31:*.lzma=01;31:*.tlz=01;31:*.txz=01;31:*.tzo=01;31:*.t7z=01;31:*.zip=01;31:*.z=01;31:*.dz=01;31:*.gz=01;31:*.lrz=01;31:*.lz=01;31:*.lzo=01;31:*.xz=01;31:*.zst=01;31:*.tzst=01;31:*.bz2=01;31:*.bz=01;31:*.tbz=01;31:*.tbz2=01;31:*.tz=01;31:*.deb=01;31:*.rpm=01;31:*.jar=01;31:*.war=01;31:*.ear=01;31:*.sar=01;31:*.rar=01;31:*.alz=01;31:*.ace=01;31:*.zoo=01;31:*.cpio=01;31:*.7z=01;31:*.rz=01;31:*.cab=01;31:*.wim=01;31:*.swm=01;31:*.dwm=01;31:*.esd=01;31:*.jpg=01;35:*.jpeg=01;35:*.mjpg=01;35:*.mjpeg=01;35:*.gif=01;35:*.bmp=01;35:*.pbm=01;35:*.pgm=01;35:*.ppm=01;35:*.tga=01;35:*.xbm=01;35:*.xpm=01;35:*.tif=01;35:*.tiff=01;35:*.png=01;35:*.svg=01;35:*.svgz=01;35:*.mng=01;35:*.pcx=01;35:*.mov=01;35:*.mpg=01;35:*.mpeg=01;35:*.m2v=01;35:*.mkv=01;35:*.webm=01;35:*.webp=01;35:*.ogm=01;35:*.mp4=01;35:*.m4v=01;35:*.mp4v=01;35:*.vob=01;35:*.qt=01;35:*.nuv=01;35:*.wmv=01;35:*.asf=01;35:*.rm=01;35:*.rmvb=01;35:*.flc=01;35:*.avi=01;35:*.fli=01;35:*.flv=01;35:*.gl=01;35:*.dl=01;35:*.xcf=01;35:*.xwd=01;35:*.yuv=01;35:*.cgm=01;35:*.emf=01;35:*.ogv=01;35:*.ogx=01;35:*.aac=00;36:*.au=00;36:*.flac=00;36:*.m4a=00;36:*.mid=00;36:*.midi=00;36:*.mka=00;36:*.mp3=00;36:*.mpc=00;36:*.ogg=00;36:*.ra=00;36:*.wav=00;36:*.oga=00;36:*.opus=00;36:*.spx=00;36:*.xspf=00;36:'), ('TERM_PROGRAM', 'vscode'), ('SSH_AGENT_LAUNCHER', 'gnome-keyring'), ('SSH_AUTH_SOCK', '/run/user/1000/keyring/ssh'), ('AMENT_PREFIX_PATH', '/home/loser/ws01_plumbing/install/py02_service:/home/loser/ws01_plumbing/install/py01_topic:/home/loser/ws01_plumbing/install/cpp02_service:/home/loser/ws01_plumbing/install/cpp01_topic:/home/loser/ws01_plumbing/install/base_interfaces_demo:/opt/ros/humble'), ('SHELL', '/bin/bash'), ('LC_NAME', 'zh_CN.UTF-8'), ('QT_ACCESSIBILITY', '1'), ('GDMSESSION', 'ubuntu'), ('LESSCLOSE', '/usr/bin/lesspipe %s %s'), ('LC_MEASUREMENT', 'zh_CN.UTF-8'), ('GJS_DEBUG_OUTPUT', 'stderr'), ('LC_IDENTIFICATION', 'zh_CN.UTF-8'), ('QT_IM_MODULE', 'fcitx'), ('PWD', '/home/loser/ws01_plumbing/build/cpp01_topic'), ('XDG_CONFIG_DIRS', '/etc/xdg/xdg-ubuntu:/etc/xdg'), ('CLUTTER_IM_MODULE', 'xim'), ('XDG_DATA_DIRS', '/usr/share/ubuntu:/usr/local/share/:/usr/share/:/var/lib/snapd/desktop'), ('PYTHONPATH', '/home/loser/ws01_plumbing/install/py02_service/lib/python3.10/site-packages:/home/loser/ws01_plumbing/install/py01_topic/lib/python3.10/site-packages:/home/loser/ws01_plumbing/install/base_interfaces_demo/local/lib/python3.10/dist-packages:/opt/ros/humble/lib/python3.10/site-packages:/opt/ros/humble/local/lib/python3.10/dist-packages'), ('LC_NUMERIC', 'zh_CN.UTF-8'), ('LC_PAPER', 'zh_CN.UTF-8'), ('COLCON', '1'), ('CMAKE_PREFIX_PATH', '/home/loser/ws01_plumbing/install/base_interfaces_demo:/home/loser/ws01_plumbing/install/cpp02_service:/home/loser/ws01_plumbing/install/cpp01_topic:/home/loser/ws01_plumbing/install/py02_service:/home/loser/ws01_plumbing/install/py01_topic:/opt/ros/humble')]), 'shell': False}
[0.772561] (cpp01_topic) StdoutLine: {'line': b'-- Install configuration: ""\n'}
[0.772915] (cpp01_topic) StdoutLine: {'line': b'-- Up-to-date: /home/loser/ws01_plumbing/install/cpp01_topic/lib/cpp01_topic/demo_str_cpp_publisher\n'}
[0.774171] (cpp01_topic) StdoutLine: {'line': b'-- Up-to-date: /home/loser/ws01_plumbing/install/cpp01_topic/lib/cpp01_topic/demo_str_cpp_listener\n'}
[0.776401] (cpp01_topic) StdoutLine: {'line': b'-- Up-to-date: /home/loser/ws01_plumbing/install/cpp01_topic/lib/cpp01_topic/demo_stu_cpp_publisher\n'}
[0.778193] (cpp02_service) StdoutLine: {'line': b'-- Install configuration: ""\n'}
[0.778429] (cpp01_topic) StdoutLine: {'line': b'-- Up-to-date: /home/loser/ws01_plumbing/install/cpp01_topic/lib/cpp01_topic/demo_stu_cpp_listener\n'}
[0.779056] (cpp01_topic) StdoutLine: {'line': b'-- Up-to-date: /home/loser/ws01_plumbing/install/cpp01_topic/share/ament_index/resource_index/package_run_dependencies/cpp01_topic\n'}
[0.779107] (cpp02_service) StdoutLine: {'line': b'-- Up-to-date: /home/loser/ws01_plumbing/install/cpp02_service/lib/cpp02_service/demo01_server\n'}
[0.779139] (cpp02_service) StdoutLine: {'line': b'-- Up-to-date: /home/loser/ws01_plumbing/install/cpp02_service/lib/cpp02_service/demo02_client\n'}
[0.780975] (cpp03_action) StdoutLine: {'line': b'-- The CXX compiler identification is GNU 11.4.0\n'}
[0.781295] (cpp01_topic) StdoutLine: {'line': b'-- Up-to-date: /home/loser/ws01_plumbing/install/cpp01_topic/share/ament_index/resource_index/parent_prefix_path/cpp01_topic\n'}
[0.781335] (cpp01_topic) StdoutLine: {'line': b'-- Up-to-date: /home/loser/ws01_plumbing/install/cpp01_topic/share/cpp01_topic/environment/ament_prefix_path.sh\n'}
[0.781389] (cpp01_topic) StdoutLine: {'line': b'-- Up-to-date: /home/loser/ws01_plumbing/install/cpp01_topic/share/cpp01_topic/environment/ament_prefix_path.dsv\n'}
[0.781412] (cpp01_topic) StdoutLine: {'line': b'-- Up-to-date: /home/loser/ws01_plumbing/install/cpp01_topic/share/cpp01_topic/environment/path.sh\n'}
[0.781433] (cpp01_topic) StdoutLine: {'line': b'-- Up-to-date: /home/loser/ws01_plumbing/install/cpp01_topic/share/cpp01_topic/environment/path.dsv\n'}
[0.781453] (cpp01_topic) StdoutLine: {'line': b'-- Up-to-date: /home/loser/ws01_plumbing/install/cpp01_topic/share/cpp01_topic/local_setup.bash\n'}
[0.781472] (cpp01_topic) StdoutLine: {'line': b'-- Up-to-date: /home/loser/ws01_plumbing/install/cpp01_topic/share/cpp01_topic/local_setup.sh\n'}
[0.781781] (cpp01_topic) StdoutLine: {'line': b'-- Up-to-date: /home/loser/ws01_plumbing/install/cpp01_topic/share/cpp01_topic/local_setup.zsh\n'}
[0.781809] (cpp01_topic) StdoutLine: {'line': b'-- Up-to-date: /home/loser/ws01_plumbing/install/cpp01_topic/share/cpp01_topic/local_setup.dsv\n'}
[0.781830] (cpp01_topic) StdoutLine: {'line': b'-- Installing: /home/loser/ws01_plumbing/install/cpp01_topic/share/cpp01_topic/package.dsv\n'}
[0.783750] (cpp02_service) StdoutLine: {'line': b'-- Up-to-date: /home/loser/ws01_plumbing/install/cpp02_service/share/ament_index/resource_index/package_run_dependencies/cpp02_service\n'}
[0.783890] (cpp02_service) StdoutLine: {'line': b'-- Up-to-date: /home/loser/ws01_plumbing/install/cpp02_service/share/ament_index/resource_index/parent_prefix_path/cpp02_service\n'}
[0.783932] (cpp02_service) StdoutLine: {'line': b'-- Up-to-date: /home/loser/ws01_plumbing/install/cpp02_service/share/cpp02_service/environment/ament_prefix_path.sh\n'}
[0.783955] (cpp02_service) StdoutLine: {'line': b'-- Up-to-date: /home/loser/ws01_plumbing/install/cpp02_service/share/cpp02_service/environment/ament_prefix_path.dsv\n'}
[0.783975] (cpp02_service) StdoutLine: {'line': b'-- Up-to-date: /home/loser/ws01_plumbing/install/cpp02_service/share/cpp02_service/environment/path.sh\n'}
[0.783994] (cpp02_service) StdoutLine: {'line': b'-- Up-to-date: /home/loser/ws01_plumbing/install/cpp02_service/share/cpp02_service/environment/path.dsv\n'}
[0.784014] (cpp02_service) StdoutLine: {'line': b'-- Up-to-date: /home/loser/ws01_plumbing/install/cpp02_service/share/cpp02_service/local_setup.bash\n'}
[0.784032] (cpp02_service) StdoutLine: {'line': b'-- Up-to-date: /home/loser/ws01_plumbing/install/cpp02_service/share/cpp02_service/local_setup.sh\n'}
[0.784050] (cpp02_service) StdoutLine: {'line': b'-- Up-to-date: /home/loser/ws01_plumbing/install/cpp02_service/share/cpp02_service/local_setup.zsh\n'}
[0.784068] (cpp02_service) StdoutLine: {'line': b'-- Up-to-date: /home/loser/ws01_plumbing/install/cpp02_service/share/cpp02_service/local_setup.dsv\n'}
[0.784087] (cpp02_service) StdoutLine: {'line': b'-- Installing: /home/loser/ws01_plumbing/install/cpp02_service/share/cpp02_service/package.dsv\n'}
[0.784105] (cpp02_service) StdoutLine: {'line': b'-- Up-to-date: /home/loser/ws01_plumbing/install/cpp02_service/share/ament_index/resource_index/packages/cpp02_service\n'}
[0.784124] (cpp02_service) StdoutLine: {'line': b'-- Up-to-date: /home/loser/ws01_plumbing/install/cpp02_service/share/cpp02_service/cmake/cpp02_serviceConfig.cmake\n'}
[0.784142] (cpp02_service) StdoutLine: {'line': b'-- Up-to-date: /home/loser/ws01_plumbing/install/cpp02_service/share/cpp02_service/cmake/cpp02_serviceConfig-version.cmake\n'}
[0.784161] (cpp02_service) StdoutLine: {'line': b'-- Up-to-date: /home/loser/ws01_plumbing/install/cpp02_service/share/cpp02_service/package.xml\n'}
[0.784959] (cpp02_service) CommandEnded: {'returncode': 0}
[0.786711] (cpp01_topic) StdoutLine: {'line': b'-- Up-to-date: /home/loser/ws01_plumbing/install/cpp01_topic/share/ament_index/resource_index/packages/cpp01_topic\n'}
[0.787012] (cpp01_topic) StdoutLine: {'line': b'-- Up-to-date: /home/loser/ws01_plumbing/install/cpp01_topic/share/cpp01_topic/cmake/cpp01_topicConfig.cmake\n'}
[0.787045] (cpp01_topic) StdoutLine: {'line': b'-- Up-to-date: /home/loser/ws01_plumbing/install/cpp01_topic/share/cpp01_topic/cmake/cpp01_topicConfig-version.cmake\n'}
[0.787069] (cpp01_topic) StdoutLine: {'line': b'-- Up-to-date: /home/loser/ws01_plumbing/install/cpp01_topic/share/cpp01_topic/package.xml\n'}
[0.801294] (cpp03_action) StdoutLine: {'line': b'-- Detecting C compiler ABI info\n'}
[0.802809] (-) TimerEvent: {}
[0.816651] (cpp02_service) JobEnded: {'identifier': 'cpp02_service', 'rc': 0}
[0.820284] (py02_service) JobStarted: {'identifier': 'py02_service'}
[0.829686] (cpp01_topic) CommandEnded: {'returncode': 0}
[0.860878] (cpp01_topic) JobEnded: {'identifier': 'cpp01_topic', 'rc': 0}
[0.862654] (py03_action) JobStarted: {'identifier': 'py03_action'}
[0.903297] (-) TimerEvent: {}
[0.944765] (cpp03_action) StdoutLine: {'line': b'-- Detecting C compiler ABI info - done\n'}
[0.954004] (cpp03_action) StdoutLine: {'line': b'-- Check for working C compiler: /usr/bin/cc - skipped\n'}
[0.954279] (cpp03_action) StdoutLine: {'line': b'-- Detecting C compile features\n'}
[0.955946] (cpp03_action) StdoutLine: {'line': b'-- Detecting C compile features - done\n'}
[0.963372] (cpp03_action) StdoutLine: {'line': b'-- Detecting CXX compiler ABI info\n'}
[1.004393] (-) TimerEvent: {}
[1.105663] (-) TimerEvent: {}
[1.127952] (cpp03_action) StdoutLine: {'line': b'-- Detecting CXX compiler ABI info - done\n'}
[1.134106] (cpp03_action) StdoutLine: {'line': b'-- Check for working CXX compiler: /usr/bin/c++ - skipped\n'}
[1.135570] (cpp03_action) StdoutLine: {'line': b'-- Detecting CXX compile features\n'}
[1.135692] (cpp03_action) StdoutLine: {'line': b'-- Detecting CXX compile features - done\n'}
[1.145882] (cpp03_action) StdoutLine: {'line': b'-- Found ament_cmake: 1.3.14 (/opt/ros/humble/share/ament_cmake/cmake)\n'}
[1.206719] (-) TimerEvent: {}
[1.307515] (-) TimerEvent: {}
[1.311041] (cpp03_action) StdoutLine: {'line': b'-- Found Python3: /usr/bin/python3 (found version "3.10.12") found components: Interpreter \n'}
[1.401129] (py01_topic) Command: {'cmd': ['/usr/bin/python3', '-W', 'ignore:setup.py install is deprecated', '-W', 'ignore:easy_install command is deprecated', 'setup.py', 'egg_info', '--egg-base', '../../build/py01_topic', 'build', '--build-base', '/home/loser/ws01_plumbing/build/py01_topic/build', 'install', '--record', '/home/loser/ws01_plumbing/build/py01_topic/install.log', '--single-version-externally-managed', 'install_data'], 'cwd': '/home/loser/ws01_plumbing/src/py01_topic', 'env': {'GJS_DEBUG_TOPICS': 'JS ERROR;JS LOG', 'PYTHON_BASIC_REPL': '1', 'LESSOPEN': '| /usr/bin/lesspipe %s', 'LANGUAGE': 'zh_CN:en', 'USER': 'loser', 'LC_TIME': 'zh_CN.UTF-8', 'XDG_SESSION_TYPE': 'wayland', 'SHLVL': '1', 'LD_LIBRARY_PATH': '/home/loser/ws01_plumbing/install/base_interfaces_demo/lib:/usr/lib/x86_64-linux-gnu/gazebo-11/plugins:/opt/ros/humble/opt/rviz_ogre_vendor/lib:/opt/ros/humble/lib/x86_64-linux-gnu:/opt/ros/humble/lib', 'HOME': '/home/loser', 'CHROME_DESKTOP': 'code.desktop', 'OLDPWD': '/home/loser/ws01_plumbing/src', 'TERM_PROGRAM_VERSION': '1.121.0', 'DESKTOP_SESSION': 'ubuntu', 'GIO_LAUNCHED_DESKTOP_FILE': '/usr/share/applications/code.desktop', 'ROS_PYTHON_VERSION': '3', 'GNOME_SHELL_SESSION_MODE': 'ubuntu', 'GTK_MODULES': 'gail:atk-bridge', 'LC_MONETARY': 'zh_CN.UTF-8', 'MANAGERPID': '1438', 'SYSTEMD_EXEC_PID': '1625', 'IM_CONFIG_CHECK_ENV': '1', 'VSCODE_PYTHON_AUTOACTIVATE_GUARD': '1', 'DBUS_SESSION_BUS_ADDRESS': 'unix:path=/run/user/1000/bus', 'COLORTERM': 'truecolor', 'GIO_LAUNCHED_DESKTOP_FILE_PID': '2247', 'IM_CONFIG_PHASE': '1', 'WAYLAND_DISPLAY': 'wayland-0', 'COLCON_PREFIX_PATH': '/home/loser/ws01_plumbing/install', 'ROS_DISTRO': 'humble', 'GTK_IM_MODULE': 'fcitx', 'LOGNAME': 'loser', 'JOURNAL_STREAM': '8:20539', '_': '/usr/bin/colcon', 'ROS_VERSION': '2', 'XDG_SESSION_CLASS': 'user', 'USERNAME': 'loser', 'TERM': 'xterm-256color', 'GNOME_DESKTOP_SESSION_ID': 'this-is-deprecated', 'FC_FONTATIONS': '1', 'ROS_LOCALHOST_ONLY': '0', 'PATH': '/home/loser/.config/Code/User/globalStorage/github.copilot-chat/debugCommand:/home/loser/.config/Code/User/globalStorage/github.copilot-chat/copilotCli:/opt/ros/humble/bin:/usr/local/sbin:/usr/local/bin:/usr/sbin:/usr/bin:/sbin:/bin:/usr/games:/usr/local/games:/snap/bin:/snap/bin', 'SESSION_MANAGER': 'local/loser-vm:@/tmp/.ICE-unix/1579,unix/loser-vm:/tmp/.ICE-unix/1579', 'INVOCATION_ID': 'c066e5289e1f46339e91e1906c356ea9', 'PAPERSIZE': 'a4', 'XDG_MENU_PREFIX': 'gnome-', 'LC_ADDRESS': 'zh_CN.UTF-8', 'GNOME_SETUP_DISPLAY': ':1', 'XDG_RUNTIME_DIR': '/run/user/1000', 'GDK_BACKEND': 'wayland', 'DISPLAY': ':0', 'LANG': 'zh_CN.UTF-8', 'XDG_CURRENT_DESKTOP': 'ubuntu:GNOME', 'PYTHONSTARTUP': '/home/loser/.config/Code/User/workspaceStorage/8648397a620a1c47015fb5f0b3e3803b/ms-python.python/pythonrc.py', 'LC_TELEPHONE': 'zh_CN.UTF-8', 'XMODIFIERS': '@im=fcitx', 'XDG_SESSION_DESKTOP': 'ubuntu', 'XAUTHORITY': '/run/user/1000/.mutter-Xwaylandauth.RLY4P3', 'LS_COLORS': 'rs=0:di=01;34:ln=01;36:mh=00:pi=40;33:so=01;35:do=01;35:bd=40;33;01:cd=40;33;01:or=40;31;01:mi=00:su=37;41:sg=30;43:ca=30;41:tw=30;42:ow=34;42:st=37;44:ex=01;32:*.tar=01;31:*.tgz=01;31:*.arc=01;31:*.arj=01;31:*.taz=01;31:*.lha=01;31:*.lz4=01;31:*.lzh=01;31:*.lzma=01;31:*.tlz=01;31:*.txz=01;31:*.tzo=01;31:*.t7z=01;31:*.zip=01;31:*.z=01;31:*.dz=01;31:*.gz=01;31:*.lrz=01;31:*.lz=01;31:*.lzo=01;31:*.xz=01;31:*.zst=01;31:*.tzst=01;31:*.bz2=01;31:*.bz=01;31:*.tbz=01;31:*.tbz2=01;31:*.tz=01;31:*.deb=01;31:*.rpm=01;31:*.jar=01;31:*.war=01;31:*.ear=01;31:*.sar=01;31:*.rar=01;31:*.alz=01;31:*.ace=01;31:*.zoo=01;31:*.cpio=01;31:*.7z=01;31:*.rz=01;31:*.cab=01;31:*.wim=01;31:*.swm=01;31:*.dwm=01;31:*.esd=01;31:*.jpg=01;35:*.jpeg=01;35:*.mjpg=01;35:*.mjpeg=01;35:*.gif=01;35:*.bmp=01;35:*.pbm=01;35:*.pgm=01;35:*.ppm=01;35:*.tga=01;35:*.xbm=01;35:*.xpm=01;35:*.tif=01;35:*.tiff=01;35:*.png=01;35:*.svg=01;35:*.svgz=01;35:*.mng=01;35:*.pcx=01;35:*.mov=01;35:*.mpg=01;35:*.mpeg=01;35:*.m2v=01;35:*.mkv=01;35:*.webm=01;35:*.webp=01;35:*.ogm=01;35:*.mp4=01;35:*.m4v=01;35:*.mp4v=01;35:*.vob=01;35:*.qt=01;35:*.nuv=01;35:*.wmv=01;35:*.asf=01;35:*.rm=01;35:*.rmvb=01;35:*.flc=01;35:*.avi=01;35:*.fli=01;35:*.flv=01;35:*.gl=01;35:*.dl=01;35:*.xcf=01;35:*.xwd=01;35:*.yuv=01;35:*.cgm=01;35:*.emf=01;35:*.ogv=01;35:*.ogx=01;35:*.aac=00;36:*.au=00;36:*.flac=00;36:*.m4a=00;36:*.mid=00;36:*.midi=00;36:*.mka=00;36:*.mp3=00;36:*.mpc=00;36:*.ogg=00;36:*.ra=00;36:*.wav=00;36:*.oga=00;36:*.opus=00;36:*.spx=00;36:*.xspf=00;36:', 'TERM_PROGRAM': 'vscode', 'SSH_AGENT_LAUNCHER': 'gnome-keyring', 'SSH_AUTH_SOCK': '/run/user/1000/keyring/ssh', 'AMENT_PREFIX_PATH': '/home/loser/ws01_plumbing/install/py02_service:/home/loser/ws01_plumbing/install/py01_topic:/home/loser/ws01_plumbing/install/cpp02_service:/home/loser/ws01_plumbing/install/cpp01_topic:/home/loser/ws01_plumbing/install/base_interfaces_demo:/opt/ros/humble', 'SHELL': '/bin/bash', 'LC_NAME': 'zh_CN.UTF-8', 'QT_ACCESSIBILITY': '1', 'GDMSESSION': 'ubuntu', 'LESSCLOSE': '/usr/bin/lesspipe %s %s', 'LC_MEASUREMENT': 'zh_CN.UTF-8', 'GJS_DEBUG_OUTPUT': 'stderr', 'LC_IDENTIFICATION': 'zh_CN.UTF-8', 'QT_IM_MODULE': 'fcitx', 'PWD': '/home/loser/ws01_plumbing/build/py01_topic', 'XDG_CONFIG_DIRS': '/etc/xdg/xdg-ubuntu:/etc/xdg', 'CLUTTER_IM_MODULE': 'xim', 'XDG_DATA_DIRS': '/usr/share/ubuntu:/usr/local/share/:/usr/share/:/var/lib/snapd/desktop', 'PYTHONPATH': '/home/loser/ws01_plumbing/build/py01_topic/prefix_override:/usr/lib/python3/dist-packages/colcon_core/task/python/colcon_distutils_commands:/home/loser/ws01_plumbing/install/py01_topic/lib/python3.10/site-packages:/home/loser/ws01_plumbing/install/py02_service/lib/python3.10/site-packages:/home/loser/ws01_plumbing/install/py01_topic/lib/python3.10/site-packages:/home/loser/ws01_plumbing/install/base_interfaces_demo/local/lib/python3.10/dist-packages:/opt/ros/humble/lib/python3.10/site-packages:/opt/ros/humble/local/lib/python3.10/dist-packages', 'LC_NUMERIC': 'zh_CN.UTF-8', 'LC_PAPER': 'zh_CN.UTF-8', 'COLCON': '1', 'CMAKE_PREFIX_PATH': '/home/loser/ws01_plumbing/install/base_interfaces_demo:/home/loser/ws01_plumbing/install/cpp02_service:/home/loser/ws01_plumbing/install/cpp01_topic'}, 'shell': False}
[1.413466] (-) TimerEvent: {}
[1.514005] (-) TimerEvent: {}
[1.532594] (cpp03_action) StdoutLine: {'line': b'-- Found rclcpp: 16.0.19 (/opt/ros/humble/share/rclcpp/cmake)\n'}
[1.614467] (-) TimerEvent: {}
[1.669516] (cpp03_action) StdoutLine: {'line': b'-- Found rosidl_generator_c: 3.1.8 (/opt/ros/humble/share/rosidl_generator_c/cmake)\n'}
[1.680642] (cpp03_action) StdoutLine: {'line': b'-- Found rosidl_adapter: 3.1.8 (/opt/ros/humble/share/rosidl_adapter/cmake)\n'}
[1.701606] (cpp03_action) StdoutLine: {'line': b'-- Found rosidl_generator_cpp: 3.1.8 (/opt/ros/humble/share/rosidl_generator_cpp/cmake)\n'}
[1.715356] (-) TimerEvent: {}
[1.729278] (cpp03_action) StdoutLine: {'line': b'-- Using all available rosidl_typesupport_c: rosidl_typesupport_fastrtps_c;rosidl_typesupport_introspection_c\n'}
[1.752809] (py01_topic) StdoutLine: {'line': b'running egg_info\n'}
[1.755069] (py01_topic) StdoutLine: {'line': b'writing ../../build/py01_topic/py01_topic.egg-info/PKG-INFO\n'}
[1.755246] (py01_topic) StdoutLine: {'line': b'writing dependency_links to ../../build/py01_topic/py01_topic.egg-info/dependency_links.txt\n'}
[1.755279] (py01_topic) StdoutLine: {'line': b'writing entry points to ../../build/py01_topic/py01_topic.egg-info/entry_points.txt\n'}
[1.755729] (py01_topic) StdoutLine: {'line': b'writing requirements to ../../build/py01_topic/py01_topic.egg-info/requires.txt\n'}
[1.755976] (py01_topic) StdoutLine: {'line': b'writing top-level names to ../../build/py01_topic/py01_topic.egg-info/top_level.txt\n'}
[1.758152] (py01_topic) StdoutLine: {'line': b"reading manifest file '../../build/py01_topic/py01_topic.egg-info/SOURCES.txt'\n"}
[1.760247] (py01_topic) StdoutLine: {'line': b"writing manifest file '../../build/py01_topic/py01_topic.egg-info/SOURCES.txt'\n"}
[1.762489] (py01_topic) StdoutLine: {'line': b'running build\n'}
[1.762561] (py01_topic) StdoutLine: {'line': b'running build_py\n'}
[1.763024] (py01_topic) StdoutLine: {'line': b'running install\n'}
[1.763152] (py01_topic) StdoutLine: {'line': b'running install_lib\n'}
[1.764080] (py01_topic) StdoutLine: {'line': b'running install_data\n'}
[1.764148] (py01_topic) StdoutLine: {'line': b'running install_egg_info\n'}
[1.765722] (py01_topic) StdoutLine: {'line': b"removing '/home/loser/ws01_plumbing/install/py01_topic/lib/python3.10/site-packages/py01_topic-0.0.0-py3.10.egg-info' (and everything under it)\n"}
[1.766257] (py02_service) Command: {'cmd': ['/usr/bin/python3', '-W', 'ignore:setup.py install is deprecated', '-W', 'ignore:easy_install command is deprecated', 'setup.py', 'egg_info', '--egg-base', '../../build/py02_service', 'build', '--build-base', '/home/loser/ws01_plumbing/build/py02_service/build', 'install', '--record', '/home/loser/ws01_plumbing/build/py02_service/install.log', '--single-version-externally-managed', 'install_data'], 'cwd': '/home/loser/ws01_plumbing/src/py02_service', 'env': {'GJS_DEBUG_TOPICS': 'JS ERROR;JS LOG', 'PYTHON_BASIC_REPL': '1', 'LESSOPEN': '| /usr/bin/lesspipe %s', 'LANGUAGE': 'zh_CN:en', 'USER': 'loser', 'LC_TIME': 'zh_CN.UTF-8', 'XDG_SESSION_TYPE': 'wayland', 'SHLVL': '1', 'LD_LIBRARY_PATH': '/home/loser/ws01_plumbing/install/base_interfaces_demo/lib:/usr/lib/x86_64-linux-gnu/gazebo-11/plugins:/opt/ros/humble/opt/rviz_ogre_vendor/lib:/opt/ros/humble/lib/x86_64-linux-gnu:/opt/ros/humble/lib', 'HOME': '/home/loser', 'CHROME_DESKTOP': 'code.desktop', 'OLDPWD': '/home/loser/ws01_plumbing/src', 'TERM_PROGRAM_VERSION': '1.121.0', 'DESKTOP_SESSION': 'ubuntu', 'GIO_LAUNCHED_DESKTOP_FILE': '/usr/share/applications/code.desktop', 'ROS_PYTHON_VERSION': '3', 'GNOME_SHELL_SESSION_MODE': 'ubuntu', 'GTK_MODULES': 'gail:atk-bridge', 'LC_MONETARY': 'zh_CN.UTF-8', 'MANAGERPID': '1438', 'SYSTEMD_EXEC_PID': '1625', 'IM_CONFIG_CHECK_ENV': '1', 'VSCODE_PYTHON_AUTOACTIVATE_GUARD': '1', 'DBUS_SESSION_BUS_ADDRESS': 'unix:path=/run/user/1000/bus', 'COLORTERM': 'truecolor', 'GIO_LAUNCHED_DESKTOP_FILE_PID': '2247', 'IM_CONFIG_PHASE': '1', 'WAYLAND_DISPLAY': 'wayland-0', 'COLCON_PREFIX_PATH': '/home/loser/ws01_plumbing/install', 'ROS_DISTRO': 'humble', 'GTK_IM_MODULE': 'fcitx', 'LOGNAME': 'loser', 'JOURNAL_STREAM': '8:20539', '_': '/usr/bin/colcon', 'ROS_VERSION': '2', 'XDG_SESSION_CLASS': 'user', 'USERNAME': 'loser', 'TERM': 'xterm-256color', 'GNOME_DESKTOP_SESSION_ID': 'this-is-deprecated', 'FC_FONTATIONS': '1', 'ROS_LOCALHOST_ONLY': '0', 'PATH': '/home/loser/.config/Code/User/globalStorage/github.copilot-chat/debugCommand:/home/loser/.config/Code/User/globalStorage/github.copilot-chat/copilotCli:/opt/ros/humble/bin:/usr/local/sbin:/usr/local/bin:/usr/sbin:/usr/bin:/sbin:/bin:/usr/games:/usr/local/games:/snap/bin:/snap/bin', 'SESSION_MANAGER': 'local/loser-vm:@/tmp/.ICE-unix/1579,unix/loser-vm:/tmp/.ICE-unix/1579', 'INVOCATION_ID': 'c066e5289e1f46339e91e1906c356ea9', 'PAPERSIZE': 'a4', 'XDG_MENU_PREFIX': 'gnome-', 'LC_ADDRESS': 'zh_CN.UTF-8', 'GNOME_SETUP_DISPLAY': ':1', 'XDG_RUNTIME_DIR': '/run/user/1000', 'GDK_BACKEND': 'wayland', 'DISPLAY': ':0', 'LANG': 'zh_CN.UTF-8', 'XDG_CURRENT_DESKTOP': 'ubuntu:GNOME', 'PYTHONSTARTUP': '/home/loser/.config/Code/User/workspaceStorage/8648397a620a1c47015fb5f0b3e3803b/ms-python.python/pythonrc.py', 'LC_TELEPHONE': 'zh_CN.UTF-8', 'XMODIFIERS': '@im=fcitx', 'XDG_SESSION_DESKTOP': 'ubuntu', 'XAUTHORITY': '/run/user/1000/.mutter-Xwaylandauth.RLY4P3', 'LS_COLORS': 'rs=0:di=01;34:ln=01;36:mh=00:pi=40;33:so=01;35:do=01;35:bd=40;33;01:cd=40;33;01:or=40;31;01:mi=00:su=37;41:sg=30;43:ca=30;41:tw=30;42:ow=34;42:st=37;44:ex=01;32:*.tar=01;31:*.tgz=01;31:*.arc=01;31:*.arj=01;31:*.taz=01;31:*.lha=01;31:*.lz4=01;31:*.lzh=01;31:*.lzma=01;31:*.tlz=01;31:*.txz=01;31:*.tzo=01;31:*.t7z=01;31:*.zip=01;31:*.z=01;31:*.dz=01;31:*.gz=01;31:*.lrz=01;31:*.lz=01;31:*.lzo=01;31:*.xz=01;31:*.zst=01;31:*.tzst=01;31:*.bz2=01;31:*.bz=01;31:*.tbz=01;31:*.tbz2=01;31:*.tz=01;31:*.deb=01;31:*.rpm=01;31:*.jar=01;31:*.war=01;31:*.ear=01;31:*.sar=01;31:*.rar=01;31:*.alz=01;31:*.ace=01;31:*.zoo=01;31:*.cpio=01;31:*.7z=01;31:*.rz=01;31:*.cab=01;31:*.wim=01;31:*.swm=01;31:*.dwm=01;31:*.esd=01;31:*.jpg=01;35:*.jpeg=01;35:*.mjpg=01;35:*.mjpeg=01;35:*.gif=01;35:*.bmp=01;35:*.pbm=01;35:*.pgm=01;35:*.ppm=01;35:*.tga=01;35:*.xbm=01;35:*.xpm=01;35:*.tif=01;35:*.tiff=01;35:*.png=01;35:*.svg=01;35:*.svgz=01;35:*.mng=01;35:*.pcx=01;35:*.mov=01;35:*.mpg=01;35:*.mpeg=01;35:*.m2v=01;35:*.mkv=01;35:*.webm=01;35:*.webp=01;35:*.ogm=01;35:*.mp4=01;35:*.m4v=01;35:*.mp4v=01;35:*.vob=01;35:*.qt=01;35:*.nuv=01;35:*.wmv=01;35:*.asf=01;35:*.rm=01;35:*.rmvb=01;35:*.flc=01;35:*.avi=01;35:*.fli=01;35:*.flv=01;35:*.gl=01;35:*.dl=01;35:*.xcf=01;35:*.xwd=01;35:*.yuv=01;35:*.cgm=01;35:*.emf=01;35:*.ogv=01;35:*.ogx=01;35:*.aac=00;36:*.au=00;36:*.flac=00;36:*.m4a=00;36:*.mid=00;36:*.midi=00;36:*.mka=00;36:*.mp3=00;36:*.mpc=00;36:*.ogg=00;36:*.ra=00;36:*.wav=00;36:*.oga=00;36:*.opus=00;36:*.spx=00;36:*.xspf=00;36:', 'TERM_PROGRAM': 'vscode', 'SSH_AGENT_LAUNCHER': 'gnome-keyring', 'SSH_AUTH_SOCK': '/run/user/1000/keyring/ssh', 'AMENT_PREFIX_PATH': '/home/loser/ws01_plumbing/install/py02_service:/home/loser/ws01_plumbing/install/py01_topic:/home/loser/ws01_plumbing/install/cpp02_service:/home/loser/ws01_plumbing/install/cpp01_topic:/home/loser/ws01_plumbing/install/base_interfaces_demo:/opt/ros/humble', 'SHELL': '/bin/bash', 'LC_NAME': 'zh_CN.UTF-8', 'QT_ACCESSIBILITY': '1', 'GDMSESSION': 'ubuntu', 'LESSCLOSE': '/usr/bin/lesspipe %s %s', 'LC_MEASUREMENT': 'zh_CN.UTF-8', 'GJS_DEBUG_OUTPUT': 'stderr', 'LC_IDENTIFICATION': 'zh_CN.UTF-8', 'QT_IM_MODULE': 'fcitx', 'PWD': '/home/loser/ws01_plumbing/build/py02_service', 'XDG_CONFIG_DIRS': '/etc/xdg/xdg-ubuntu:/etc/xdg', 'CLUTTER_IM_MODULE': 'xim', 'XDG_DATA_DIRS': '/usr/share/ubuntu:/usr/local/share/:/usr/share/:/var/lib/snapd/desktop', 'PYTHONPATH': '/home/loser/ws01_plumbing/build/py02_service/prefix_override:/usr/lib/python3/dist-packages/colcon_core/task/python/colcon_distutils_commands:/home/loser/ws01_plumbing/install/py02_service/lib/python3.10/site-packages:/home/loser/ws01_plumbing/install/py02_service/lib/python3.10/site-packages:/home/loser/ws01_plumbing/install/py01_topic/lib/python3.10/site-packages:/home/loser/ws01_plumbing/install/base_interfaces_demo/local/lib/python3.10/dist-packages:/opt/ros/humble/lib/python3.10/site-packages:/opt/ros/humble/local/lib/python3.10/dist-packages', 'LC_NUMERIC': 'zh_CN.UTF-8', 'LC_PAPER': 'zh_CN.UTF-8', 'COLCON': '1', 'CMAKE_PREFIX_PATH': '/home/loser/ws01_plumbing/install/base_interfaces_demo:/home/loser/ws01_plumbing/install/cpp02_service:/home/loser/ws01_plumbing/install/cpp01_topic'}, 'shell': False}
[1.771909] (cpp03_action) StdoutLine: {'line': b'-- Using all available rosidl_typesupport_cpp: rosidl_typesupport_fastrtps_cpp;rosidl_typesupport_introspection_cpp\n'}
[1.772419] (py01_topic) StdoutLine: {'line': b'Copying ../../build/py01_topic/py01_topic.egg-info to /home/loser/ws01_plumbing/install/py01_topic/lib/python3.10/site-packages/py01_topic-0.0.0-py3.10.egg-info\n'}
[1.778386] (py01_topic) StdoutLine: {'line': b'running install_scripts\n'}
[1.807287] (py01_topic) StdoutLine: {'line': b'Installing demo_str_py_listener script to /home/loser/ws01_plumbing/install/py01_topic/lib/py01_topic\n'}
[1.807984] (py01_topic) StdoutLine: {'line': b'Installing demo_str_py_publisher script to /home/loser/ws01_plumbing/install/py01_topic/lib/py01_topic\n'}
[1.808044] (py01_topic) StdoutLine: {'line': b'Installing demo_stu_py_listener script to /home/loser/ws01_plumbing/install/py01_topic/lib/py01_topic\n'}
[1.808071] (py01_topic) StdoutLine: {'line': b'Installing demo_stu_py_publisher script to /home/loser/ws01_plumbing/install/py01_topic/lib/py01_topic\n'}
[1.808703] (py01_topic) StdoutLine: {'line': b"writing list of installed files to '/home/loser/ws01_plumbing/build/py01_topic/install.log'\n"}
[1.815496] (-) TimerEvent: {}
[1.830600] (py03_action) Command: {'cmd': ['/usr/bin/python3', '-W', 'ignore:setup.py install is deprecated', '-W', 'ignore:easy_install command is deprecated', 'setup.py', 'egg_info', '--egg-base', '../../build/py03_action', 'build', '--build-base', '/home/loser/ws01_plumbing/build/py03_action/build', 'install', '--record', '/home/loser/ws01_plumbing/build/py03_action/install.log', '--single-version-externally-managed', 'install_data'], 'cwd': '/home/loser/ws01_plumbing/src/py03_action', 'env': {'GJS_DEBUG_TOPICS': 'JS ERROR;JS LOG', 'PYTHON_BASIC_REPL': '1', 'LESSOPEN': '| /usr/bin/lesspipe %s', 'LANGUAGE': 'zh_CN:en', 'USER': 'loser', 'LC_TIME': 'zh_CN.UTF-8', 'XDG_SESSION_TYPE': 'wayland', 'SHLVL': '1', 'LD_LIBRARY_PATH': '/home/loser/ws01_plumbing/install/base_interfaces_demo/lib:/usr/lib/x86_64-linux-gnu/gazebo-11/plugins:/opt/ros/humble/opt/rviz_ogre_vendor/lib:/opt/ros/humble/lib/x86_64-linux-gnu:/opt/ros/humble/lib', 'HOME': '/home/loser', 'CHROME_DESKTOP': 'code.desktop', 'OLDPWD': '/home/loser/ws01_plumbing/src', 'TERM_PROGRAM_VERSION': '1.121.0', 'DESKTOP_SESSION': 'ubuntu', 'GIO_LAUNCHED_DESKTOP_FILE': '/usr/share/applications/code.desktop', 'ROS_PYTHON_VERSION': '3', 'GNOME_SHELL_SESSION_MODE': 'ubuntu', 'GTK_MODULES': 'gail:atk-bridge', 'LC_MONETARY': 'zh_CN.UTF-8', 'MANAGERPID': '1438', 'SYSTEMD_EXEC_PID': '1625', 'IM_CONFIG_CHECK_ENV': '1', 'VSCODE_PYTHON_AUTOACTIVATE_GUARD': '1', 'DBUS_SESSION_BUS_ADDRESS': 'unix:path=/run/user/1000/bus', 'COLORTERM': 'truecolor', 'GIO_LAUNCHED_DESKTOP_FILE_PID': '2247', 'IM_CONFIG_PHASE': '1', 'WAYLAND_DISPLAY': 'wayland-0', 'COLCON_PREFIX_PATH': '/home/loser/ws01_plumbing/install', 'ROS_DISTRO': 'humble', 'GTK_IM_MODULE': 'fcitx', 'LOGNAME': 'loser', 'JOURNAL_STREAM': '8:20539', '_': '/usr/bin/colcon', 'ROS_VERSION': '2', 'XDG_SESSION_CLASS': 'user', 'USERNAME': 'loser', 'TERM': 'xterm-256color', 'GNOME_DESKTOP_SESSION_ID': 'this-is-deprecated', 'FC_FONTATIONS': '1', 'ROS_LOCALHOST_ONLY': '0', 'PATH': '/home/loser/.config/Code/User/globalStorage/github.copilot-chat/debugCommand:/home/loser/.config/Code/User/globalStorage/github.copilot-chat/copilotCli:/opt/ros/humble/bin:/usr/local/sbin:/usr/local/bin:/usr/sbin:/usr/bin:/sbin:/bin:/usr/games:/usr/local/games:/snap/bin:/snap/bin', 'SESSION_MANAGER': 'local/loser-vm:@/tmp/.ICE-unix/1579,unix/loser-vm:/tmp/.ICE-unix/1579', 'INVOCATION_ID': 'c066e5289e1f46339e91e1906c356ea9', 'PAPERSIZE': 'a4', 'XDG_MENU_PREFIX': 'gnome-', 'LC_ADDRESS': 'zh_CN.UTF-8', 'GNOME_SETUP_DISPLAY': ':1', 'XDG_RUNTIME_DIR': '/run/user/1000', 'GDK_BACKEND': 'wayland', 'DISPLAY': ':0', 'LANG': 'zh_CN.UTF-8', 'XDG_CURRENT_DESKTOP': 'ubuntu:GNOME', 'PYTHONSTARTUP': '/home/loser/.config/Code/User/workspaceStorage/8648397a620a1c47015fb5f0b3e3803b/ms-python.python/pythonrc.py', 'LC_TELEPHONE': 'zh_CN.UTF-8', 'XMODIFIERS': '@im=fcitx', 'XDG_SESSION_DESKTOP': 'ubuntu', 'XAUTHORITY': '/run/user/1000/.mutter-Xwaylandauth.RLY4P3', 'LS_COLORS': 'rs=0:di=01;34:ln=01;36:mh=00:pi=40;33:so=01;35:do=01;35:bd=40;33;01:cd=40;33;01:or=40;31;01:mi=00:su=37;41:sg=30;43:ca=30;41:tw=30;42:ow=34;42:st=37;44:ex=01;32:*.tar=01;31:*.tgz=01;31:*.arc=01;31:*.arj=01;31:*.taz=01;31:*.lha=01;31:*.lz4=01;31:*.lzh=01;31:*.lzma=01;31:*.tlz=01;31:*.txz=01;31:*.tzo=01;31:*.t7z=01;31:*.zip=01;31:*.z=01;31:*.dz=01;31:*.gz=01;31:*.lrz=01;31:*.lz=01;31:*.lzo=01;31:*.xz=01;31:*.zst=01;31:*.tzst=01;31:*.bz2=01;31:*.bz=01;31:*.tbz=01;31:*.tbz2=01;31:*.tz=01;31:*.deb=01;31:*.rpm=01;31:*.jar=01;31:*.war=01;31:*.ear=01;31:*.sar=01;31:*.rar=01;31:*.alz=01;31:*.ace=01;31:*.zoo=01;31:*.cpio=01;31:*.7z=01;31:*.rz=01;31:*.cab=01;31:*.wim=01;31:*.swm=01;31:*.dwm=01;31:*.esd=01;31:*.jpg=01;35:*.jpeg=01;35:*.mjpg=01;35:*.mjpeg=01;35:*.gif=01;35:*.bmp=01;35:*.pbm=01;35:*.pgm=01;35:*.ppm=01;35:*.tga=01;35:*.xbm=01;35:*.xpm=01;35:*.tif=01;35:*.tiff=01;35:*.png=01;35:*.svg=01;35:*.svgz=01;35:*.mng=01;35:*.pcx=01;35:*.mov=01;35:*.mpg=01;35:*.mpeg=01;35:*.m2v=01;35:*.mkv=01;35:*.webm=01;35:*.webp=01;35:*.ogm=01;35:*.mp4=01;35:*.m4v=01;35:*.mp4v=01;35:*.vob=01;35:*.qt=01;35:*.nuv=01;35:*.wmv=01;35:*.asf=01;35:*.rm=01;35:*.rmvb=01;35:*.flc=01;35:*.avi=01;35:*.fli=01;35:*.flv=01;35:*.gl=01;35:*.dl=01;35:*.xcf=01;35:*.xwd=01;35:*.yuv=01;35:*.cgm=01;35:*.emf=01;35:*.ogv=01;35:*.ogx=01;35:*.aac=00;36:*.au=00;36:*.flac=00;36:*.m4a=00;36:*.mid=00;36:*.midi=00;36:*.mka=00;36:*.mp3=00;36:*.mpc=00;36:*.ogg=00;36:*.ra=00;36:*.wav=00;36:*.oga=00;36:*.opus=00;36:*.spx=00;36:*.xspf=00;36:', 'TERM_PROGRAM': 'vscode', 'SSH_AGENT_LAUNCHER': 'gnome-keyring', 'SSH_AUTH_SOCK': '/run/user/1000/keyring/ssh', 'AMENT_PREFIX_PATH': '/home/loser/ws01_plumbing/install/py02_service:/home/loser/ws01_plumbing/install/py01_topic:/home/loser/ws01_plumbing/install/cpp02_service:/home/loser/ws01_plumbing/install/cpp01_topic:/home/loser/ws01_plumbing/install/base_interfaces_demo:/opt/ros/humble', 'SHELL': '/bin/bash', 'LC_NAME': 'zh_CN.UTF-8', 'QT_ACCESSIBILITY': '1', 'GDMSESSION': 'ubuntu', 'LESSCLOSE': '/usr/bin/lesspipe %s %s', 'LC_MEASUREMENT': 'zh_CN.UTF-8', 'GJS_DEBUG_OUTPUT': 'stderr', 'LC_IDENTIFICATION': 'zh_CN.UTF-8', 'QT_IM_MODULE': 'fcitx', 'PWD': '/home/loser/ws01_plumbing/build/py03_action', 'XDG_CONFIG_DIRS': '/etc/xdg/xdg-ubuntu:/etc/xdg', 'CLUTTER_IM_MODULE': 'xim', 'XDG_DATA_DIRS': '/usr/share/ubuntu:/usr/local/share/:/usr/share/:/var/lib/snapd/desktop', 'PYTHONPATH': '/home/loser/ws01_plumbing/build/py03_action/prefix_override:/usr/lib/python3/dist-packages/colcon_core/task/python/colcon_distutils_commands:/home/loser/ws01_plumbing/install/py03_action/lib/python3.10/site-packages:/home/loser/ws01_plumbing/install/py02_service/lib/python3.10/site-packages:/home/loser/ws01_plumbing/install/py01_topic/lib/python3.10/site-packages:/home/loser/ws01_plumbing/install/base_interfaces_demo/local/lib/python3.10/dist-packages:/opt/ros/humble/lib/python3.10/site-packages:/opt/ros/humble/local/lib/python3.10/dist-packages', 'LC_NUMERIC': 'zh_CN.UTF-8', 'LC_PAPER': 'zh_CN.UTF-8', 'COLCON': '1', 'CMAKE_PREFIX_PATH': '/home/loser/ws01_plumbing/install/base_interfaces_demo:/home/loser/ws01_plumbing/install/cpp02_service:/home/loser/ws01_plumbing/install/cpp01_topic'}, 'shell': False}
[1.844502] (py01_topic) CommandEnded: {'returncode': 0}
[1.859920] (py01_topic) JobEnded: {'identifier': 'py01_topic', 'rc': 0}
[1.863354] (cpp03_action) StdoutLine: {'line': b'-- Found rmw_implementation_cmake: 6.1.2 (/opt/ros/humble/share/rmw_implementation_cmake/cmake)\n'}
[1.867676] (cpp03_action) StdoutLine: {'line': b'-- Found rmw_fastrtps_cpp: 6.2.10 (/opt/ros/humble/share/rmw_fastrtps_cpp/cmake)\n'}
[1.915591] (-) TimerEvent: {}
[2.012299] (py02_service) StdoutLine: {'line': b'running egg_info\n'}
[2.013867] (py02_service) StdoutLine: {'line': b'writing ../../build/py02_service/py02_service.egg-info/PKG-INFO\n'}
[2.014034] (py02_service) StdoutLine: {'line': b'writing dependency_links to ../../build/py02_service/py02_service.egg-info/dependency_links.txt\n'}
[2.014440] (py02_service) StdoutLine: {'line': b'writing entry points to ../../build/py02_service/py02_service.egg-info/entry_points.txt\n'}
[2.015661] (py02_service) StdoutLine: {'line': b'writing requirements to ../../build/py02_service/py02_service.egg-info/requires.txt\n'}
[2.015718] (-) TimerEvent: {}
[2.016020] (py02_service) StdoutLine: {'line': b'writing top-level names to ../../build/py02_service/py02_service.egg-info/top_level.txt\n'}
[2.017983] (py02_service) StdoutLine: {'line': b"reading manifest file '../../build/py02_service/py02_service.egg-info/SOURCES.txt'\n"}
[2.020301] (py02_service) StdoutLine: {'line': b"writing manifest file '../../build/py02_service/py02_service.egg-info/SOURCES.txt'\n"}
[2.020749] (py02_service) StdoutLine: {'line': b'running build\n'}
[2.021134] (py02_service) StdoutLine: {'line': b'running build_py\n'}
[2.021201] (py02_service) StdoutLine: {'line': b'copying py02_service/demo02_listener.py -> /home/loser/ws01_plumbing/build/py02_service/build/lib/py02_service\n'}
[2.022317] (py02_service) StdoutLine: {'line': b'running install\n'}
[2.022929] (py02_service) StdoutLine: {'line': b'running install_lib\n'}
[2.023145] (py02_service) StdoutLine: {'line': b'copying /home/loser/ws01_plumbing/build/py02_service/build/lib/py02_service/demo02_listener.py -> /home/loser/ws01_plumbing/install/py02_service/lib/python3.10/site-packages/py02_service\n'}
[2.024185] (py02_service) StdoutLine: {'line': b'byte-compiling /home/loser/ws01_plumbing/install/py02_service/lib/python3.10/site-packages/py02_service/demo02_listener.py to demo02_listener.cpython-310.pyc\n'}
[2.025698] (py02_service) StdoutLine: {'line': b'running install_data\n'}
[2.026079] (py02_service) StdoutLine: {'line': b'running install_egg_info\n'}
[2.028045] (py02_service) StdoutLine: {'line': b"removing '/home/loser/ws01_plumbing/install/py02_service/lib/python3.10/site-packages/py02_service-0.0.0-py3.10.egg-info' (and everything under it)\n"}
[2.030891] (py02_service) StdoutLine: {'line': b'Copying ../../build/py02_service/py02_service.egg-info to /home/loser/ws01_plumbing/install/py02_service/lib/python3.10/site-packages/py02_service-0.0.0-py3.10.egg-info\n'}
[2.032130] (py02_service) StdoutLine: {'line': b'running install_scripts\n'}
[2.039912] (cpp03_action) StdoutLine: {'line': b'-- Found OpenSSL: /usr/lib/x86_64-linux-gnu/libcrypto.so (found version "3.0.2")  \n'}
[2.058280] (py02_service) StdoutLine: {'line': b'Installing demo01_server script to /home/loser/ws01_plumbing/install/py02_service/lib/py02_service\n'}
[2.058909] (py02_service) StdoutLine: {'line': b'Installing demo02_listener script to /home/loser/ws01_plumbing/install/py02_service/lib/py02_service\n'}
[2.059390] (py02_service) StdoutLine: {'line': b"writing list of installed files to '/home/loser/ws01_plumbing/build/py02_service/install.log'\n"}
[2.083179] (cpp03_action) StdoutLine: {'line': b'-- Found FastRTPS: /opt/ros/humble/include  \n'}
[2.085370] (py02_service) CommandEnded: {'returncode': 0}
[2.092685] (py02_service) JobEnded: {'identifier': 'py02_service', 'rc': 0}
[2.115837] (-) TimerEvent: {}
[2.134856] (cpp03_action) StdoutLine: {'line': b"-- Using RMW implementation 'rmw_fastrtps_cpp' as default\n"}
[2.150366] (py03_action) StdoutLine: {'line': b'running egg_info\n'}
[2.150881] (py03_action) StdoutLine: {'line': b'creating ../../build/py03_action/py03_action.egg-info\n'}
[2.150931] (py03_action) StdoutLine: {'line': b'writing ../../build/py03_action/py03_action.egg-info/PKG-INFO\n'}
[2.150957] (py03_action) StdoutLine: {'line': b'writing dependency_links to ../../build/py03_action/py03_action.egg-info/dependency_links.txt\n'}
[2.150980] (py03_action) StdoutLine: {'line': b'writing entry points to ../../build/py03_action/py03_action.egg-info/entry_points.txt\n'}
[2.151001] (py03_action) StdoutLine: {'line': b'writing requirements to ../../build/py03_action/py03_action.egg-info/requires.txt\n'}
[2.151022] (py03_action) StdoutLine: {'line': b'writing top-level names to ../../build/py03_action/py03_action.egg-info/top_level.txt\n'}
[2.152441] (py03_action) StdoutLine: {'line': b"writing manifest file '../../build/py03_action/py03_action.egg-info/SOURCES.txt'\n"}
[2.152607] (py03_action) StdoutLine: {'line': b"reading manifest file '../../build/py03_action/py03_action.egg-info/SOURCES.txt'\n"}
[2.155231] (py03_action) StdoutLine: {'line': b"writing manifest file '../../build/py03_action/py03_action.egg-info/SOURCES.txt'\n"}
[2.157312] (cpp03_action) StdoutLine: {'line': b'-- Looking for pthread.h\n'}
[2.159182] (py03_action) StdoutLine: {'line': b'running build\n'}
[2.159257] (py03_action) StdoutLine: {'line': b'running build_py\n'}
[2.159287] (py03_action) StdoutLine: {'line': b'creating /home/loser/ws01_plumbing/build/py03_action/build\n'}
[2.159312] (py03_action) StdoutLine: {'line': b'creating /home/loser/ws01_plumbing/build/py03_action/build/lib\n'}
[2.159336] (py03_action) StdoutLine: {'line': b'creating /home/loser/ws01_plumbing/build/py03_action/build/lib/py03_action\n'}
[2.159365] (py03_action) StdoutLine: {'line': b'copying py03_action/demo01_action_server.py -> /home/loser/ws01_plumbing/build/py03_action/build/lib/py03_action\n'}
[2.159387] (py03_action) StdoutLine: {'line': b'copying py03_action/__init__.py -> /home/loser/ws01_plumbing/build/py03_action/build/lib/py03_action\n'}
[2.159414] (py03_action) StdoutLine: {'line': b'running install\n'}
[2.159442] (py03_action) StdoutLine: {'line': b'running install_lib\n'}
[2.159505] (py03_action) StdoutLine: {'line': b'creating /home/loser/ws01_plumbing/install/py03_action/lib/python3.10/site-packages/py03_action\n'}
[2.159526] (py03_action) StdoutLine: {'line': b'copying /home/loser/ws01_plumbing/build/py03_action/build/lib/py03_action/demo01_action_server.py -> /home/loser/ws01_plumbing/install/py03_action/lib/python3.10/site-packages/py03_action\n'}
[2.159548] (py03_action) StdoutLine: {'line': b'copying /home/loser/ws01_plumbing/build/py03_action/build/lib/py03_action/__init__.py -> /home/loser/ws01_plumbing/install/py03_action/lib/python3.10/site-packages/py03_action\n'}
[2.159568] (py03_action) StdoutLine: {'line': b'byte-compiling /home/loser/ws01_plumbing/install/py03_action/lib/python3.10/site-packages/py03_action/demo01_action_server.py to demo01_action_server.cpython-310.pyc\n'}
[2.159587] (py03_action) StdoutLine: {'line': b'byte-compiling /home/loser/ws01_plumbing/install/py03_action/lib/python3.10/site-packages/py03_action/__init__.py to __init__.cpython-310.pyc\n'}
[2.159606] (py03_action) StdoutLine: {'line': b'running install_data\n'}
[2.159625] (py03_action) StdoutLine: {'line': b'creating /home/loser/ws01_plumbing/install/py03_action/share/ament_index\n'}
[2.159643] (py03_action) StdoutLine: {'line': b'creating /home/loser/ws01_plumbing/install/py03_action/share/ament_index/resource_index\n'}
[2.159662] (py03_action) StdoutLine: {'line': b'creating /home/loser/ws01_plumbing/install/py03_action/share/ament_index/resource_index/packages\n'}
[2.159681] (py03_action) StdoutLine: {'line': b'copying resource/py03_action -> /home/loser/ws01_plumbing/install/py03_action/share/ament_index/resource_index/packages\n'}
[2.159699] (py03_action) StdoutLine: {'line': b'copying package.xml -> /home/loser/ws01_plumbing/install/py03_action/share/py03_action\n'}
[2.159718] (py03_action) StdoutLine: {'line': b'running install_egg_info\n'}
[2.162907] (py03_action) StdoutLine: {'line': b'Copying ../../build/py03_action/py03_action.egg-info to /home/loser/ws01_plumbing/install/py03_action/lib/python3.10/site-packages/py03_action-0.0.0-py3.10.egg-info\n'}
[2.163880] (py03_action) StdoutLine: {'line': b'running install_scripts\n'}
[2.195298] (py03_action) StdoutLine: {'line': b'Installing demo01_action_server script to /home/loser/ws01_plumbing/install/py03_action/lib/py03_action\n'}
[2.199753] (py03_action) StdoutLine: {'line': b"writing list of installed files to '/home/loser/ws01_plumbing/build/py03_action/install.log'\n"}
[2.215933] (-) TimerEvent: {}
[2.250813] (py03_action) CommandEnded: {'returncode': 0}
[2.258864] (py03_action) JobEnded: {'identifier': 'py03_action', 'rc': 0}
[2.284146] (cpp03_action) StdoutLine: {'line': b'-- Looking for pthread.h - found\n'}
[2.284755] (cpp03_action) StdoutLine: {'line': b'-- Performing Test CMAKE_HAVE_LIBC_PTHREAD\n'}
[2.316655] (-) TimerEvent: {}
[2.397155] (cpp03_action) StdoutLine: {'line': b'-- Performing Test CMAKE_HAVE_LIBC_PTHREAD - Success\n'}
[2.398106] (cpp03_action) StdoutLine: {'line': b'-- Found Threads: TRUE  \n'}
[2.416772] (-) TimerEvent: {}
[2.467743] (cpp03_action) StdoutLine: {'line': b'-- Found base_interfaces_demo: 0.0.0 (/home/loser/ws01_plumbing/install/base_interfaces_demo/share/base_interfaces_demo/cmake)\n'}
[2.480303] (cpp03_action) StdoutLine: {'line': b'-- Found rclcpp_action: 16.0.19 (/opt/ros/humble/share/rclcpp_action/cmake)\n'}
[2.516848] (-) TimerEvent: {}
[2.533607] (cpp03_action) StdoutLine: {'line': b'-- Found ament_lint_auto: 0.12.15 (/opt/ros/humble/share/ament_lint_auto/cmake)\n'}
[2.607267] (cpp03_action) StdoutLine: {'line': b"-- Added test 'cppcheck' to perform static code analysis on C / C++ code\n"}
[2.607494] (cpp03_action) StdoutLine: {'line': b'-- Configured cppcheck include dirs: $<BUILD_INTERFACE:/home/loser/ws01_plumbing/src/cpp03_action/include>\n'}
[2.607532] (cpp03_action) StdoutLine: {'line': b'-- Configured cppcheck exclude dirs and/or files: \n'}
[2.608092] (cpp03_action) StdoutLine: {'line': b"-- Added test 'lint_cmake' to check CMake code style\n"}
[2.609367] (cpp03_action) StdoutLine: {'line': b"-- Added test 'uncrustify' to check C / C++ code style\n"}
[2.609456] (cpp03_action) StdoutLine: {'line': b'-- Configured uncrustify additional arguments: \n'}
[2.609940] (cpp03_action) StdoutLine: {'line': b"-- Added test 'xmllint' to check XML markup files\n"}
[2.612311] (cpp03_action) StdoutLine: {'line': b'-- Configuring done\n'}
[2.616912] (-) TimerEvent: {}
[2.620953] (cpp03_action) StdoutLine: {'line': b'-- Generating done\n'}
[2.624413] (cpp03_action) StdoutLine: {'line': b'-- Build files have been written to: /home/loser/ws01_plumbing/build/cpp03_action\n'}
[2.634849] (cpp03_action) CommandEnded: {'returncode': 0}
[2.635476] (cpp03_action) JobProgress: {'identifier': 'cpp03_action', 'progress': 'build'}
[2.635495] (cpp03_action) Command: {'cmd': ['/usr/bin/cmake', '--build', '/home/loser/ws01_plumbing/build/cpp03_action', '--', '-j4', '-l4'], 'cwd': '/home/loser/ws01_plumbing/build/cpp03_action', 'env': OrderedDict([('GJS_DEBUG_TOPICS', 'JS ERROR;JS LOG'), ('PYTHON_BASIC_REPL', '1'), ('LESSOPEN', '| /usr/bin/lesspipe %s'), ('LANGUAGE', 'zh_CN:en'), ('USER', 'loser'), ('LC_TIME', 'zh_CN.UTF-8'), ('XDG_SESSION_TYPE', 'wayland'), ('SHLVL', '1'), ('LD_LIBRARY_PATH', '/home/loser/ws01_plumbing/install/base_interfaces_demo/lib:/usr/lib/x86_64-linux-gnu/gazebo-11/plugins:/opt/ros/humble/opt/rviz_ogre_vendor/lib:/opt/ros/humble/lib/x86_64-linux-gnu:/opt/ros/humble/lib'), ('HOME', '/home/loser'), ('CHROME_DESKTOP', 'code.desktop'), ('OLDPWD', '/home/loser/ws01_plumbing/src'), ('TERM_PROGRAM_VERSION', '1.121.0'), ('DESKTOP_SESSION', 'ubuntu'), ('GIO_LAUNCHED_DESKTOP_FILE', '/usr/share/applications/code.desktop'), ('ROS_PYTHON_VERSION', '3'), ('GNOME_SHELL_SESSION_MODE', 'ubuntu'), ('GTK_MODULES', 'gail:atk-bridge'), ('LC_MONETARY', 'zh_CN.UTF-8'), ('MANAGERPID', '1438'), ('SYSTEMD_EXEC_PID', '1625'), ('IM_CONFIG_CHECK_ENV', '1'), ('VSCODE_PYTHON_AUTOACTIVATE_GUARD', '1'), ('DBUS_SESSION_BUS_ADDRESS', 'unix:path=/run/user/1000/bus'), ('COLORTERM', 'truecolor'), ('GIO_LAUNCHED_DESKTOP_FILE_PID', '2247'), ('IM_CONFIG_PHASE', '1'), ('WAYLAND_DISPLAY', 'wayland-0'), ('COLCON_PREFIX_PATH', '/home/loser/ws01_plumbing/install'), ('ROS_DISTRO', 'humble'), ('GTK_IM_MODULE', 'fcitx'), ('LOGNAME', 'loser'), ('JOURNAL_STREAM', '8:20539'), ('_', '/usr/bin/colcon'), ('ROS_VERSION', '2'), ('XDG_SESSION_CLASS', 'user'), ('USERNAME', 'loser'), ('TERM', 'xterm-256color'), ('GNOME_DESKTOP_SESSION_ID', 'this-is-deprecated'), ('FC_FONTATIONS', '1'), ('ROS_LOCALHOST_ONLY', '0'), ('PATH', '/home/loser/.config/Code/User/globalStorage/github.copilot-chat/debugCommand:/home/loser/.config/Code/User/globalStorage/github.copilot-chat/copilotCli:/opt/ros/humble/bin:/usr/local/sbin:/usr/local/bin:/usr/sbin:/usr/bin:/sbin:/bin:/usr/games:/usr/local/games:/snap/bin:/snap/bin'), ('SESSION_MANAGER', 'local/loser-vm:@/tmp/.ICE-unix/1579,unix/loser-vm:/tmp/.ICE-unix/1579'), ('INVOCATION_ID', 'c066e5289e1f46339e91e1906c356ea9'), ('PAPERSIZE', 'a4'), ('XDG_MENU_PREFIX', 'gnome-'), ('LC_ADDRESS', 'zh_CN.UTF-8'), ('GNOME_SETUP_DISPLAY', ':1'), ('XDG_RUNTIME_DIR', '/run/user/1000'), ('GDK_BACKEND', 'wayland'), ('DISPLAY', ':0'), ('LANG', 'zh_CN.UTF-8'), ('XDG_CURRENT_DESKTOP', 'ubuntu:GNOME'), ('PYTHONSTARTUP', '/home/loser/.config/Code/User/workspaceStorage/8648397a620a1c47015fb5f0b3e3803b/ms-python.python/pythonrc.py'), ('LC_TELEPHONE', 'zh_CN.UTF-8'), ('XMODIFIERS', '@im=fcitx'), ('XDG_SESSION_DESKTOP', 'ubuntu'), ('XAUTHORITY', '/run/user/1000/.mutter-Xwaylandauth.RLY4P3'), ('LS_COLORS', 'rs=0:di=01;34:ln=01;36:mh=00:pi=40;33:so=01;35:do=01;35:bd=40;33;01:cd=40;33;01:or=40;31;01:mi=00:su=37;41:sg=30;43:ca=30;41:tw=30;42:ow=34;42:st=37;44:ex=01;32:*.tar=01;31:*.tgz=01;31:*.arc=01;31:*.arj=01;31:*.taz=01;31:*.lha=01;31:*.lz4=01;31:*.lzh=01;31:*.lzma=01;31:*.tlz=01;31:*.txz=01;31:*.tzo=01;31:*.t7z=01;31:*.zip=01;31:*.z=01;31:*.dz=01;31:*.gz=01;31:*.lrz=01;31:*.lz=01;31:*.lzo=01;31:*.xz=01;31:*.zst=01;31:*.tzst=01;31:*.bz2=01;31:*.bz=01;31:*.tbz=01;31:*.tbz2=01;31:*.tz=01;31:*.deb=01;31:*.rpm=01;31:*.jar=01;31:*.war=01;31:*.ear=01;31:*.sar=01;31:*.rar=01;31:*.alz=01;31:*.ace=01;31:*.zoo=01;31:*.cpio=01;31:*.7z=01;31:*.rz=01;31:*.cab=01;31:*.wim=01;31:*.swm=01;31:*.dwm=01;31:*.esd=01;31:*.jpg=01;35:*.jpeg=01;35:*.mjpg=01;35:*.mjpeg=01;35:*.gif=01;35:*.bmp=01;35:*.pbm=01;35:*.pgm=01;35:*.ppm=01;35:*.tga=01;35:*.xbm=01;35:*.xpm=01;35:*.tif=01;35:*.tiff=01;35:*.png=01;35:*.svg=01;35:*.svgz=01;35:*.mng=01;35:*.pcx=01;35:*.mov=01;35:*.mpg=01;35:*.mpeg=01;35:*.m2v=01;35:*.mkv=01;35:*.webm=01;35:*.webp=01;35:*.ogm=01;35:*.mp4=01;35:*.m4v=01;35:*.mp4v=01;35:*.vob=01;35:*.qt=01;35:*.nuv=01;35:*.wmv=01;35:*.asf=01;35:*.rm=01;35:*.rmvb=01;35:*.flc=01;35:*.avi=01;35:*.fli=01;35:*.flv=01;35:*.gl=01;35:*.dl=01;35:*.xcf=01;35:*.xwd=01;35:*.yuv=01;35:*.cgm=01;35:*.emf=01;35:*.ogv=01;35:*.ogx=01;35:*.aac=00;36:*.au=00;36:*.flac=00;36:*.m4a=00;36:*.mid=00;36:*.midi=00;36:*.mka=00;36:*.mp3=00;36:*.mpc=00;36:*.ogg=00;36:*.ra=00;36:*.wav=00;36:*.oga=00;36:*.opus=00;36:*.spx=00;36:*.xspf=00;36:'), ('TERM_PROGRAM', 'vscode'), ('SSH_AGENT_LAUNCHER', 'gnome-keyring'), ('SSH_AUTH_SOCK', '/run/user/1000/keyring/ssh'), ('AMENT_PREFIX_PATH', '/home/loser/ws01_plumbing/install/py02_service:/home/loser/ws01_plumbing/install/py01_topic:/home/loser/ws01_plumbing/install/cpp02_service:/home/loser/ws01_plumbing/install/cpp01_topic:/home/loser/ws01_plumbing/install/base_interfaces_demo:/opt/ros/humble'), ('SHELL', '/bin/bash'), ('LC_NAME', 'zh_CN.UTF-8'), ('QT_ACCESSIBILITY', '1'), ('GDMSESSION', 'ubuntu'), ('LESSCLOSE', '/usr/bin/lesspipe %s %s'), ('LC_MEASUREMENT', 'zh_CN.UTF-8'), ('GJS_DEBUG_OUTPUT', 'stderr'), ('LC_IDENTIFICATION', 'zh_CN.UTF-8'), ('QT_IM_MODULE', 'fcitx'), ('PWD', '/home/loser/ws01_plumbing/build/cpp03_action'), ('XDG_CONFIG_DIRS', '/etc/xdg/xdg-ubuntu:/etc/xdg'), ('CLUTTER_IM_MODULE', 'xim'), ('XDG_DATA_DIRS', '/usr/share/ubuntu:/usr/local/share/:/usr/share/:/var/lib/snapd/desktop'), ('PYTHONPATH', '/home/loser/ws01_plumbing/install/py02_service/lib/python3.10/site-packages:/home/loser/ws01_plumbing/install/py01_topic/lib/python3.10/site-packages:/home/loser/ws01_plumbing/install/base_interfaces_demo/local/lib/python3.10/dist-packages:/opt/ros/humble/lib/python3.10/site-packages:/opt/ros/humble/local/lib/python3.10/dist-packages'), ('LC_NUMERIC', 'zh_CN.UTF-8'), ('LC_PAPER', 'zh_CN.UTF-8'), ('COLCON', '1'), ('CMAKE_PREFIX_PATH', '/home/loser/ws01_plumbing/install/base_interfaces_demo:/home/loser/ws01_plumbing/install/cpp02_service:/home/loser/ws01_plumbing/install/cpp01_topic:/home/loser/ws01_plumbing/install/py02_service:/home/loser/ws01_plumbing/install/py01_topic:/opt/ros/humble')]), 'shell': False}
[2.690280] (cpp03_action) StdoutLine: {'line': b'[ 50%] \x1b[32mBuilding CXX object CMakeFiles/demo01_action_server.dir/src/demo01_action_server.cpp.o\x1b[0m\n'}
[2.717020] (-) TimerEvent: {}
[2.723944] (cpp03_action) StdoutLine: {'line': b'[100%] \x1b[32m\x1b[1mLinking CXX executable demo01_action_server\x1b[0m\n'}
[2.791070] (cpp03_action) StdoutLine: {'line': b'[100%] Built target demo01_action_server\n'}
[2.805268] (cpp03_action) CommandEnded: {'returncode': 0}
[2.805550] (cpp03_action) JobProgress: {'identifier': 'cpp03_action', 'progress': 'install'}
[2.805565] (cpp03_action) Command: {'cmd': ['/usr/bin/cmake', '--install', '/home/loser/ws01_plumbing/build/cpp03_action'], 'cwd': '/home/loser/ws01_plumbing/build/cpp03_action', 'env': OrderedDict([('GJS_DEBUG_TOPICS', 'JS ERROR;JS LOG'), ('PYTHON_BASIC_REPL', '1'), ('LESSOPEN', '| /usr/bin/lesspipe %s'), ('LANGUAGE', 'zh_CN:en'), ('USER', 'loser'), ('LC_TIME', 'zh_CN.UTF-8'), ('XDG_SESSION_TYPE', 'wayland'), ('SHLVL', '1'), ('LD_LIBRARY_PATH', '/home/loser/ws01_plumbing/install/base_interfaces_demo/lib:/usr/lib/x86_64-linux-gnu/gazebo-11/plugins:/opt/ros/humble/opt/rviz_ogre_vendor/lib:/opt/ros/humble/lib/x86_64-linux-gnu:/opt/ros/humble/lib'), ('HOME', '/home/loser'), ('CHROME_DESKTOP', 'code.desktop'), ('OLDPWD', '/home/loser/ws01_plumbing/src'), ('TERM_PROGRAM_VERSION', '1.121.0'), ('DESKTOP_SESSION', 'ubuntu'), ('GIO_LAUNCHED_DESKTOP_FILE', '/usr/share/applications/code.desktop'), ('ROS_PYTHON_VERSION', '3'), ('GNOME_SHELL_SESSION_MODE', 'ubuntu'), ('GTK_MODULES', 'gail:atk-bridge'), ('LC_MONETARY', 'zh_CN.UTF-8'), ('MANAGERPID', '1438'), ('SYSTEMD_EXEC_PID', '1625'), ('IM_CONFIG_CHECK_ENV', '1'), ('VSCODE_PYTHON_AUTOACTIVATE_GUARD', '1'), ('DBUS_SESSION_BUS_ADDRESS', 'unix:path=/run/user/1000/bus'), ('COLORTERM', 'truecolor'), ('GIO_LAUNCHED_DESKTOP_FILE_PID', '2247'), ('IM_CONFIG_PHASE', '1'), ('WAYLAND_DISPLAY', 'wayland-0'), ('COLCON_PREFIX_PATH', '/home/loser/ws01_plumbing/install'), ('ROS_DISTRO', 'humble'), ('GTK_IM_MODULE', 'fcitx'), ('LOGNAME', 'loser'), ('JOURNAL_STREAM', '8:20539'), ('_', '/usr/bin/colcon'), ('ROS_VERSION', '2'), ('XDG_SESSION_CLASS', 'user'), ('USERNAME', 'loser'), ('TERM', 'xterm-256color'), ('GNOME_DESKTOP_SESSION_ID', 'this-is-deprecated'), ('FC_FONTATIONS', '1'), ('ROS_LOCALHOST_ONLY', '0'), ('PATH', '/home/loser/.config/Code/User/globalStorage/github.copilot-chat/debugCommand:/home/loser/.config/Code/User/globalStorage/github.copilot-chat/copilotCli:/opt/ros/humble/bin:/usr/local/sbin:/usr/local/bin:/usr/sbin:/usr/bin:/sbin:/bin:/usr/games:/usr/local/games:/snap/bin:/snap/bin'), ('SESSION_MANAGER', 'local/loser-vm:@/tmp/.ICE-unix/1579,unix/loser-vm:/tmp/.ICE-unix/1579'), ('INVOCATION_ID', 'c066e5289e1f46339e91e1906c356ea9'), ('PAPERSIZE', 'a4'), ('XDG_MENU_PREFIX', 'gnome-'), ('LC_ADDRESS', 'zh_CN.UTF-8'), ('GNOME_SETUP_DISPLAY', ':1'), ('XDG_RUNTIME_DIR', '/run/user/1000'), ('GDK_BACKEND', 'wayland'), ('DISPLAY', ':0'), ('LANG', 'zh_CN.UTF-8'), ('XDG_CURRENT_DESKTOP', 'ubuntu:GNOME'), ('PYTHONSTARTUP', '/home/loser/.config/Code/User/workspaceStorage/8648397a620a1c47015fb5f0b3e3803b/ms-python.python/pythonrc.py'), ('LC_TELEPHONE', 'zh_CN.UTF-8'), ('XMODIFIERS', '@im=fcitx'), ('XDG_SESSION_DESKTOP', 'ubuntu'), ('XAUTHORITY', '/run/user/1000/.mutter-Xwaylandauth.RLY4P3'), ('LS_COLORS', 'rs=0:di=01;34:ln=01;36:mh=00:pi=40;33:so=01;35:do=01;35:bd=40;33;01:cd=40;33;01:or=40;31;01:mi=00:su=37;41:sg=30;43:ca=30;41:tw=30;42:ow=34;42:st=37;44:ex=01;32:*.tar=01;31:*.tgz=01;31:*.arc=01;31:*.arj=01;31:*.taz=01;31:*.lha=01;31:*.lz4=01;31:*.lzh=01;31:*.lzma=01;31:*.tlz=01;31:*.txz=01;31:*.tzo=01;31:*.t7z=01;31:*.zip=01;31:*.z=01;31:*.dz=01;31:*.gz=01;31:*.lrz=01;31:*.lz=01;31:*.lzo=01;31:*.xz=01;31:*.zst=01;31:*.tzst=01;31:*.bz2=01;31:*.bz=01;31:*.tbz=01;31:*.tbz2=01;31:*.tz=01;31:*.deb=01;31:*.rpm=01;31:*.jar=01;31:*.war=01;31:*.ear=01;31:*.sar=01;31:*.rar=01;31:*.alz=01;31:*.ace=01;31:*.zoo=01;31:*.cpio=01;31:*.7z=01;31:*.rz=01;31:*.cab=01;31:*.wim=01;31:*.swm=01;31:*.dwm=01;31:*.esd=01;31:*.jpg=01;35:*.jpeg=01;35:*.mjpg=01;35:*.mjpeg=01;35:*.gif=01;35:*.bmp=01;35:*.pbm=01;35:*.pgm=01;35:*.ppm=01;35:*.tga=01;35:*.xbm=01;35:*.xpm=01;35:*.tif=01;35:*.tiff=01;35:*.png=01;35:*.svg=01;35:*.svgz=01;35:*.mng=01;35:*.pcx=01;35:*.mov=01;35:*.mpg=01;35:*.mpeg=01;35:*.m2v=01;35:*.mkv=01;35:*.webm=01;35:*.webp=01;35:*.ogm=01;35:*.mp4=01;35:*.m4v=01;35:*.mp4v=01;35:*.vob=01;35:*.qt=01;35:*.nuv=01;35:*.wmv=01;35:*.asf=01;35:*.rm=01;35:*.rmvb=01;35:*.flc=01;35:*.avi=01;35:*.fli=01;35:*.flv=01;35:*.gl=01;35:*.dl=01;35:*.xcf=01;35:*.xwd=01;35:*.yuv=01;35:*.cgm=01;35:*.emf=01;35:*.ogv=01;35:*.ogx=01;35:*.aac=00;36:*.au=00;36:*.flac=00;36:*.m4a=00;36:*.mid=00;36:*.midi=00;36:*.mka=00;36:*.mp3=00;36:*.mpc=00;36:*.ogg=00;36:*.ra=00;36:*.wav=00;36:*.oga=00;36:*.opus=00;36:*.spx=00;36:*.xspf=00;36:'), ('TERM_PROGRAM', 'vscode'), ('SSH_AGENT_LAUNCHER', 'gnome-keyring'), ('SSH_AUTH_SOCK', '/run/user/1000/keyring/ssh'), ('AMENT_PREFIX_PATH', '/home/loser/ws01_plumbing/install/py02_service:/home/loser/ws01_plumbing/install/py01_topic:/home/loser/ws01_plumbing/install/cpp02_service:/home/loser/ws01_plumbing/install/cpp01_topic:/home/loser/ws01_plumbing/install/base_interfaces_demo:/opt/ros/humble'), ('SHELL', '/bin/bash'), ('LC_NAME', 'zh_CN.UTF-8'), ('QT_ACCESSIBILITY', '1'), ('GDMSESSION', 'ubuntu'), ('LESSCLOSE', '/usr/bin/lesspipe %s %s'), ('LC_MEASUREMENT', 'zh_CN.UTF-8'), ('GJS_DEBUG_OUTPUT', 'stderr'), ('LC_IDENTIFICATION', 'zh_CN.UTF-8'), ('QT_IM_MODULE', 'fcitx'), ('PWD', '/home/loser/ws01_plumbing/build/cpp03_action'), ('XDG_CONFIG_DIRS', '/etc/xdg/xdg-ubuntu:/etc/xdg'), ('CLUTTER_IM_MODULE', 'xim'), ('XDG_DATA_DIRS', '/usr/share/ubuntu:/usr/local/share/:/usr/share/:/var/lib/snapd/desktop'), ('PYTHONPATH', '/home/loser/ws01_plumbing/install/py02_service/lib/python3.10/site-packages:/home/loser/ws01_plumbing/install/py01_topic/lib/python3.10/site-packages:/home/loser/ws01_plumbing/install/base_interfaces_demo/local/lib/python3.10/dist-packages:/opt/ros/humble/lib/python3.10/site-packages:/opt/ros/humble/local/lib/python3.10/dist-packages'), ('LC_NUMERIC', 'zh_CN.UTF-8'), ('LC_PAPER', 'zh_CN.UTF-8'), ('COLCON', '1'), ('CMAKE_PREFIX_PATH', '/home/loser/ws01_plumbing/install/base_interfaces_demo:/home/loser/ws01_plumbing/install/cpp02_service:/home/loser/ws01_plumbing/install/cpp01_topic:/home/loser/ws01_plumbing/install/py02_service:/home/loser/ws01_plumbing/install/py01_topic:/opt/ros/humble')]), 'shell': False}
[2.813672] (cpp03_action) StdoutLine: {'line': b'-- Install configuration: ""\n'}
[2.814065] (cpp03_action) StdoutLine: {'line': b'-- Installing: /home/loser/ws01_plumbing/install/cpp03_action/lib/cpp03_action/demo01_action_server\n'}
[2.814102] (cpp03_action) StdoutLine: {'line': b'-- Set runtime path of "/home/loser/ws01_plumbing/install/cpp03_action/lib/cpp03_action/demo01_action_server" to ""\n'}
[2.814127] (cpp03_action) StdoutLine: {'line': b'-- Installing: /home/loser/ws01_plumbing/install/cpp03_action/share/ament_index/resource_index/package_run_dependencies/cpp03_action\n'}
[2.814155] (cpp03_action) StdoutLine: {'line': b'-- Installing: /home/loser/ws01_plumbing/install/cpp03_action/share/ament_index/resource_index/parent_prefix_path/cpp03_action\n'}
[2.814202] (cpp03_action) StdoutLine: {'line': b'-- Installing: /home/loser/ws01_plumbing/install/cpp03_action/share/cpp03_action/environment/ament_prefix_path.sh\n'}
[2.814647] (cpp03_action) StdoutLine: {'line': b'-- Installing: /home/loser/ws01_plumbing/install/cpp03_action/share/cpp03_action/environment/ament_prefix_path.dsv\n'}
[2.814697] (cpp03_action) StdoutLine: {'line': b'-- Installing: /home/loser/ws01_plumbing/install/cpp03_action/share/cpp03_action/environment/path.sh\n'}
[2.814725] (cpp03_action) StdoutLine: {'line': b'-- Installing: /home/loser/ws01_plumbing/install/cpp03_action/share/cpp03_action/environment/path.dsv\n'}
[2.814872] (cpp03_action) StdoutLine: {'line': b'-- Installing: /home/loser/ws01_plumbing/install/cpp03_action/share/cpp03_action/local_setup.bash\n'}
[2.816279] (cpp03_action) StdoutLine: {'line': b'-- Installing: /home/loser/ws01_plumbing/install/cpp03_action/share/cpp03_action/local_setup.sh\n'}
[2.817482] (-) TimerEvent: {}
[2.817579] (cpp03_action) StdoutLine: {'line': b'-- Installing: /home/loser/ws01_plumbing/install/cpp03_action/share/cpp03_action/local_setup.zsh\n'}
[2.817614] (cpp03_action) StdoutLine: {'line': b'-- Installing: /home/loser/ws01_plumbing/install/cpp03_action/share/cpp03_action/local_setup.dsv\n'}
[2.817645] (cpp03_action) StdoutLine: {'line': b'-- Installing: /home/loser/ws01_plumbing/install/cpp03_action/share/cpp03_action/package.dsv\n'}
[2.817667] (cpp03_action) StdoutLine: {'line': b'-- Installing: /home/loser/ws01_plumbing/install/cpp03_action/share/ament_index/resource_index/packages/cpp03_action\n'}
[2.817686] (cpp03_action) StdoutLine: {'line': b'-- Installing: /home/loser/ws01_plumbing/install/cpp03_action/share/cpp03_action/cmake/cpp03_actionConfig.cmake\n'}
[2.817706] (cpp03_action) StdoutLine: {'line': b'-- Installing: /home/loser/ws01_plumbing/install/cpp03_action/share/cpp03_action/cmake/cpp03_actionConfig-version.cmake\n'}
[2.817724] (cpp03_action) StdoutLine: {'line': b'-- Installing: /home/loser/ws01_plumbing/install/cpp03_action/share/cpp03_action/package.xml\n'}
[2.817744] (cpp03_action) CommandEnded: {'returncode': 0}
[2.827921] (cpp03_action) JobEnded: {'identifier': 'cpp03_action', 'rc': 0}
[2.828706] (-) EventReactorShutdown: {}
