[0.000000] (-) TimerEvent: {}
[0.000531] (base_interfaces_demo) JobQueued: {'identifier': 'base_interfaces_demo', 'dependencies': OrderedDict()}
[0.000567] (cpp01_topic) JobQueued: {'identifier': 'cpp01_topic', 'dependencies': OrderedDict([('base_interfaces_demo', '/home/loser/ws01_plumbing/install/base_interfaces_demo')])}
[0.000589] (cpp02_service) JobQueued: {'identifier': 'cpp02_service', 'dependencies': OrderedDict([('base_interfaces_demo', '/home/loser/ws01_plumbing/install/base_interfaces_demo')])}
[0.000728] (py01_topic) JobQueued: {'identifier': 'py01_topic', 'dependencies': OrderedDict([('base_interfaces_demo', '/home/loser/ws01_plumbing/install/base_interfaces_demo')])}
[0.000744] (py02_service) JobQueued: {'identifier': 'py02_service', 'dependencies': OrderedDict([('base_interfaces_demo', '/home/loser/ws01_plumbing/install/base_interfaces_demo')])}
[0.000755] (base_interfaces_demo) JobStarted: {'identifier': 'base_interfaces_demo'}
[0.011811] (base_interfaces_demo) JobProgress: {'identifier': 'base_interfaces_demo', 'progress': 'cmake'}
[0.015562] (base_interfaces_demo) JobProgress: {'identifier': 'base_interfaces_demo', 'progress': 'build'}
[0.016281] (base_interfaces_demo) Command: {'cmd': ['/usr/bin/cmake', '--build', '/home/loser/ws01_plumbing/build/base_interfaces_demo', '--', '-j4', '-l4'], 'cwd': '/home/loser/ws01_plumbing/build/base_interfaces_demo', 'env': OrderedDict([('GJS_DEBUG_TOPICS', 'JS ERROR;JS LOG'), ('PYTHON_BASIC_REPL', '1'), ('LESSOPEN', '| /usr/bin/lesspipe %s'), ('LANGUAGE', 'zh_CN:en'), ('USER', 'loser'), ('LC_TIME', 'zh_CN.UTF-8'), ('XDG_SESSION_TYPE', 'wayland'), ('SHLVL', '1'), ('LD_LIBRARY_PATH', '/home/loser/ws01_plumbing/install/base_interfaces_demo/lib:/opt/ros/humble/opt/rviz_ogre_vendor/lib:/opt/ros/humble/lib/x86_64-linux-gnu:/opt/ros/humble/lib'), ('HOME', '/home/loser'), ('CHROME_DESKTOP', 'code.desktop'), ('TERM_PROGRAM_VERSION', '1.121.0'), ('DESKTOP_SESSION', 'ubuntu'), ('GIO_LAUNCHED_DESKTOP_FILE', '/usr/share/applications/code.desktop'), ('ROS_PYTHON_VERSION', '3'), ('GNOME_SHELL_SESSION_MODE', 'ubuntu'), ('GTK_MODULES', 'gail:atk-bridge'), ('LC_MONETARY', 'zh_CN.UTF-8'), ('MANAGERPID', '1453'), ('SYSTEMD_EXEC_PID', '1615'), ('IM_CONFIG_CHECK_ENV', '1'), ('VSCODE_PYTHON_AUTOACTIVATE_GUARD', '1'), ('DBUS_SESSION_BUS_ADDRESS', 'unix:path=/run/user/1000/bus'), ('COLORTERM', 'truecolor'), ('GIO_LAUNCHED_DESKTOP_FILE_PID', '17729'), ('IM_CONFIG_PHASE', '1'), ('WAYLAND_DISPLAY', 'wayland-0'), ('COLCON_PREFIX_PATH', '/home/loser/ws01_plumbing/install'), ('ROS_DISTRO', 'humble'), ('GTK_IM_MODULE', 'fcitx'), ('LOGNAME', 'loser'), ('JOURNAL_STREAM', '8:20518'), ('_', '/usr/bin/colcon'), ('ROS_VERSION', '2'), ('XDG_SESSION_CLASS', 'user'), ('USERNAME', 'loser'), ('TERM', 'xterm-256color'), ('GNOME_DESKTOP_SESSION_ID', 'this-is-deprecated'), ('FC_FONTATIONS', '1'), ('ROS_LOCALHOST_ONLY', '0'), ('PATH', '/home/loser/.config/Code/User/globalStorage/github.copilot-chat/debugCommand:/home/loser/.config/Code/User/globalStorage/github.copilot-chat/copilotCli:/opt/ros/humble/bin:/usr/local/sbin:/usr/local/bin:/usr/sbin:/usr/bin:/sbin:/bin:/usr/games:/usr/local/games:/snap/bin:/snap/bin'), ('SESSION_MANAGER', 'local/loser-vm:@/tmp/.ICE-unix/1583,unix/loser-vm:/tmp/.ICE-unix/1583'), ('INVOCATION_ID', '3049aaef72ab45bda2c45e7e91538e54'), ('PAPERSIZE', 'a4'), ('XDG_MENU_PREFIX', 'gnome-'), ('LC_ADDRESS', 'zh_CN.UTF-8'), ('GNOME_SETUP_DISPLAY', ':1'), ('XDG_RUNTIME_DIR', '/run/user/1000'), ('GDK_BACKEND', 'wayland'), ('DISPLAY', ':0'), ('LANG', 'zh_CN.UTF-8'), ('XDG_CURRENT_DESKTOP', 'ubuntu:GNOME'), ('PYTHONSTARTUP', '/home/loser/.config/Code/User/workspaceStorage/8648397a620a1c47015fb5f0b3e3803b/ms-python.python/pythonrc.py'), ('LC_TELEPHONE', 'zh_CN.UTF-8'), ('XMODIFIERS', '@im=fcitx'), ('XDG_SESSION_DESKTOP', 'ubuntu'), ('XAUTHORITY', '/run/user/1000/.mutter-Xwaylandauth.3PQSP3'), ('LS_COLORS', 'rs=0:di=01;34:ln=01;36:mh=00:pi=40;33:so=01;35:do=01;35:bd=40;33;01:cd=40;33;01:or=40;31;01:mi=00:su=37;41:sg=30;43:ca=30;41:tw=30;42:ow=34;42:st=37;44:ex=01;32:*.tar=01;31:*.tgz=01;31:*.arc=01;31:*.arj=01;31:*.taz=01;31:*.lha=01;31:*.lz4=01;31:*.lzh=01;31:*.lzma=01;31:*.tlz=01;31:*.txz=01;31:*.tzo=01;31:*.t7z=01;31:*.zip=01;31:*.z=01;31:*.dz=01;31:*.gz=01;31:*.lrz=01;31:*.lz=01;31:*.lzo=01;31:*.xz=01;31:*.zst=01;31:*.tzst=01;31:*.bz2=01;31:*.bz=01;31:*.tbz=01;31:*.tbz2=01;31:*.tz=01;31:*.deb=01;31:*.rpm=01;31:*.jar=01;31:*.war=01;31:*.ear=01;31:*.sar=01;31:*.rar=01;31:*.alz=01;31:*.ace=01;31:*.zoo=01;31:*.cpio=01;31:*.7z=01;31:*.rz=01;31:*.cab=01;31:*.wim=01;31:*.swm=01;31:*.dwm=01;31:*.esd=01;31:*.jpg=01;35:*.jpeg=01;35:*.mjpg=01;35:*.mjpeg=01;35:*.gif=01;35:*.bmp=01;35:*.pbm=01;35:*.pgm=01;35:*.ppm=01;35:*.tga=01;35:*.xbm=01;35:*.xpm=01;35:*.tif=01;35:*.tiff=01;35:*.png=01;35:*.svg=01;35:*.svgz=01;35:*.mng=01;35:*.pcx=01;35:*.mov=01;35:*.mpg=01;35:*.mpeg=01;35:*.m2v=01;35:*.mkv=01;35:*.webm=01;35:*.webp=01;35:*.ogm=01;35:*.mp4=01;35:*.m4v=01;35:*.mp4v=01;35:*.vob=01;35:*.qt=01;35:*.nuv=01;35:*.wmv=01;35:*.asf=01;35:*.rm=01;35:*.rmvb=01;35:*.flc=01;35:*.avi=01;35:*.fli=01;35:*.flv=01;35:*.gl=01;35:*.dl=01;35:*.xcf=01;35:*.xwd=01;35:*.yuv=01;35:*.cgm=01;35:*.emf=01;35:*.ogv=01;35:*.ogx=01;35:*.aac=00;36:*.au=00;36:*.flac=00;36:*.m4a=00;36:*.mid=00;36:*.midi=00;36:*.mka=00;36:*.mp3=00;36:*.mpc=00;36:*.ogg=00;36:*.ra=00;36:*.wav=00;36:*.oga=00;36:*.opus=00;36:*.spx=00;36:*.xspf=00;36:'), ('TERM_PROGRAM', 'vscode'), ('SSH_AGENT_LAUNCHER', 'gnome-keyring'), ('SSH_AUTH_SOCK', '/run/user/1000/keyring/ssh'), ('AMENT_PREFIX_PATH', '/home/loser/ws01_plumbing/install/py01_topic:/home/loser/ws01_plumbing/install/cpp02_service:/home/loser/ws01_plumbing/install/cpp01_topic:/home/loser/ws01_plumbing/install/base_interfaces_demo:/opt/ros/humble'), ('SHELL', '/bin/bash'), ('LC_NAME', 'zh_CN.UTF-8'), ('QT_ACCESSIBILITY', '1'), ('GDMSESSION', 'ubuntu'), ('LESSCLOSE', '/usr/bin/lesspipe %s %s'), ('LC_MEASUREMENT', 'zh_CN.UTF-8'), ('GJS_DEBUG_OUTPUT', 'stderr'), ('LC_IDENTIFICATION', 'zh_CN.UTF-8'), ('QT_IM_MODULE', 'fcitx'), ('PWD', '/home/loser/ws01_plumbing/build/base_interfaces_demo'), ('XDG_CONFIG_DIRS', '/etc/xdg/xdg-ubuntu:/etc/xdg'), ('CLUTTER_IM_MODULE', 'xim'), ('XDG_DATA_DIRS', '/usr/share/ubuntu:/usr/local/share/:/usr/share/:/var/lib/snapd/desktop'), ('PYTHONPATH', '/home/loser/ws01_plumbing/install/py01_topic/lib/python3.10/site-packages:/home/loser/ws01_plumbing/install/base_interfaces_demo/local/lib/python3.10/dist-packages:/opt/ros/humble/lib/python3.10/site-packages:/opt/ros/humble/local/lib/python3.10/dist-packages'), ('LC_NUMERIC', 'zh_CN.UTF-8'), ('LC_PAPER', 'zh_CN.UTF-8'), ('COLCON', '1'), ('CMAKE_PREFIX_PATH', '/home/loser/ws01_plumbing/install/cpp02_service:/home/loser/ws01_plumbing/install/cpp01_topic:/home/loser/ws01_plumbing/install/base_interfaces_demo:/home/loser/ws01_plumbing/install/py01_topic:/opt/ros/humble')]), 'shell': False}
[0.065846] (base_interfaces_demo) StdoutLine: {'line': b'\x1b[35m\x1b[1mConsolidate compiler generated dependencies of target base_interfaces_demo__rosidl_generator_c\x1b[0m\n'}
[0.072723] (base_interfaces_demo) StdoutLine: {'line': b'[  2%] Built target base_interfaces_demo__cpp\n'}
[0.075606] (base_interfaces_demo) StdoutLine: {'line': b'[ 12%] Built target base_interfaces_demo__rosidl_generator_c\n'}
[0.079314] (base_interfaces_demo) StdoutLine: {'line': b'[ 15%] Built target base_interfaces_demo__rs\n'}
[0.086927] (base_interfaces_demo) StdoutLine: {'line': b'\x1b[35m\x1b[1mConsolidate compiler generated dependencies of target base_interfaces_demo__rosidl_typesupport_cpp\x1b[0m\n'}
[0.087058] (base_interfaces_demo) StdoutLine: {'line': b'\x1b[35m\x1b[1mConsolidate compiler generated dependencies of target base_interfaces_demo__rosidl_typesupport_fastrtps_cpp\x1b[0m\n'}
[0.090295] (base_interfaces_demo) StdoutLine: {'line': b'\x1b[35m\x1b[1mConsolidate compiler generated dependencies of target base_interfaces_demo__rosidl_typesupport_introspection_cpp\x1b[0m\n'}
[0.094308] (base_interfaces_demo) StdoutLine: {'line': b'[ 15%] Built target ament_cmake_python_copy_base_interfaces_demo\n'}
[0.097801] (base_interfaces_demo) StdoutLine: {'line': b'[ 25%] Built target base_interfaces_demo__rosidl_typesupport_fastrtps_cpp\n'}
[0.098996] (-) TimerEvent: {}
[0.104083] (base_interfaces_demo) StdoutLine: {'line': b'[ 35%] Built target base_interfaces_demo__rosidl_typesupport_cpp\n'}
[0.107075] (base_interfaces_demo) StdoutLine: {'line': b'[ 45%] Built target base_interfaces_demo__rosidl_typesupport_introspection_cpp\n'}
[0.107281] (base_interfaces_demo) StdoutLine: {'line': b'\x1b[35m\x1b[1mConsolidate compiler generated dependencies of target base_interfaces_demo__rosidl_typesupport_introspection_c\x1b[0m\n'}
[0.113638] (base_interfaces_demo) StdoutLine: {'line': b'\x1b[35m\x1b[1mConsolidate compiler generated dependencies of target base_interfaces_demo__rosidl_typesupport_c\x1b[0m\n'}
[0.115541] (base_interfaces_demo) StdoutLine: {'line': b'[ 55%] Built target base_interfaces_demo__rosidl_typesupport_introspection_c\n'}
[0.118134] (base_interfaces_demo) StdoutLine: {'line': b'\x1b[35m\x1b[1mConsolidate compiler generated dependencies of target base_interfaces_demo__rosidl_typesupport_fastrtps_c\x1b[0m\n'}
[0.121355] (base_interfaces_demo) StdoutLine: {'line': b'[ 65%] Built target base_interfaces_demo__rosidl_typesupport_c\n'}
[0.131538] (base_interfaces_demo) StdoutLine: {'line': b'[ 75%] Built target base_interfaces_demo__rosidl_typesupport_fastrtps_c\n'}
[0.153552] (base_interfaces_demo) StdoutLine: {'line': b'[ 75%] Built target base_interfaces_demo\n'}
[0.172672] (base_interfaces_demo) StdoutLine: {'line': b'[ 77%] Built target base_interfaces_demo__py\n'}
[0.181009] (base_interfaces_demo) StdoutLine: {'line': b'\x1b[35m\x1b[1mConsolidate compiler generated dependencies of target base_interfaces_demo__rosidl_generator_py\x1b[0m\n'}
[0.191457] (base_interfaces_demo) StdoutLine: {'line': b'[ 85%] Built target base_interfaces_demo__rosidl_generator_py\n'}
[0.199107] (-) TimerEvent: {}
[0.204752] (base_interfaces_demo) StdoutLine: {'line': b'\x1b[35m\x1b[1mConsolidate compiler generated dependencies of target base_interfaces_demo__rosidl_typesupport_c__pyext\x1b[0m\n'}
[0.205708] (base_interfaces_demo) StdoutLine: {'line': b'\x1b[35m\x1b[1mConsolidate compiler generated dependencies of target base_interfaces_demo__rosidl_typesupport_introspection_c__pyext\x1b[0m\n'}
[0.205747] (base_interfaces_demo) StdoutLine: {'line': b'\x1b[35m\x1b[1mConsolidate compiler generated dependencies of target base_interfaces_demo__rosidl_typesupport_fastrtps_c__pyext\x1b[0m\n'}
[0.213520] (base_interfaces_demo) StdoutLine: {'line': b'[ 90%] Built target base_interfaces_demo__rosidl_typesupport_c__pyext\n'}
[0.218809] (base_interfaces_demo) StdoutLine: {'line': b'[ 95%] Built target base_interfaces_demo__rosidl_typesupport_fastrtps_c__pyext\n'}
[0.219910] (base_interfaces_demo) StdoutLine: {'line': b'[100%] Built target base_interfaces_demo__rosidl_typesupport_introspection_c__pyext\n'}
[0.226424] (base_interfaces_demo) StdoutLine: {'line': b'running egg_info\n'}
[0.226881] (base_interfaces_demo) StdoutLine: {'line': b'writing base_interfaces_demo.egg-info/PKG-INFO\n'}
[0.227295] (base_interfaces_demo) StdoutLine: {'line': b'writing dependency_links to base_interfaces_demo.egg-info/dependency_links.txt\n'}
[0.227722] (base_interfaces_demo) StdoutLine: {'line': b'writing top-level names to base_interfaces_demo.egg-info/top_level.txt\n'}
[0.229117] (base_interfaces_demo) StdoutLine: {'line': b"reading manifest file 'base_interfaces_demo.egg-info/SOURCES.txt'\n"}
[0.229178] (base_interfaces_demo) StdoutLine: {'line': b"writing manifest file 'base_interfaces_demo.egg-info/SOURCES.txt'\n"}
[0.249772] (base_interfaces_demo) StdoutLine: {'line': b'[100%] Built target ament_cmake_python_build_base_interfaces_demo_egg\n'}
[0.260107] (base_interfaces_demo) CommandEnded: {'returncode': 0}
[0.260585] (base_interfaces_demo) JobProgress: {'identifier': 'base_interfaces_demo', 'progress': 'install'}
[0.268429] (base_interfaces_demo) Command: {'cmd': ['/usr/bin/cmake', '--install', '/home/loser/ws01_plumbing/build/base_interfaces_demo'], 'cwd': '/home/loser/ws01_plumbing/build/base_interfaces_demo', 'env': OrderedDict([('GJS_DEBUG_TOPICS', 'JS ERROR;JS LOG'), ('PYTHON_BASIC_REPL', '1'), ('LESSOPEN', '| /usr/bin/lesspipe %s'), ('LANGUAGE', 'zh_CN:en'), ('USER', 'loser'), ('LC_TIME', 'zh_CN.UTF-8'), ('XDG_SESSION_TYPE', 'wayland'), ('SHLVL', '1'), ('LD_LIBRARY_PATH', '/home/loser/ws01_plumbing/install/base_interfaces_demo/lib:/opt/ros/humble/opt/rviz_ogre_vendor/lib:/opt/ros/humble/lib/x86_64-linux-gnu:/opt/ros/humble/lib'), ('HOME', '/home/loser'), ('CHROME_DESKTOP', 'code.desktop'), ('TERM_PROGRAM_VERSION', '1.121.0'), ('DESKTOP_SESSION', 'ubuntu'), ('GIO_LAUNCHED_DESKTOP_FILE', '/usr/share/applications/code.desktop'), ('ROS_PYTHON_VERSION', '3'), ('GNOME_SHELL_SESSION_MODE', 'ubuntu'), ('GTK_MODULES', 'gail:atk-bridge'), ('LC_MONETARY', 'zh_CN.UTF-8'), ('MANAGERPID', '1453'), ('SYSTEMD_EXEC_PID', '1615'), ('IM_CONFIG_CHECK_ENV', '1'), ('VSCODE_PYTHON_AUTOACTIVATE_GUARD', '1'), ('DBUS_SESSION_BUS_ADDRESS', 'unix:path=/run/user/1000/bus'), ('COLORTERM', 'truecolor'), ('GIO_LAUNCHED_DESKTOP_FILE_PID', '17729'), ('IM_CONFIG_PHASE', '1'), ('WAYLAND_DISPLAY', 'wayland-0'), ('COLCON_PREFIX_PATH', '/home/loser/ws01_plumbing/install'), ('ROS_DISTRO', 'humble'), ('GTK_IM_MODULE', 'fcitx'), ('LOGNAME', 'loser'), ('JOURNAL_STREAM', '8:20518'), ('_', '/usr/bin/colcon'), ('ROS_VERSION', '2'), ('XDG_SESSION_CLASS', 'user'), ('USERNAME', 'loser'), ('TERM', 'xterm-256color'), ('GNOME_DESKTOP_SESSION_ID', 'this-is-deprecated'), ('FC_FONTATIONS', '1'), ('ROS_LOCALHOST_ONLY', '0'), ('PATH', '/home/loser/.config/Code/User/globalStorage/github.copilot-chat/debugCommand:/home/loser/.config/Code/User/globalStorage/github.copilot-chat/copilotCli:/opt/ros/humble/bin:/usr/local/sbin:/usr/local/bin:/usr/sbin:/usr/bin:/sbin:/bin:/usr/games:/usr/local/games:/snap/bin:/snap/bin'), ('SESSION_MANAGER', 'local/loser-vm:@/tmp/.ICE-unix/1583,unix/loser-vm:/tmp/.ICE-unix/1583'), ('INVOCATION_ID', '3049aaef72ab45bda2c45e7e91538e54'), ('PAPERSIZE', 'a4'), ('XDG_MENU_PREFIX', 'gnome-'), ('LC_ADDRESS', 'zh_CN.UTF-8'), ('GNOME_SETUP_DISPLAY', ':1'), ('XDG_RUNTIME_DIR', '/run/user/1000'), ('GDK_BACKEND', 'wayland'), ('DISPLAY', ':0'), ('LANG', 'zh_CN.UTF-8'), ('XDG_CURRENT_DESKTOP', 'ubuntu:GNOME'), ('PYTHONSTARTUP', '/home/loser/.config/Code/User/workspaceStorage/8648397a620a1c47015fb5f0b3e3803b/ms-python.python/pythonrc.py'), ('LC_TELEPHONE', 'zh_CN.UTF-8'), ('XMODIFIERS', '@im=fcitx'), ('XDG_SESSION_DESKTOP', 'ubuntu'), ('XAUTHORITY', '/run/user/1000/.mutter-Xwaylandauth.3PQSP3'), ('LS_COLORS', 'rs=0:di=01;34:ln=01;36:mh=00:pi=40;33:so=01;35:do=01;35:bd=40;33;01:cd=40;33;01:or=40;31;01:mi=00:su=37;41:sg=30;43:ca=30;41:tw=30;42:ow=34;42:st=37;44:ex=01;32:*.tar=01;31:*.tgz=01;31:*.arc=01;31:*.arj=01;31:*.taz=01;31:*.lha=01;31:*.lz4=01;31:*.lzh=01;31:*.lzma=01;31:*.tlz=01;31:*.txz=01;31:*.tzo=01;31:*.t7z=01;31:*.zip=01;31:*.z=01;31:*.dz=01;31:*.gz=01;31:*.lrz=01;31:*.lz=01;31:*.lzo=01;31:*.xz=01;31:*.zst=01;31:*.tzst=01;31:*.bz2=01;31:*.bz=01;31:*.tbz=01;31:*.tbz2=01;31:*.tz=01;31:*.deb=01;31:*.rpm=01;31:*.jar=01;31:*.war=01;31:*.ear=01;31:*.sar=01;31:*.rar=01;31:*.alz=01;31:*.ace=01;31:*.zoo=01;31:*.cpio=01;31:*.7z=01;31:*.rz=01;31:*.cab=01;31:*.wim=01;31:*.swm=01;31:*.dwm=01;31:*.esd=01;31:*.jpg=01;35:*.jpeg=01;35:*.mjpg=01;35:*.mjpeg=01;35:*.gif=01;35:*.bmp=01;35:*.pbm=01;35:*.pgm=01;35:*.ppm=01;35:*.tga=01;35:*.xbm=01;35:*.xpm=01;35:*.tif=01;35:*.tiff=01;35:*.png=01;35:*.svg=01;35:*.svgz=01;35:*.mng=01;35:*.pcx=01;35:*.mov=01;35:*.mpg=01;35:*.mpeg=01;35:*.m2v=01;35:*.mkv=01;35:*.webm=01;35:*.webp=01;35:*.ogm=01;35:*.mp4=01;35:*.m4v=01;35:*.mp4v=01;35:*.vob=01;35:*.qt=01;35:*.nuv=01;35:*.wmv=01;35:*.asf=01;35:*.rm=01;35:*.rmvb=01;35:*.flc=01;35:*.avi=01;35:*.fli=01;35:*.flv=01;35:*.gl=01;35:*.dl=01;35:*.xcf=01;35:*.xwd=01;35:*.yuv=01;35:*.cgm=01;35:*.emf=01;35:*.ogv=01;35:*.ogx=01;35:*.aac=00;36:*.au=00;36:*.flac=00;36:*.m4a=00;36:*.mid=00;36:*.midi=00;36:*.mka=00;36:*.mp3=00;36:*.mpc=00;36:*.ogg=00;36:*.ra=00;36:*.wav=00;36:*.oga=00;36:*.opus=00;36:*.spx=00;36:*.xspf=00;36:'), ('TERM_PROGRAM', 'vscode'), ('SSH_AGENT_LAUNCHER', 'gnome-keyring'), ('SSH_AUTH_SOCK', '/run/user/1000/keyring/ssh'), ('AMENT_PREFIX_PATH', '/home/loser/ws01_plumbing/install/py01_topic:/home/loser/ws01_plumbing/install/cpp02_service:/home/loser/ws01_plumbing/install/cpp01_topic:/home/loser/ws01_plumbing/install/base_interfaces_demo:/opt/ros/humble'), ('SHELL', '/bin/bash'), ('LC_NAME', 'zh_CN.UTF-8'), ('QT_ACCESSIBILITY', '1'), ('GDMSESSION', 'ubuntu'), ('LESSCLOSE', '/usr/bin/lesspipe %s %s'), ('LC_MEASUREMENT', 'zh_CN.UTF-8'), ('GJS_DEBUG_OUTPUT', 'stderr'), ('LC_IDENTIFICATION', 'zh_CN.UTF-8'), ('QT_IM_MODULE', 'fcitx'), ('PWD', '/home/loser/ws01_plumbing/build/base_interfaces_demo'), ('XDG_CONFIG_DIRS', '/etc/xdg/xdg-ubuntu:/etc/xdg'), ('CLUTTER_IM_MODULE', 'xim'), ('XDG_DATA_DIRS', '/usr/share/ubuntu:/usr/local/share/:/usr/share/:/var/lib/snapd/desktop'), ('PYTHONPATH', '/home/loser/ws01_plumbing/install/py01_topic/lib/python3.10/site-packages:/home/loser/ws01_plumbing/install/base_interfaces_demo/local/lib/python3.10/dist-packages:/opt/ros/humble/lib/python3.10/site-packages:/opt/ros/humble/local/lib/python3.10/dist-packages'), ('LC_NUMERIC', 'zh_CN.UTF-8'), ('LC_PAPER', 'zh_CN.UTF-8'), ('COLCON', '1'), ('CMAKE_PREFIX_PATH', '/home/loser/ws01_plumbing/install/cpp02_service:/home/loser/ws01_plumbing/install/cpp01_topic:/home/loser/ws01_plumbing/install/base_interfaces_demo:/home/loser/ws01_plumbing/install/py01_topic:/opt/ros/humble')]), 'shell': False}
[0.274257] (base_interfaces_demo) StdoutLine: {'line': b'-- Install configuration: ""\n'}
[0.274377] (base_interfaces_demo) StdoutLine: {'line': b'-- Up-to-date: /home/loser/ws01_plumbing/install/base_interfaces_demo/share/ament_index/resource_index/rosidl_interfaces/base_interfaces_demo\n'}
[0.274425] (base_interfaces_demo) StdoutLine: {'line': b'-- Up-to-date: /home/loser/ws01_plumbing/install/base_interfaces_demo/include/base_interfaces_demo/base_interfaces_demo\n'}
[0.274466] (base_interfaces_demo) StdoutLine: {'line': b'-- Up-to-date: /home/loser/ws01_plumbing/install/base_interfaces_demo/include/base_interfaces_demo/base_interfaces_demo/msg\n'}
[0.274528] (base_interfaces_demo) StdoutLine: {'line': b'-- Up-to-date: /home/loser/ws01_plumbing/install/base_interfaces_demo/include/base_interfaces_demo/base_interfaces_demo/msg/detail\n'}
[0.274580] (base_interfaces_demo) StdoutLine: {'line': b'-- Up-to-date: /home/loser/ws01_plumbing/install/base_interfaces_demo/include/base_interfaces_demo/base_interfaces_demo/msg/detail/student__struct.h\n'}
[0.274620] (base_interfaces_demo) StdoutLine: {'line': b'-- Up-to-date: /home/loser/ws01_plumbing/install/base_interfaces_demo/include/base_interfaces_demo/base_interfaces_demo/msg/detail/student__functions.h\n'}
[0.275246] (base_interfaces_demo) StdoutLine: {'line': b'-- Up-to-date: /home/loser/ws01_plumbing/install/base_interfaces_demo/include/base_interfaces_demo/base_interfaces_demo/msg/detail/student__functions.c\n'}
[0.275303] (base_interfaces_demo) StdoutLine: {'line': b'-- Up-to-date: /home/loser/ws01_plumbing/install/base_interfaces_demo/include/base_interfaces_demo/base_interfaces_demo/msg/detail/student__type_support.h\n'}
[0.275327] (base_interfaces_demo) StdoutLine: {'line': b'-- Up-to-date: /home/loser/ws01_plumbing/install/base_interfaces_demo/include/base_interfaces_demo/base_interfaces_demo/msg/rosidl_generator_c__visibility_control.h\n'}
[0.275348] (base_interfaces_demo) StdoutLine: {'line': b'-- Up-to-date: /home/loser/ws01_plumbing/install/base_interfaces_demo/include/base_interfaces_demo/base_interfaces_demo/msg/student.h\n'}
[0.275375] (base_interfaces_demo) StdoutLine: {'line': b'-- Up-to-date: /home/loser/ws01_plumbing/install/base_interfaces_demo/include/base_interfaces_demo/base_interfaces_demo/srv\n'}
[0.275396] (base_interfaces_demo) StdoutLine: {'line': b'-- Up-to-date: /home/loser/ws01_plumbing/install/base_interfaces_demo/include/base_interfaces_demo/base_interfaces_demo/srv/detail\n'}
[0.275416] (base_interfaces_demo) StdoutLine: {'line': b'-- Up-to-date: /home/loser/ws01_plumbing/install/base_interfaces_demo/include/base_interfaces_demo/base_interfaces_demo/srv/detail/addints__functions.c\n'}
[0.275436] (base_interfaces_demo) StdoutLine: {'line': b'-- Up-to-date: /home/loser/ws01_plumbing/install/base_interfaces_demo/include/base_interfaces_demo/base_interfaces_demo/srv/detail/addints__type_support.h\n'}
[0.275456] (base_interfaces_demo) StdoutLine: {'line': b'-- Up-to-date: /home/loser/ws01_plumbing/install/base_interfaces_demo/include/base_interfaces_demo/base_interfaces_demo/srv/detail/addints__struct.h\n'}
[0.275475] (base_interfaces_demo) StdoutLine: {'line': b'-- Up-to-date: /home/loser/ws01_plumbing/install/base_interfaces_demo/include/base_interfaces_demo/base_interfaces_demo/srv/detail/addints__functions.h\n'}
[0.275492] (base_interfaces_demo) StdoutLine: {'line': b'-- Up-to-date: /home/loser/ws01_plumbing/install/base_interfaces_demo/include/base_interfaces_demo/base_interfaces_demo/srv/addints.h\n'}
[0.275510] (base_interfaces_demo) StdoutLine: {'line': b'-- Up-to-date: /home/loser/ws01_plumbing/install/base_interfaces_demo/share/base_interfaces_demo/environment/library_path.sh\n'}
[0.275527] (base_interfaces_demo) StdoutLine: {'line': b'-- Up-to-date: /home/loser/ws01_plumbing/install/base_interfaces_demo/share/base_interfaces_demo/environment/library_path.dsv\n'}
[0.275545] (base_interfaces_demo) StdoutLine: {'line': b'-- Up-to-date: /home/loser/ws01_plumbing/install/base_interfaces_demo/lib/libbase_interfaces_demo__rosidl_generator_c.so\n'}
[0.275564] (base_interfaces_demo) StdoutLine: {'line': b'-- Up-to-date: /home/loser/ws01_plumbing/install/base_interfaces_demo/include/base_interfaces_demo/base_interfaces_demo\n'}
[0.275581] (base_interfaces_demo) StdoutLine: {'line': b'-- Up-to-date: /home/loser/ws01_plumbing/install/base_interfaces_demo/include/base_interfaces_demo/base_interfaces_demo/msg\n'}
[0.275598] (base_interfaces_demo) StdoutLine: {'line': b'-- Up-to-date: /home/loser/ws01_plumbing/install/base_interfaces_demo/include/base_interfaces_demo/base_interfaces_demo/msg/detail\n'}
[0.275615] (base_interfaces_demo) StdoutLine: {'line': b'-- Up-to-date: /home/loser/ws01_plumbing/install/base_interfaces_demo/include/base_interfaces_demo/base_interfaces_demo/msg/detail/student__rosidl_typesupport_fastrtps_c.h\n'}
[0.275632] (base_interfaces_demo) StdoutLine: {'line': b'-- Up-to-date: /home/loser/ws01_plumbing/install/base_interfaces_demo/include/base_interfaces_demo/base_interfaces_demo/msg/rosidl_typesupport_fastrtps_c__visibility_control.h\n'}
[0.275649] (base_interfaces_demo) StdoutLine: {'line': b'-- Up-to-date: /home/loser/ws01_plumbing/install/base_interfaces_demo/include/base_interfaces_demo/base_interfaces_demo/srv\n'}
[0.275667] (base_interfaces_demo) StdoutLine: {'line': b'-- Up-to-date: /home/loser/ws01_plumbing/install/base_interfaces_demo/include/base_interfaces_demo/base_interfaces_demo/srv/detail\n'}
[0.276279] (base_interfaces_demo) StdoutLine: {'line': b'-- Up-to-date: /home/loser/ws01_plumbing/install/base_interfaces_demo/include/base_interfaces_demo/base_interfaces_demo/srv/detail/addints__rosidl_typesupport_fastrtps_c.h\n'}
[0.276389] (base_interfaces_demo) StdoutLine: {'line': b'-- Up-to-date: /home/loser/ws01_plumbing/install/base_interfaces_demo/lib/libbase_interfaces_demo__rosidl_typesupport_fastrtps_c.so\n'}
[0.276528] (base_interfaces_demo) StdoutLine: {'line': b'-- Up-to-date: /home/loser/ws01_plumbing/install/base_interfaces_demo/include/base_interfaces_demo/base_interfaces_demo\n'}
[0.276591] (base_interfaces_demo) StdoutLine: {'line': b'-- Up-to-date: /home/loser/ws01_plumbing/install/base_interfaces_demo/include/base_interfaces_demo/base_interfaces_demo/msg\n'}
[0.276613] (base_interfaces_demo) StdoutLine: {'line': b'-- Up-to-date: /home/loser/ws01_plumbing/install/base_interfaces_demo/include/base_interfaces_demo/base_interfaces_demo/msg/detail\n'}
[0.276633] (base_interfaces_demo) StdoutLine: {'line': b'-- Up-to-date: /home/loser/ws01_plumbing/install/base_interfaces_demo/include/base_interfaces_demo/base_interfaces_demo/msg/detail/student__type_support.c\n'}
[0.276840] (base_interfaces_demo) StdoutLine: {'line': b'-- Up-to-date: /home/loser/ws01_plumbing/install/base_interfaces_demo/include/base_interfaces_demo/base_interfaces_demo/msg/detail/student__rosidl_typesupport_introspection_c.h\n'}
[0.276974] (base_interfaces_demo) StdoutLine: {'line': b'-- Up-to-date: /home/loser/ws01_plumbing/install/base_interfaces_demo/include/base_interfaces_demo/base_interfaces_demo/msg/rosidl_typesupport_introspection_c__visibility_control.h\n'}
[0.276997] (base_interfaces_demo) StdoutLine: {'line': b'-- Up-to-date: /home/loser/ws01_plumbing/install/base_interfaces_demo/include/base_interfaces_demo/base_interfaces_demo/srv\n'}
[0.277017] (base_interfaces_demo) StdoutLine: {'line': b'-- Up-to-date: /home/loser/ws01_plumbing/install/base_interfaces_demo/include/base_interfaces_demo/base_interfaces_demo/srv/detail\n'}
[0.277036] (base_interfaces_demo) StdoutLine: {'line': b'-- Up-to-date: /home/loser/ws01_plumbing/install/base_interfaces_demo/include/base_interfaces_demo/base_interfaces_demo/srv/detail/addints__type_support.c\n'}
[0.277055] (base_interfaces_demo) StdoutLine: {'line': b'-- Up-to-date: /home/loser/ws01_plumbing/install/base_interfaces_demo/include/base_interfaces_demo/base_interfaces_demo/srv/detail/addints__rosidl_typesupport_introspection_c.h\n'}
[0.277299] (base_interfaces_demo) StdoutLine: {'line': b'-- Up-to-date: /home/loser/ws01_plumbing/install/base_interfaces_demo/lib/libbase_interfaces_demo__rosidl_typesupport_introspection_c.so\n'}
[0.277372] (base_interfaces_demo) StdoutLine: {'line': b'-- Up-to-date: /home/loser/ws01_plumbing/install/base_interfaces_demo/lib/libbase_interfaces_demo__rosidl_typesupport_c.so\n'}
[0.277393] (base_interfaces_demo) StdoutLine: {'line': b'-- Up-to-date: /home/loser/ws01_plumbing/install/base_interfaces_demo/include/base_interfaces_demo/base_interfaces_demo\n'}
[0.277411] (base_interfaces_demo) StdoutLine: {'line': b'-- Up-to-date: /home/loser/ws01_plumbing/install/base_interfaces_demo/include/base_interfaces_demo/base_interfaces_demo/msg\n'}
[0.277429] (base_interfaces_demo) StdoutLine: {'line': b'-- Up-to-date: /home/loser/ws01_plumbing/install/base_interfaces_demo/include/base_interfaces_demo/base_interfaces_demo/msg/detail\n'}
[0.277648] (base_interfaces_demo) StdoutLine: {'line': b'-- Up-to-date: /home/loser/ws01_plumbing/install/base_interfaces_demo/include/base_interfaces_demo/base_interfaces_demo/msg/detail/student__traits.hpp\n'}
[0.277674] (base_interfaces_demo) StdoutLine: {'line': b'-- Up-to-date: /home/loser/ws01_plumbing/install/base_interfaces_demo/include/base_interfaces_demo/base_interfaces_demo/msg/detail/student__builder.hpp\n'}
[0.278092] (base_interfaces_demo) StdoutLine: {'line': b'-- Up-to-date: /home/loser/ws01_plumbing/install/base_interfaces_demo/include/base_interfaces_demo/base_interfaces_demo/msg/detail/student__type_support.hpp\n'}
[0.278137] (base_interfaces_demo) StdoutLine: {'line': b'-- Up-to-date: /home/loser/ws01_plumbing/install/base_interfaces_demo/include/base_interfaces_demo/base_interfaces_demo/msg/detail/student__struct.hpp\n'}
[0.278165] (base_interfaces_demo) StdoutLine: {'line': b'-- Up-to-date: /home/loser/ws01_plumbing/install/base_interfaces_demo/include/base_interfaces_demo/base_interfaces_demo/msg/rosidl_generator_cpp__visibility_control.hpp\n'}
[0.278190] (base_interfaces_demo) StdoutLine: {'line': b'-- Up-to-date: /home/loser/ws01_plumbing/install/base_interfaces_demo/include/base_interfaces_demo/base_interfaces_demo/msg/student.hpp\n'}
[0.278562] (base_interfaces_demo) StdoutLine: {'line': b'-- Up-to-date: /home/loser/ws01_plumbing/install/base_interfaces_demo/include/base_interfaces_demo/base_interfaces_demo/srv\n'}
[0.278597] (base_interfaces_demo) StdoutLine: {'line': b'-- Up-to-date: /home/loser/ws01_plumbing/install/base_interfaces_demo/include/base_interfaces_demo/base_interfaces_demo/srv/detail\n'}
[0.278622] (base_interfaces_demo) StdoutLine: {'line': b'-- Up-to-date: /home/loser/ws01_plumbing/install/base_interfaces_demo/include/base_interfaces_demo/base_interfaces_demo/srv/detail/addints__builder.hpp\n'}
[0.278645] (base_interfaces_demo) StdoutLine: {'line': b'-- Up-to-date: /home/loser/ws01_plumbing/install/base_interfaces_demo/include/base_interfaces_demo/base_interfaces_demo/srv/detail/addints__traits.hpp\n'}
[0.278672] (base_interfaces_demo) StdoutLine: {'line': b'-- Up-to-date: /home/loser/ws01_plumbing/install/base_interfaces_demo/include/base_interfaces_demo/base_interfaces_demo/srv/detail/addints__type_support.hpp\n'}
[0.279023] (base_interfaces_demo) StdoutLine: {'line': b'-- Up-to-date: /home/loser/ws01_plumbing/install/base_interfaces_demo/include/base_interfaces_demo/base_interfaces_demo/srv/detail/addints__struct.hpp\n'}
[0.279136] (base_interfaces_demo) StdoutLine: {'line': b'-- Up-to-date: /home/loser/ws01_plumbing/install/base_interfaces_demo/include/base_interfaces_demo/base_interfaces_demo/srv/addints.hpp\n'}
[0.279219] (base_interfaces_demo) StdoutLine: {'line': b'-- Up-to-date: /home/loser/ws01_plumbing/install/base_interfaces_demo/include/base_interfaces_demo/base_interfaces_demo\n'}
[0.279255] (base_interfaces_demo) StdoutLine: {'line': b'-- Up-to-date: /home/loser/ws01_plumbing/install/base_interfaces_demo/include/base_interfaces_demo/base_interfaces_demo/msg\n'}
[0.279276] (base_interfaces_demo) StdoutLine: {'line': b'-- Up-to-date: /home/loser/ws01_plumbing/install/base_interfaces_demo/include/base_interfaces_demo/base_interfaces_demo/msg/detail\n'}
[0.279296] (base_interfaces_demo) StdoutLine: {'line': b'-- Up-to-date: /home/loser/ws01_plumbing/install/base_interfaces_demo/include/base_interfaces_demo/base_interfaces_demo/msg/detail/student__rosidl_typesupport_fastrtps_cpp.hpp\n'}
[0.279315] (base_interfaces_demo) StdoutLine: {'line': b'-- Up-to-date: /home/loser/ws01_plumbing/install/base_interfaces_demo/include/base_interfaces_demo/base_interfaces_demo/msg/detail/dds_fastrtps\n'}
[0.279334] (base_interfaces_demo) StdoutLine: {'line': b'-- Up-to-date: /home/loser/ws01_plumbing/install/base_interfaces_demo/include/base_interfaces_demo/base_interfaces_demo/msg/rosidl_typesupport_fastrtps_cpp__visibility_control.h\n'}
[0.279352] (base_interfaces_demo) StdoutLine: {'line': b'-- Up-to-date: /home/loser/ws01_plumbing/install/base_interfaces_demo/include/base_interfaces_demo/base_interfaces_demo/srv\n'}
[0.279370] (base_interfaces_demo) StdoutLine: {'line': b'-- Up-to-date: /home/loser/ws01_plumbing/install/base_interfaces_demo/include/base_interfaces_demo/base_interfaces_demo/srv/detail\n'}
[0.279388] (base_interfaces_demo) StdoutLine: {'line': b'-- Up-to-date: /home/loser/ws01_plumbing/install/base_interfaces_demo/include/base_interfaces_demo/base_interfaces_demo/srv/detail/dds_fastrtps\n'}
[0.279405] (base_interfaces_demo) StdoutLine: {'line': b'-- Up-to-date: /home/loser/ws01_plumbing/install/base_interfaces_demo/include/base_interfaces_demo/base_interfaces_demo/srv/detail/addints__rosidl_typesupport_fastrtps_cpp.hpp\n'}
[0.279455] (base_interfaces_demo) StdoutLine: {'line': b'-- Up-to-date: /home/loser/ws01_plumbing/install/base_interfaces_demo/lib/libbase_interfaces_demo__rosidl_typesupport_fastrtps_cpp.so\n'}
[0.279479] (base_interfaces_demo) StdoutLine: {'line': b'-- Up-to-date: /home/loser/ws01_plumbing/install/base_interfaces_demo/include/base_interfaces_demo/base_interfaces_demo\n'}
[0.279499] (base_interfaces_demo) StdoutLine: {'line': b'-- Up-to-date: /home/loser/ws01_plumbing/install/base_interfaces_demo/include/base_interfaces_demo/base_interfaces_demo/msg\n'}
[0.279518] (base_interfaces_demo) StdoutLine: {'line': b'-- Up-to-date: /home/loser/ws01_plumbing/install/base_interfaces_demo/include/base_interfaces_demo/base_interfaces_demo/msg/detail\n'}
[0.279538] (base_interfaces_demo) StdoutLine: {'line': b'-- Up-to-date: /home/loser/ws01_plumbing/install/base_interfaces_demo/include/base_interfaces_demo/base_interfaces_demo/msg/detail/student__type_support.cpp\n'}
[0.279556] (base_interfaces_demo) StdoutLine: {'line': b'-- Up-to-date: /home/loser/ws01_plumbing/install/base_interfaces_demo/include/base_interfaces_demo/base_interfaces_demo/msg/detail/student__rosidl_typesupport_introspection_cpp.hpp\n'}
[0.279574] (base_interfaces_demo) StdoutLine: {'line': b'-- Up-to-date: /home/loser/ws01_plumbing/install/base_interfaces_demo/include/base_interfaces_demo/base_interfaces_demo/srv\n'}
[0.279594] (base_interfaces_demo) StdoutLine: {'line': b'-- Up-to-date: /home/loser/ws01_plumbing/install/base_interfaces_demo/include/base_interfaces_demo/base_interfaces_demo/srv/detail\n'}
[0.279612] (base_interfaces_demo) StdoutLine: {'line': b'-- Up-to-date: /home/loser/ws01_plumbing/install/base_interfaces_demo/include/base_interfaces_demo/base_interfaces_demo/srv/detail/addints__rosidl_typesupport_introspection_cpp.hpp\n'}
[0.279629] (base_interfaces_demo) StdoutLine: {'line': b'-- Up-to-date: /home/loser/ws01_plumbing/install/base_interfaces_demo/include/base_interfaces_demo/base_interfaces_demo/srv/detail/addints__type_support.cpp\n'}
[0.279647] (base_interfaces_demo) StdoutLine: {'line': b'-- Up-to-date: /home/loser/ws01_plumbing/install/base_interfaces_demo/lib/libbase_interfaces_demo__rosidl_typesupport_introspection_cpp.so\n'}
[0.279665] (base_interfaces_demo) StdoutLine: {'line': b'-- Up-to-date: /home/loser/ws01_plumbing/install/base_interfaces_demo/lib/libbase_interfaces_demo__rosidl_typesupport_cpp.so\n'}
[0.279682] (base_interfaces_demo) StdoutLine: {'line': b'-- Up-to-date: /home/loser/ws01_plumbing/install/base_interfaces_demo/share/base_interfaces_demo/environment/pythonpath.sh\n'}
[0.279699] (base_interfaces_demo) StdoutLine: {'line': b'-- Up-to-date: /home/loser/ws01_plumbing/install/base_interfaces_demo/share/base_interfaces_demo/environment/pythonpath.dsv\n'}
[0.279716] (base_interfaces_demo) StdoutLine: {'line': b'-- Up-to-date: /home/loser/ws01_plumbing/install/base_interfaces_demo/local/lib/python3.10/dist-packages/base_interfaces_demo-0.0.0-py3.10.egg-info\n'}
[0.279734] (base_interfaces_demo) StdoutLine: {'line': b'-- Installing: /home/loser/ws01_plumbing/install/base_interfaces_demo/local/lib/python3.10/dist-packages/base_interfaces_demo-0.0.0-py3.10.egg-info/top_level.txt\n'}
[0.279752] (base_interfaces_demo) StdoutLine: {'line': b'-- Installing: /home/loser/ws01_plumbing/install/base_interfaces_demo/local/lib/python3.10/dist-packages/base_interfaces_demo-0.0.0-py3.10.egg-info/PKG-INFO\n'}
[0.279785] (base_interfaces_demo) StdoutLine: {'line': b'-- Installing: /home/loser/ws01_plumbing/install/base_interfaces_demo/local/lib/python3.10/dist-packages/base_interfaces_demo-0.0.0-py3.10.egg-info/SOURCES.txt\n'}
[0.279805] (base_interfaces_demo) StdoutLine: {'line': b'-- Installing: /home/loser/ws01_plumbing/install/base_interfaces_demo/local/lib/python3.10/dist-packages/base_interfaces_demo-0.0.0-py3.10.egg-info/dependency_links.txt\n'}
[0.279823] (base_interfaces_demo) StdoutLine: {'line': b'-- Up-to-date: /home/loser/ws01_plumbing/install/base_interfaces_demo/local/lib/python3.10/dist-packages/base_interfaces_demo\n'}
[0.279841] (base_interfaces_demo) StdoutLine: {'line': b'-- Up-to-date: /home/loser/ws01_plumbing/install/base_interfaces_demo/local/lib/python3.10/dist-packages/base_interfaces_demo/libbase_interfaces_demo__rosidl_generator_py.so\n'}
[0.279859] (base_interfaces_demo) StdoutLine: {'line': b'-- Up-to-date: /home/loser/ws01_plumbing/install/base_interfaces_demo/local/lib/python3.10/dist-packages/base_interfaces_demo/__init__.py\n'}
[0.279876] (base_interfaces_demo) StdoutLine: {'line': b'-- Up-to-date: /home/loser/ws01_plumbing/install/base_interfaces_demo/local/lib/python3.10/dist-packages/base_interfaces_demo/_base_interfaces_demo_s.ep.rosidl_typesupport_fastrtps_c.c\n'}
[0.279894] (base_interfaces_demo) StdoutLine: {'line': b'-- Up-to-date: /home/loser/ws01_plumbing/install/base_interfaces_demo/local/lib/python3.10/dist-packages/base_interfaces_demo/msg\n'}
[0.279911] (base_interfaces_demo) StdoutLine: {'line': b'-- Up-to-date: /home/loser/ws01_plumbing/install/base_interfaces_demo/local/lib/python3.10/dist-packages/base_interfaces_demo/msg/_student_s.c\n'}
[0.279929] (base_interfaces_demo) StdoutLine: {'line': b'-- Up-to-date: /home/loser/ws01_plumbing/install/base_interfaces_demo/local/lib/python3.10/dist-packages/base_interfaces_demo/msg/_student.py\n'}
[0.279947] (base_interfaces_demo) StdoutLine: {'line': b'-- Up-to-date: /home/loser/ws01_plumbing/install/base_interfaces_demo/local/lib/python3.10/dist-packages/base_interfaces_demo/msg/__init__.py\n'}
[0.279967] (base_interfaces_demo) StdoutLine: {'line': b'-- Up-to-date: /home/loser/ws01_plumbing/install/base_interfaces_demo/local/lib/python3.10/dist-packages/base_interfaces_demo/_base_interfaces_demo_s.ep.rosidl_typesupport_c.c\n'}
[0.279988] (base_interfaces_demo) StdoutLine: {'line': b'-- Up-to-date: /home/loser/ws01_plumbing/install/base_interfaces_demo/local/lib/python3.10/dist-packages/base_interfaces_demo/base_interfaces_demo_s__rosidl_typesupport_c.cpython-310-x86_64-linux-gnu.so\n'}
[0.280007] (base_interfaces_demo) StdoutLine: {'line': b'-- Up-to-date: /home/loser/ws01_plumbing/install/base_interfaces_demo/local/lib/python3.10/dist-packages/base_interfaces_demo/base_interfaces_demo_s__rosidl_typesupport_fastrtps_c.cpython-310-x86_64-linux-gnu.so\n'}
[0.280026] (base_interfaces_demo) StdoutLine: {'line': b'-- Up-to-date: /home/loser/ws01_plumbing/install/base_interfaces_demo/local/lib/python3.10/dist-packages/base_interfaces_demo/_base_interfaces_demo_s.ep.rosidl_typesupport_introspection_c.c\n'}
[0.280046] (base_interfaces_demo) StdoutLine: {'line': b'-- Up-to-date: /home/loser/ws01_plumbing/install/base_interfaces_demo/local/lib/python3.10/dist-packages/base_interfaces_demo/base_interfaces_demo_s__rosidl_typesupport_introspection_c.cpython-310-x86_64-linux-gnu.so\n'}
[0.280063] (base_interfaces_demo) StdoutLine: {'line': b'-- Up-to-date: /home/loser/ws01_plumbing/install/base_interfaces_demo/local/lib/python3.10/dist-packages/base_interfaces_demo/srv\n'}
[0.280081] (base_interfaces_demo) StdoutLine: {'line': b'-- Up-to-date: /home/loser/ws01_plumbing/install/base_interfaces_demo/local/lib/python3.10/dist-packages/base_interfaces_demo/srv/_addints_s.c\n'}
[0.280098] (base_interfaces_demo) StdoutLine: {'line': b'-- Up-to-date: /home/loser/ws01_plumbing/install/base_interfaces_demo/local/lib/python3.10/dist-packages/base_interfaces_demo/srv/__init__.py\n'}
[0.280115] (base_interfaces_demo) StdoutLine: {'line': b'-- Up-to-date: /home/loser/ws01_plumbing/install/base_interfaces_demo/local/lib/python3.10/dist-packages/base_interfaces_demo/srv/_addints.py\n'}
[0.297843] (base_interfaces_demo) StdoutLine: {'line': b"Listing '/home/loser/ws01_plumbing/install/base_interfaces_demo/local/lib/python3.10/dist-packages/base_interfaces_demo'...\n"}
[0.297973] (base_interfaces_demo) StdoutLine: {'line': b"Listing '/home/loser/ws01_plumbing/install/base_interfaces_demo/local/lib/python3.10/dist-packages/base_interfaces_demo/msg'...\n"}
[0.298002] (base_interfaces_demo) StdoutLine: {'line': b"Listing '/home/loser/ws01_plumbing/install/base_interfaces_demo/local/lib/python3.10/dist-packages/base_interfaces_demo/srv'...\n"}
[0.299223] (-) TimerEvent: {}
[0.300832] (base_interfaces_demo) StdoutLine: {'line': b'-- Up-to-date: /home/loser/ws01_plumbing/install/base_interfaces_demo/local/lib/python3.10/dist-packages/base_interfaces_demo/base_interfaces_demo_s__rosidl_typesupport_fastrtps_c.cpython-310-x86_64-linux-gnu.so\n'}
[0.301243] (base_interfaces_demo) StdoutLine: {'line': b'-- Up-to-date: /home/loser/ws01_plumbing/install/base_interfaces_demo/local/lib/python3.10/dist-packages/base_interfaces_demo/base_interfaces_demo_s__rosidl_typesupport_introspection_c.cpython-310-x86_64-linux-gnu.so\n'}
[0.301550] (base_interfaces_demo) StdoutLine: {'line': b'-- Up-to-date: /home/loser/ws01_plumbing/install/base_interfaces_demo/local/lib/python3.10/dist-packages/base_interfaces_demo/base_interfaces_demo_s__rosidl_typesupport_c.cpython-310-x86_64-linux-gnu.so\n'}
[0.301943] (base_interfaces_demo) StdoutLine: {'line': b'-- Up-to-date: /home/loser/ws01_plumbing/install/base_interfaces_demo/lib/libbase_interfaces_demo__rosidl_generator_py.so\n'}
[0.302312] (base_interfaces_demo) StdoutLine: {'line': b'-- Up-to-date: /home/loser/ws01_plumbing/install/base_interfaces_demo/share/ament_index/resource_index/rust_packages/base_interfaces_demo\n'}
[0.302480] (base_interfaces_demo) StdoutLine: {'line': b'-- Up-to-date: /home/loser/ws01_plumbing/install/base_interfaces_demo/share/base_interfaces_demo/rust\n'}
[0.302669] (base_interfaces_demo) StdoutLine: {'line': b'-- Up-to-date: /home/loser/ws01_plumbing/install/base_interfaces_demo/share/base_interfaces_demo/rust/build.rs\n'}
[0.302807] (base_interfaces_demo) StdoutLine: {'line': b'-- Up-to-date: /home/loser/ws01_plumbing/install/base_interfaces_demo/share/base_interfaces_demo/rust/src\n'}
[0.302929] (base_interfaces_demo) StdoutLine: {'line': b'-- Up-to-date: /home/loser/ws01_plumbing/install/base_interfaces_demo/share/base_interfaces_demo/rust/src/lib.rs\n'}
[0.303023] (base_interfaces_demo) StdoutLine: {'line': b'-- Up-to-date: /home/loser/ws01_plumbing/install/base_interfaces_demo/share/base_interfaces_demo/rust/src/msg.rs\n'}
[0.303116] (base_interfaces_demo) StdoutLine: {'line': b'-- Up-to-date: /home/loser/ws01_plumbing/install/base_interfaces_demo/share/base_interfaces_demo/rust/src/msg\n'}
[0.303219] (base_interfaces_demo) StdoutLine: {'line': b'-- Up-to-date: /home/loser/ws01_plumbing/install/base_interfaces_demo/share/base_interfaces_demo/rust/src/msg/rmw.rs\n'}
[0.303299] (base_interfaces_demo) StdoutLine: {'line': b'-- Up-to-date: /home/loser/ws01_plumbing/install/base_interfaces_demo/share/base_interfaces_demo/rust/src/srv.rs\n'}
[0.303426] (base_interfaces_demo) StdoutLine: {'line': b'-- Up-to-date: /home/loser/ws01_plumbing/install/base_interfaces_demo/share/base_interfaces_demo/rust/src/srv\n'}
[0.303508] (base_interfaces_demo) StdoutLine: {'line': b'-- Up-to-date: /home/loser/ws01_plumbing/install/base_interfaces_demo/share/base_interfaces_demo/rust/src/srv/rmw.rs\n'}
[0.303580] (base_interfaces_demo) StdoutLine: {'line': b'-- Up-to-date: /home/loser/ws01_plumbing/install/base_interfaces_demo/share/base_interfaces_demo/rust/Cargo.toml\n'}
[0.303757] (base_interfaces_demo) StdoutLine: {'line': b'-- Up-to-date: /home/loser/ws01_plumbing/install/base_interfaces_demo/share/base_interfaces_demo/msg/Student.idl\n'}
[0.303962] (base_interfaces_demo) StdoutLine: {'line': b'-- Up-to-date: /home/loser/ws01_plumbing/install/base_interfaces_demo/share/base_interfaces_demo/srv/Addints.idl\n'}
[0.304111] (base_interfaces_demo) StdoutLine: {'line': b'-- Up-to-date: /home/loser/ws01_plumbing/install/base_interfaces_demo/share/base_interfaces_demo/msg/Student.msg\n'}
[0.304269] (base_interfaces_demo) StdoutLine: {'line': b'-- Up-to-date: /home/loser/ws01_plumbing/install/base_interfaces_demo/share/base_interfaces_demo/srv/Addints.srv\n'}
[0.304341] (base_interfaces_demo) StdoutLine: {'line': b'-- Up-to-date: /home/loser/ws01_plumbing/install/base_interfaces_demo/share/base_interfaces_demo/srv/Addints_Request.msg\n'}
[0.304483] (base_interfaces_demo) StdoutLine: {'line': b'-- Up-to-date: /home/loser/ws01_plumbing/install/base_interfaces_demo/share/base_interfaces_demo/srv/Addints_Response.msg\n'}
[0.304562] (base_interfaces_demo) StdoutLine: {'line': b'-- Up-to-date: /home/loser/ws01_plumbing/install/base_interfaces_demo/share/ament_index/resource_index/package_run_dependencies/base_interfaces_demo\n'}
[0.304716] (base_interfaces_demo) StdoutLine: {'line': b'-- Up-to-date: /home/loser/ws01_plumbing/install/base_interfaces_demo/share/ament_index/resource_index/parent_prefix_path/base_interfaces_demo\n'}
[0.304788] (base_interfaces_demo) StdoutLine: {'line': b'-- Up-to-date: /home/loser/ws01_plumbing/install/base_interfaces_demo/share/base_interfaces_demo/environment/ament_prefix_path.sh\n'}
[0.304863] (base_interfaces_demo) StdoutLine: {'line': b'-- Up-to-date: /home/loser/ws01_plumbing/install/base_interfaces_demo/share/base_interfaces_demo/environment/ament_prefix_path.dsv\n'}
[0.304941] (base_interfaces_demo) StdoutLine: {'line': b'-- Up-to-date: /home/loser/ws01_plumbing/install/base_interfaces_demo/share/base_interfaces_demo/environment/path.sh\n'}
[0.305031] (base_interfaces_demo) StdoutLine: {'line': b'-- Up-to-date: /home/loser/ws01_plumbing/install/base_interfaces_demo/share/base_interfaces_demo/environment/path.dsv\n'}
[0.305069] (base_interfaces_demo) StdoutLine: {'line': b'-- Up-to-date: /home/loser/ws01_plumbing/install/base_interfaces_demo/share/base_interfaces_demo/local_setup.bash\n'}
[0.305089] (base_interfaces_demo) StdoutLine: {'line': b'-- Up-to-date: /home/loser/ws01_plumbing/install/base_interfaces_demo/share/base_interfaces_demo/local_setup.sh\n'}
[0.305110] (base_interfaces_demo) StdoutLine: {'line': b'-- Up-to-date: /home/loser/ws01_plumbing/install/base_interfaces_demo/share/base_interfaces_demo/local_setup.zsh\n'}
[0.305129] (base_interfaces_demo) StdoutLine: {'line': b'-- Up-to-date: /home/loser/ws01_plumbing/install/base_interfaces_demo/share/base_interfaces_demo/local_setup.dsv\n'}
[0.305149] (base_interfaces_demo) StdoutLine: {'line': b'-- Installing: /home/loser/ws01_plumbing/install/base_interfaces_demo/share/base_interfaces_demo/package.dsv\n'}
[0.305362] (base_interfaces_demo) StdoutLine: {'line': b'-- Up-to-date: /home/loser/ws01_plumbing/install/base_interfaces_demo/share/ament_index/resource_index/packages/base_interfaces_demo\n'}
[0.305384] (base_interfaces_demo) StdoutLine: {'line': b'-- Up-to-date: /home/loser/ws01_plumbing/install/base_interfaces_demo/share/base_interfaces_demo/cmake/export_base_interfaces_demo__rosidl_generator_cExport.cmake\n'}
[0.305427] (base_interfaces_demo) StdoutLine: {'line': b'-- Up-to-date: /home/loser/ws01_plumbing/install/base_interfaces_demo/share/base_interfaces_demo/cmake/export_base_interfaces_demo__rosidl_generator_cExport-noconfig.cmake\n'}
[0.305452] (base_interfaces_demo) StdoutLine: {'line': b'-- Up-to-date: /home/loser/ws01_plumbing/install/base_interfaces_demo/share/base_interfaces_demo/cmake/export_base_interfaces_demo__rosidl_typesupport_fastrtps_cExport.cmake\n'}
[0.305472] (base_interfaces_demo) StdoutLine: {'line': b'-- Up-to-date: /home/loser/ws01_plumbing/install/base_interfaces_demo/share/base_interfaces_demo/cmake/export_base_interfaces_demo__rosidl_typesupport_fastrtps_cExport-noconfig.cmake\n'}
[0.305700] (base_interfaces_demo) StdoutLine: {'line': b'-- Up-to-date: /home/loser/ws01_plumbing/install/base_interfaces_demo/share/base_interfaces_demo/cmake/base_interfaces_demo__rosidl_typesupport_introspection_cExport.cmake\n'}
[0.305982] (base_interfaces_demo) StdoutLine: {'line': b'-- Up-to-date: /home/loser/ws01_plumbing/install/base_interfaces_demo/share/base_interfaces_demo/cmake/base_interfaces_demo__rosidl_typesupport_introspection_cExport-noconfig.cmake\n'}
[0.306075] (base_interfaces_demo) StdoutLine: {'line': b'-- Up-to-date: /home/loser/ws01_plumbing/install/base_interfaces_demo/share/base_interfaces_demo/cmake/base_interfaces_demo__rosidl_typesupport_cExport.cmake\n'}
[0.306104] (base_interfaces_demo) StdoutLine: {'line': b'-- Up-to-date: /home/loser/ws01_plumbing/install/base_interfaces_demo/share/base_interfaces_demo/cmake/base_interfaces_demo__rosidl_typesupport_cExport-noconfig.cmake\n'}
[0.306194] (base_interfaces_demo) StdoutLine: {'line': b'-- Up-to-date: /home/loser/ws01_plumbing/install/base_interfaces_demo/share/base_interfaces_demo/cmake/export_base_interfaces_demo__rosidl_generator_cppExport.cmake\n'}
[0.306215] (base_interfaces_demo) StdoutLine: {'line': b'-- Up-to-date: /home/loser/ws01_plumbing/install/base_interfaces_demo/share/base_interfaces_demo/cmake/export_base_interfaces_demo__rosidl_typesupport_fastrtps_cppExport.cmake\n'}
[0.306233] (base_interfaces_demo) StdoutLine: {'line': b'-- Up-to-date: /home/loser/ws01_plumbing/install/base_interfaces_demo/share/base_interfaces_demo/cmake/export_base_interfaces_demo__rosidl_typesupport_fastrtps_cppExport-noconfig.cmake\n'}
[0.306252] (base_interfaces_demo) StdoutLine: {'line': b'-- Up-to-date: /home/loser/ws01_plumbing/install/base_interfaces_demo/share/base_interfaces_demo/cmake/base_interfaces_demo__rosidl_typesupport_introspection_cppExport.cmake\n'}
[0.306429] (base_interfaces_demo) StdoutLine: {'line': b'-- Up-to-date: /home/loser/ws01_plumbing/install/base_interfaces_demo/share/base_interfaces_demo/cmake/base_interfaces_demo__rosidl_typesupport_introspection_cppExport-noconfig.cmake\n'}
[0.306498] (base_interfaces_demo) StdoutLine: {'line': b'-- Up-to-date: /home/loser/ws01_plumbing/install/base_interfaces_demo/share/base_interfaces_demo/cmake/base_interfaces_demo__rosidl_typesupport_cppExport.cmake\n'}
[0.306526] (base_interfaces_demo) StdoutLine: {'line': b'-- Up-to-date: /home/loser/ws01_plumbing/install/base_interfaces_demo/share/base_interfaces_demo/cmake/base_interfaces_demo__rosidl_typesupport_cppExport-noconfig.cmake\n'}
[0.306545] (base_interfaces_demo) StdoutLine: {'line': b'-- Up-to-date: /home/loser/ws01_plumbing/install/base_interfaces_demo/share/base_interfaces_demo/cmake/export_base_interfaces_demo__rosidl_generator_pyExport.cmake\n'}
[0.306563] (base_interfaces_demo) StdoutLine: {'line': b'-- Up-to-date: /home/loser/ws01_plumbing/install/base_interfaces_demo/share/base_interfaces_demo/cmake/export_base_interfaces_demo__rosidl_generator_pyExport-noconfig.cmake\n'}
[0.306581] (base_interfaces_demo) StdoutLine: {'line': b'-- Up-to-date: /home/loser/ws01_plumbing/install/base_interfaces_demo/share/base_interfaces_demo/cmake/rosidl_cmake-extras.cmake\n'}
[0.306599] (base_interfaces_demo) StdoutLine: {'line': b'-- Up-to-date: /home/loser/ws01_plumbing/install/base_interfaces_demo/share/base_interfaces_demo/cmake/ament_cmake_export_include_directories-extras.cmake\n'}
[0.306616] (base_interfaces_demo) StdoutLine: {'line': b'-- Up-to-date: /home/loser/ws01_plumbing/install/base_interfaces_demo/share/base_interfaces_demo/cmake/ament_cmake_export_libraries-extras.cmake\n'}
[0.306634] (base_interfaces_demo) StdoutLine: {'line': b'-- Up-to-date: /home/loser/ws01_plumbing/install/base_interfaces_demo/share/base_interfaces_demo/cmake/ament_cmake_export_targets-extras.cmake\n'}
[0.306651] (base_interfaces_demo) StdoutLine: {'line': b'-- Up-to-date: /home/loser/ws01_plumbing/install/base_interfaces_demo/share/base_interfaces_demo/cmake/rosidl_cmake_export_typesupport_targets-extras.cmake\n'}
[0.306669] (base_interfaces_demo) StdoutLine: {'line': b'-- Up-to-date: /home/loser/ws01_plumbing/install/base_interfaces_demo/share/base_interfaces_demo/cmake/ament_cmake_export_dependencies-extras.cmake\n'}
[0.306686] (base_interfaces_demo) StdoutLine: {'line': b'-- Up-to-date: /home/loser/ws01_plumbing/install/base_interfaces_demo/share/base_interfaces_demo/cmake/rosidl_cmake_export_typesupport_libraries-extras.cmake\n'}
[0.306703] (base_interfaces_demo) StdoutLine: {'line': b'-- Up-to-date: /home/loser/ws01_plumbing/install/base_interfaces_demo/share/base_interfaces_demo/cmake/base_interfaces_demoConfig.cmake\n'}
[0.306723] (base_interfaces_demo) StdoutLine: {'line': b'-- Up-to-date: /home/loser/ws01_plumbing/install/base_interfaces_demo/share/base_interfaces_demo/cmake/base_interfaces_demoConfig-version.cmake\n'}
[0.306740] (base_interfaces_demo) StdoutLine: {'line': b'-- Up-to-date: /home/loser/ws01_plumbing/install/base_interfaces_demo/share/base_interfaces_demo/package.xml\n'}
[0.308329] (base_interfaces_demo) CommandEnded: {'returncode': 0}
[0.323302] (base_interfaces_demo) JobEnded: {'identifier': 'base_interfaces_demo', 'rc': 0}
[0.324175] (cpp01_topic) JobStarted: {'identifier': 'cpp01_topic'}
[0.327031] (cpp02_service) JobStarted: {'identifier': 'cpp02_service'}
[0.332925] (py01_topic) JobStarted: {'identifier': 'py01_topic'}
[0.338771] (py02_service) JobStarted: {'identifier': 'py02_service'}
[0.346061] (cpp01_topic) JobProgress: {'identifier': 'cpp01_topic', 'progress': 'cmake'}
[0.346168] (cpp01_topic) JobProgress: {'identifier': 'cpp01_topic', 'progress': 'build'}
[0.346266] (cpp01_topic) Command: {'cmd': ['/usr/bin/cmake', '--build', '/home/loser/ws01_plumbing/build/cpp01_topic', '--', '-j4', '-l4'], 'cwd': '/home/loser/ws01_plumbing/build/cpp01_topic', 'env': OrderedDict([('GJS_DEBUG_TOPICS', 'JS ERROR;JS LOG'), ('PYTHON_BASIC_REPL', '1'), ('LESSOPEN', '| /usr/bin/lesspipe %s'), ('LANGUAGE', 'zh_CN:en'), ('USER', 'loser'), ('LC_TIME', 'zh_CN.UTF-8'), ('XDG_SESSION_TYPE', 'wayland'), ('SHLVL', '1'), ('LD_LIBRARY_PATH', '/home/loser/ws01_plumbing/install/base_interfaces_demo/lib:/opt/ros/humble/opt/rviz_ogre_vendor/lib:/opt/ros/humble/lib/x86_64-linux-gnu:/opt/ros/humble/lib'), ('HOME', '/home/loser'), ('CHROME_DESKTOP', 'code.desktop'), ('TERM_PROGRAM_VERSION', '1.121.0'), ('DESKTOP_SESSION', 'ubuntu'), ('GIO_LAUNCHED_DESKTOP_FILE', '/usr/share/applications/code.desktop'), ('ROS_PYTHON_VERSION', '3'), ('GNOME_SHELL_SESSION_MODE', 'ubuntu'), ('GTK_MODULES', 'gail:atk-bridge'), ('LC_MONETARY', 'zh_CN.UTF-8'), ('MANAGERPID', '1453'), ('SYSTEMD_EXEC_PID', '1615'), ('IM_CONFIG_CHECK_ENV', '1'), ('VSCODE_PYTHON_AUTOACTIVATE_GUARD', '1'), ('DBUS_SESSION_BUS_ADDRESS', 'unix:path=/run/user/1000/bus'), ('COLORTERM', 'truecolor'), ('GIO_LAUNCHED_DESKTOP_FILE_PID', '17729'), ('IM_CONFIG_PHASE', '1'), ('WAYLAND_DISPLAY', 'wayland-0'), ('COLCON_PREFIX_PATH', '/home/loser/ws01_plumbing/install'), ('ROS_DISTRO', 'humble'), ('GTK_IM_MODULE', 'fcitx'), ('LOGNAME', 'loser'), ('JOURNAL_STREAM', '8:20518'), ('_', '/usr/bin/colcon'), ('ROS_VERSION', '2'), ('XDG_SESSION_CLASS', 'user'), ('USERNAME', 'loser'), ('TERM', 'xterm-256color'), ('GNOME_DESKTOP_SESSION_ID', 'this-is-deprecated'), ('FC_FONTATIONS', '1'), ('ROS_LOCALHOST_ONLY', '0'), ('PATH', '/home/loser/.config/Code/User/globalStorage/github.copilot-chat/debugCommand:/home/loser/.config/Code/User/globalStorage/github.copilot-chat/copilotCli:/opt/ros/humble/bin:/usr/local/sbin:/usr/local/bin:/usr/sbin:/usr/bin:/sbin:/bin:/usr/games:/usr/local/games:/snap/bin:/snap/bin'), ('SESSION_MANAGER', 'local/loser-vm:@/tmp/.ICE-unix/1583,unix/loser-vm:/tmp/.ICE-unix/1583'), ('INVOCATION_ID', '3049aaef72ab45bda2c45e7e91538e54'), ('PAPERSIZE', 'a4'), ('XDG_MENU_PREFIX', 'gnome-'), ('LC_ADDRESS', 'zh_CN.UTF-8'), ('GNOME_SETUP_DISPLAY', ':1'), ('XDG_RUNTIME_DIR', '/run/user/1000'), ('GDK_BACKEND', 'wayland'), ('DISPLAY', ':0'), ('LANG', 'zh_CN.UTF-8'), ('XDG_CURRENT_DESKTOP', 'ubuntu:GNOME'), ('PYTHONSTARTUP', '/home/loser/.config/Code/User/workspaceStorage/8648397a620a1c47015fb5f0b3e3803b/ms-python.python/pythonrc.py'), ('LC_TELEPHONE', 'zh_CN.UTF-8'), ('XMODIFIERS', '@im=fcitx'), ('XDG_SESSION_DESKTOP', 'ubuntu'), ('XAUTHORITY', '/run/user/1000/.mutter-Xwaylandauth.3PQSP3'), ('LS_COLORS', 'rs=0:di=01;34:ln=01;36:mh=00:pi=40;33:so=01;35:do=01;35:bd=40;33;01:cd=40;33;01:or=40;31;01:mi=00:su=37;41:sg=30;43:ca=30;41:tw=30;42:ow=34;42:st=37;44:ex=01;32:*.tar=01;31:*.tgz=01;31:*.arc=01;31:*.arj=01;31:*.taz=01;31:*.lha=01;31:*.lz4=01;31:*.lzh=01;31:*.lzma=01;31:*.tlz=01;31:*.txz=01;31:*.tzo=01;31:*.t7z=01;31:*.zip=01;31:*.z=01;31:*.dz=01;31:*.gz=01;31:*.lrz=01;31:*.lz=01;31:*.lzo=01;31:*.xz=01;31:*.zst=01;31:*.tzst=01;31:*.bz2=01;31:*.bz=01;31:*.tbz=01;31:*.tbz2=01;31:*.tz=01;31:*.deb=01;31:*.rpm=01;31:*.jar=01;31:*.war=01;31:*.ear=01;31:*.sar=01;31:*.rar=01;31:*.alz=01;31:*.ace=01;31:*.zoo=01;31:*.cpio=01;31:*.7z=01;31:*.rz=01;31:*.cab=01;31:*.wim=01;31:*.swm=01;31:*.dwm=01;31:*.esd=01;31:*.jpg=01;35:*.jpeg=01;35:*.mjpg=01;35:*.mjpeg=01;35:*.gif=01;35:*.bmp=01;35:*.pbm=01;35:*.pgm=01;35:*.ppm=01;35:*.tga=01;35:*.xbm=01;35:*.xpm=01;35:*.tif=01;35:*.tiff=01;35:*.png=01;35:*.svg=01;35:*.svgz=01;35:*.mng=01;35:*.pcx=01;35:*.mov=01;35:*.mpg=01;35:*.mpeg=01;35:*.m2v=01;35:*.mkv=01;35:*.webm=01;35:*.webp=01;35:*.ogm=01;35:*.mp4=01;35:*.m4v=01;35:*.mp4v=01;35:*.vob=01;35:*.qt=01;35:*.nuv=01;35:*.wmv=01;35:*.asf=01;35:*.rm=01;35:*.rmvb=01;35:*.flc=01;35:*.avi=01;35:*.fli=01;35:*.flv=01;35:*.gl=01;35:*.dl=01;35:*.xcf=01;35:*.xwd=01;35:*.yuv=01;35:*.cgm=01;35:*.emf=01;35:*.ogv=01;35:*.ogx=01;35:*.aac=00;36:*.au=00;36:*.flac=00;36:*.m4a=00;36:*.mid=00;36:*.midi=00;36:*.mka=00;36:*.mp3=00;36:*.mpc=00;36:*.ogg=00;36:*.ra=00;36:*.wav=00;36:*.oga=00;36:*.opus=00;36:*.spx=00;36:*.xspf=00;36:'), ('TERM_PROGRAM', 'vscode'), ('SSH_AGENT_LAUNCHER', 'gnome-keyring'), ('SSH_AUTH_SOCK', '/run/user/1000/keyring/ssh'), ('AMENT_PREFIX_PATH', '/home/loser/ws01_plumbing/install/py01_topic:/home/loser/ws01_plumbing/install/cpp02_service:/home/loser/ws01_plumbing/install/cpp01_topic:/home/loser/ws01_plumbing/install/base_interfaces_demo:/opt/ros/humble'), ('SHELL', '/bin/bash'), ('LC_NAME', 'zh_CN.UTF-8'), ('QT_ACCESSIBILITY', '1'), ('GDMSESSION', 'ubuntu'), ('LESSCLOSE', '/usr/bin/lesspipe %s %s'), ('LC_MEASUREMENT', 'zh_CN.UTF-8'), ('GJS_DEBUG_OUTPUT', 'stderr'), ('LC_IDENTIFICATION', 'zh_CN.UTF-8'), ('QT_IM_MODULE', 'fcitx'), ('PWD', '/home/loser/ws01_plumbing/build/cpp01_topic'), ('XDG_CONFIG_DIRS', '/etc/xdg/xdg-ubuntu:/etc/xdg'), ('CLUTTER_IM_MODULE', 'xim'), ('XDG_DATA_DIRS', '/usr/share/ubuntu:/usr/local/share/:/usr/share/:/var/lib/snapd/desktop'), ('PYTHONPATH', '/home/loser/ws01_plumbing/install/py01_topic/lib/python3.10/site-packages:/home/loser/ws01_plumbing/install/base_interfaces_demo/local/lib/python3.10/dist-packages:/opt/ros/humble/lib/python3.10/site-packages:/opt/ros/humble/local/lib/python3.10/dist-packages'), ('LC_NUMERIC', 'zh_CN.UTF-8'), ('LC_PAPER', 'zh_CN.UTF-8'), ('COLCON', '1'), ('CMAKE_PREFIX_PATH', '/home/loser/ws01_plumbing/install/base_interfaces_demo:/home/loser/ws01_plumbing/install/cpp02_service:/home/loser/ws01_plumbing/install/cpp01_topic:/home/loser/ws01_plumbing/install/py01_topic:/opt/ros/humble')]), 'shell': False}
[0.347166] (cpp02_service) JobProgress: {'identifier': 'cpp02_service', 'progress': 'cmake'}
[0.347617] (cpp02_service) JobProgress: {'identifier': 'cpp02_service', 'progress': 'build'}
[0.351035] (cpp02_service) Command: {'cmd': ['/usr/bin/cmake', '--build', '/home/loser/ws01_plumbing/build/cpp02_service', '--', '-j4', '-l4'], 'cwd': '/home/loser/ws01_plumbing/build/cpp02_service', 'env': OrderedDict([('GJS_DEBUG_TOPICS', 'JS ERROR;JS LOG'), ('PYTHON_BASIC_REPL', '1'), ('LESSOPEN', '| /usr/bin/lesspipe %s'), ('LANGUAGE', 'zh_CN:en'), ('USER', 'loser'), ('LC_TIME', 'zh_CN.UTF-8'), ('XDG_SESSION_TYPE', 'wayland'), ('SHLVL', '1'), ('LD_LIBRARY_PATH', '/home/loser/ws01_plumbing/install/base_interfaces_demo/lib:/opt/ros/humble/opt/rviz_ogre_vendor/lib:/opt/ros/humble/lib/x86_64-linux-gnu:/opt/ros/humble/lib'), ('HOME', '/home/loser'), ('CHROME_DESKTOP', 'code.desktop'), ('TERM_PROGRAM_VERSION', '1.121.0'), ('DESKTOP_SESSION', 'ubuntu'), ('GIO_LAUNCHED_DESKTOP_FILE', '/usr/share/applications/code.desktop'), ('ROS_PYTHON_VERSION', '3'), ('GNOME_SHELL_SESSION_MODE', 'ubuntu'), ('GTK_MODULES', 'gail:atk-bridge'), ('LC_MONETARY', 'zh_CN.UTF-8'), ('MANAGERPID', '1453'), ('SYSTEMD_EXEC_PID', '1615'), ('IM_CONFIG_CHECK_ENV', '1'), ('VSCODE_PYTHON_AUTOACTIVATE_GUARD', '1'), ('DBUS_SESSION_BUS_ADDRESS', 'unix:path=/run/user/1000/bus'), ('COLORTERM', 'truecolor'), ('GIO_LAUNCHED_DESKTOP_FILE_PID', '17729'), ('IM_CONFIG_PHASE', '1'), ('WAYLAND_DISPLAY', 'wayland-0'), ('COLCON_PREFIX_PATH', '/home/loser/ws01_plumbing/install'), ('ROS_DISTRO', 'humble'), ('GTK_IM_MODULE', 'fcitx'), ('LOGNAME', 'loser'), ('JOURNAL_STREAM', '8:20518'), ('_', '/usr/bin/colcon'), ('ROS_VERSION', '2'), ('XDG_SESSION_CLASS', 'user'), ('USERNAME', 'loser'), ('TERM', 'xterm-256color'), ('GNOME_DESKTOP_SESSION_ID', 'this-is-deprecated'), ('FC_FONTATIONS', '1'), ('ROS_LOCALHOST_ONLY', '0'), ('PATH', '/home/loser/.config/Code/User/globalStorage/github.copilot-chat/debugCommand:/home/loser/.config/Code/User/globalStorage/github.copilot-chat/copilotCli:/opt/ros/humble/bin:/usr/local/sbin:/usr/local/bin:/usr/sbin:/usr/bin:/sbin:/bin:/usr/games:/usr/local/games:/snap/bin:/snap/bin'), ('SESSION_MANAGER', 'local/loser-vm:@/tmp/.ICE-unix/1583,unix/loser-vm:/tmp/.ICE-unix/1583'), ('INVOCATION_ID', '3049aaef72ab45bda2c45e7e91538e54'), ('PAPERSIZE', 'a4'), ('XDG_MENU_PREFIX', 'gnome-'), ('LC_ADDRESS', 'zh_CN.UTF-8'), ('GNOME_SETUP_DISPLAY', ':1'), ('XDG_RUNTIME_DIR', '/run/user/1000'), ('GDK_BACKEND', 'wayland'), ('DISPLAY', ':0'), ('LANG', 'zh_CN.UTF-8'), ('XDG_CURRENT_DESKTOP', 'ubuntu:GNOME'), ('PYTHONSTARTUP', '/home/loser/.config/Code/User/workspaceStorage/8648397a620a1c47015fb5f0b3e3803b/ms-python.python/pythonrc.py'), ('LC_TELEPHONE', 'zh_CN.UTF-8'), ('XMODIFIERS', '@im=fcitx'), ('XDG_SESSION_DESKTOP', 'ubuntu'), ('XAUTHORITY', '/run/user/1000/.mutter-Xwaylandauth.3PQSP3'), ('LS_COLORS', 'rs=0:di=01;34:ln=01;36:mh=00:pi=40;33:so=01;35:do=01;35:bd=40;33;01:cd=40;33;01:or=40;31;01:mi=00:su=37;41:sg=30;43:ca=30;41:tw=30;42:ow=34;42:st=37;44:ex=01;32:*.tar=01;31:*.tgz=01;31:*.arc=01;31:*.arj=01;31:*.taz=01;31:*.lha=01;31:*.lz4=01;31:*.lzh=01;31:*.lzma=01;31:*.tlz=01;31:*.txz=01;31:*.tzo=01;31:*.t7z=01;31:*.zip=01;31:*.z=01;31:*.dz=01;31:*.gz=01;31:*.lrz=01;31:*.lz=01;31:*.lzo=01;31:*.xz=01;31:*.zst=01;31:*.tzst=01;31:*.bz2=01;31:*.bz=01;31:*.tbz=01;31:*.tbz2=01;31:*.tz=01;31:*.deb=01;31:*.rpm=01;31:*.jar=01;31:*.war=01;31:*.ear=01;31:*.sar=01;31:*.rar=01;31:*.alz=01;31:*.ace=01;31:*.zoo=01;31:*.cpio=01;31:*.7z=01;31:*.rz=01;31:*.cab=01;31:*.wim=01;31:*.swm=01;31:*.dwm=01;31:*.esd=01;31:*.jpg=01;35:*.jpeg=01;35:*.mjpg=01;35:*.mjpeg=01;35:*.gif=01;35:*.bmp=01;35:*.pbm=01;35:*.pgm=01;35:*.ppm=01;35:*.tga=01;35:*.xbm=01;35:*.xpm=01;35:*.tif=01;35:*.tiff=01;35:*.png=01;35:*.svg=01;35:*.svgz=01;35:*.mng=01;35:*.pcx=01;35:*.mov=01;35:*.mpg=01;35:*.mpeg=01;35:*.m2v=01;35:*.mkv=01;35:*.webm=01;35:*.webp=01;35:*.ogm=01;35:*.mp4=01;35:*.m4v=01;35:*.mp4v=01;35:*.vob=01;35:*.qt=01;35:*.nuv=01;35:*.wmv=01;35:*.asf=01;35:*.rm=01;35:*.rmvb=01;35:*.flc=01;35:*.avi=01;35:*.fli=01;35:*.flv=01;35:*.gl=01;35:*.dl=01;35:*.xcf=01;35:*.xwd=01;35:*.yuv=01;35:*.cgm=01;35:*.emf=01;35:*.ogv=01;35:*.ogx=01;35:*.aac=00;36:*.au=00;36:*.flac=00;36:*.m4a=00;36:*.mid=00;36:*.midi=00;36:*.mka=00;36:*.mp3=00;36:*.mpc=00;36:*.ogg=00;36:*.ra=00;36:*.wav=00;36:*.oga=00;36:*.opus=00;36:*.spx=00;36:*.xspf=00;36:'), ('TERM_PROGRAM', 'vscode'), ('SSH_AGENT_LAUNCHER', 'gnome-keyring'), ('SSH_AUTH_SOCK', '/run/user/1000/keyring/ssh'), ('AMENT_PREFIX_PATH', '/home/loser/ws01_plumbing/install/py01_topic:/home/loser/ws01_plumbing/install/cpp02_service:/home/loser/ws01_plumbing/install/cpp01_topic:/home/loser/ws01_plumbing/install/base_interfaces_demo:/opt/ros/humble'), ('SHELL', '/bin/bash'), ('LC_NAME', 'zh_CN.UTF-8'), ('QT_ACCESSIBILITY', '1'), ('GDMSESSION', 'ubuntu'), ('LESSCLOSE', '/usr/bin/lesspipe %s %s'), ('LC_MEASUREMENT', 'zh_CN.UTF-8'), ('GJS_DEBUG_OUTPUT', 'stderr'), ('LC_IDENTIFICATION', 'zh_CN.UTF-8'), ('QT_IM_MODULE', 'fcitx'), ('PWD', '/home/loser/ws01_plumbing/build/cpp02_service'), ('XDG_CONFIG_DIRS', '/etc/xdg/xdg-ubuntu:/etc/xdg'), ('CLUTTER_IM_MODULE', 'xim'), ('XDG_DATA_DIRS', '/usr/share/ubuntu:/usr/local/share/:/usr/share/:/var/lib/snapd/desktop'), ('PYTHONPATH', '/home/loser/ws01_plumbing/install/py01_topic/lib/python3.10/site-packages:/home/loser/ws01_plumbing/install/base_interfaces_demo/local/lib/python3.10/dist-packages:/opt/ros/humble/lib/python3.10/site-packages:/opt/ros/humble/local/lib/python3.10/dist-packages'), ('LC_NUMERIC', 'zh_CN.UTF-8'), ('LC_PAPER', 'zh_CN.UTF-8'), ('COLCON', '1'), ('CMAKE_PREFIX_PATH', '/home/loser/ws01_plumbing/install/base_interfaces_demo:/home/loser/ws01_plumbing/install/cpp02_service:/home/loser/ws01_plumbing/install/cpp01_topic:/home/loser/ws01_plumbing/install/py01_topic:/opt/ros/humble')]), 'shell': False}
[0.374379] (cpp01_topic) StdoutLine: {'line': b'-- Found ament_cmake: 1.3.14 (/opt/ros/humble/share/ament_cmake/cmake)\n'}
[0.399826] (-) TimerEvent: {}
[0.402068] (cpp02_service) StdoutLine: {'line': b'\x1b[35m\x1b[1mConsolidate compiler generated dependencies of target demo01_server\x1b[0m\n'}
[0.421444] (cpp02_service) StdoutLine: {'line': b'[ 50%] Built target demo01_server\n'}
[0.422092] (cpp02_service) StdoutLine: {'line': b'[100%] Built target demo02_client\n'}
[0.477395] (cpp01_topic) StdoutLine: {'line': b'-- Found rclcpp: 16.0.19 (/opt/ros/humble/share/rclcpp/cmake)\n'}
[0.493930] (cpp01_topic) StdoutLine: {'line': b'-- Found rosidl_generator_c: 3.1.8 (/opt/ros/humble/share/rosidl_generator_c/cmake)\n'}
[0.495154] (cpp01_topic) StdoutLine: {'line': b'-- Found rosidl_adapter: 3.1.8 (/opt/ros/humble/share/rosidl_adapter/cmake)\n'}
[0.499918] (-) TimerEvent: {}
[0.501042] (cpp01_topic) StdoutLine: {'line': b'-- Found rosidl_generator_cpp: 3.1.8 (/opt/ros/humble/share/rosidl_generator_cpp/cmake)\n'}
[0.508171] (cpp01_topic) StdoutLine: {'line': b'-- Using all available rosidl_typesupport_c: rosidl_typesupport_fastrtps_c;rosidl_typesupport_introspection_c\n'}
[0.514866] (cpp01_topic) StdoutLine: {'line': b'-- Using all available rosidl_typesupport_cpp: rosidl_typesupport_fastrtps_cpp;rosidl_typesupport_introspection_cpp\n'}
[0.530805] (cpp01_topic) StdoutLine: {'line': b'-- Found rmw_implementation_cmake: 6.1.2 (/opt/ros/humble/share/rmw_implementation_cmake/cmake)\n'}
[0.531420] (cpp01_topic) StdoutLine: {'line': b'-- Found rmw_fastrtps_cpp: 6.2.10 (/opt/ros/humble/share/rmw_fastrtps_cpp/cmake)\n'}
[0.598928] (cpp01_topic) StdoutLine: {'line': b"-- Using RMW implementation 'rmw_fastrtps_cpp' as default\n"}
[0.601791] (-) TimerEvent: {}
[0.624578] (cpp01_topic) StdoutLine: {'line': b'-- Found base_interfaces_demo: 0.0.0 (/home/loser/ws01_plumbing/install/base_interfaces_demo/share/base_interfaces_demo/cmake)\n'}
[0.632040] (cpp01_topic) StdoutLine: {'line': b'-- Found ament_lint_auto: 0.12.15 (/opt/ros/humble/share/ament_lint_auto/cmake)\n'}
[0.639371] (cpp02_service) CommandEnded: {'returncode': 0}
[0.639736] (cpp02_service) JobProgress: {'identifier': 'cpp02_service', 'progress': 'install'}
[0.643285] (cpp02_service) Command: {'cmd': ['/usr/bin/cmake', '--install', '/home/loser/ws01_plumbing/build/cpp02_service'], 'cwd': '/home/loser/ws01_plumbing/build/cpp02_service', 'env': OrderedDict([('GJS_DEBUG_TOPICS', 'JS ERROR;JS LOG'), ('PYTHON_BASIC_REPL', '1'), ('LESSOPEN', '| /usr/bin/lesspipe %s'), ('LANGUAGE', 'zh_CN:en'), ('USER', 'loser'), ('LC_TIME', 'zh_CN.UTF-8'), ('XDG_SESSION_TYPE', 'wayland'), ('SHLVL', '1'), ('LD_LIBRARY_PATH', '/home/loser/ws01_plumbing/install/base_interfaces_demo/lib:/opt/ros/humble/opt/rviz_ogre_vendor/lib:/opt/ros/humble/lib/x86_64-linux-gnu:/opt/ros/humble/lib'), ('HOME', '/home/loser'), ('CHROME_DESKTOP', 'code.desktop'), ('TERM_PROGRAM_VERSION', '1.121.0'), ('DESKTOP_SESSION', 'ubuntu'), ('GIO_LAUNCHED_DESKTOP_FILE', '/usr/share/applications/code.desktop'), ('ROS_PYTHON_VERSION', '3'), ('GNOME_SHELL_SESSION_MODE', 'ubuntu'), ('GTK_MODULES', 'gail:atk-bridge'), ('LC_MONETARY', 'zh_CN.UTF-8'), ('MANAGERPID', '1453'), ('SYSTEMD_EXEC_PID', '1615'), ('IM_CONFIG_CHECK_ENV', '1'), ('VSCODE_PYTHON_AUTOACTIVATE_GUARD', '1'), ('DBUS_SESSION_BUS_ADDRESS', 'unix:path=/run/user/1000/bus'), ('COLORTERM', 'truecolor'), ('GIO_LAUNCHED_DESKTOP_FILE_PID', '17729'), ('IM_CONFIG_PHASE', '1'), ('WAYLAND_DISPLAY', 'wayland-0'), ('COLCON_PREFIX_PATH', '/home/loser/ws01_plumbing/install'), ('ROS_DISTRO', 'humble'), ('GTK_IM_MODULE', 'fcitx'), ('LOGNAME', 'loser'), ('JOURNAL_STREAM', '8:20518'), ('_', '/usr/bin/colcon'), ('ROS_VERSION', '2'), ('XDG_SESSION_CLASS', 'user'), ('USERNAME', 'loser'), ('TERM', 'xterm-256color'), ('GNOME_DESKTOP_SESSION_ID', 'this-is-deprecated'), ('FC_FONTATIONS', '1'), ('ROS_LOCALHOST_ONLY', '0'), ('PATH', '/home/loser/.config/Code/User/globalStorage/github.copilot-chat/debugCommand:/home/loser/.config/Code/User/globalStorage/github.copilot-chat/copilotCli:/opt/ros/humble/bin:/usr/local/sbin:/usr/local/bin:/usr/sbin:/usr/bin:/sbin:/bin:/usr/games:/usr/local/games:/snap/bin:/snap/bin'), ('SESSION_MANAGER', 'local/loser-vm:@/tmp/.ICE-unix/1583,unix/loser-vm:/tmp/.ICE-unix/1583'), ('INVOCATION_ID', '3049aaef72ab45bda2c45e7e91538e54'), ('PAPERSIZE', 'a4'), ('XDG_MENU_PREFIX', 'gnome-'), ('LC_ADDRESS', 'zh_CN.UTF-8'), ('GNOME_SETUP_DISPLAY', ':1'), ('XDG_RUNTIME_DIR', '/run/user/1000'), ('GDK_BACKEND', 'wayland'), ('DISPLAY', ':0'), ('LANG', 'zh_CN.UTF-8'), ('XDG_CURRENT_DESKTOP', 'ubuntu:GNOME'), ('PYTHONSTARTUP', '/home/loser/.config/Code/User/workspaceStorage/8648397a620a1c47015fb5f0b3e3803b/ms-python.python/pythonrc.py'), ('LC_TELEPHONE', 'zh_CN.UTF-8'), ('XMODIFIERS', '@im=fcitx'), ('XDG_SESSION_DESKTOP', 'ubuntu'), ('XAUTHORITY', '/run/user/1000/.mutter-Xwaylandauth.3PQSP3'), ('LS_COLORS', 'rs=0:di=01;34:ln=01;36:mh=00:pi=40;33:so=01;35:do=01;35:bd=40;33;01:cd=40;33;01:or=40;31;01:mi=00:su=37;41:sg=30;43:ca=30;41:tw=30;42:ow=34;42:st=37;44:ex=01;32:*.tar=01;31:*.tgz=01;31:*.arc=01;31:*.arj=01;31:*.taz=01;31:*.lha=01;31:*.lz4=01;31:*.lzh=01;31:*.lzma=01;31:*.tlz=01;31:*.txz=01;31:*.tzo=01;31:*.t7z=01;31:*.zip=01;31:*.z=01;31:*.dz=01;31:*.gz=01;31:*.lrz=01;31:*.lz=01;31:*.lzo=01;31:*.xz=01;31:*.zst=01;31:*.tzst=01;31:*.bz2=01;31:*.bz=01;31:*.tbz=01;31:*.tbz2=01;31:*.tz=01;31:*.deb=01;31:*.rpm=01;31:*.jar=01;31:*.war=01;31:*.ear=01;31:*.sar=01;31:*.rar=01;31:*.alz=01;31:*.ace=01;31:*.zoo=01;31:*.cpio=01;31:*.7z=01;31:*.rz=01;31:*.cab=01;31:*.wim=01;31:*.swm=01;31:*.dwm=01;31:*.esd=01;31:*.jpg=01;35:*.jpeg=01;35:*.mjpg=01;35:*.mjpeg=01;35:*.gif=01;35:*.bmp=01;35:*.pbm=01;35:*.pgm=01;35:*.ppm=01;35:*.tga=01;35:*.xbm=01;35:*.xpm=01;35:*.tif=01;35:*.tiff=01;35:*.png=01;35:*.svg=01;35:*.svgz=01;35:*.mng=01;35:*.pcx=01;35:*.mov=01;35:*.mpg=01;35:*.mpeg=01;35:*.m2v=01;35:*.mkv=01;35:*.webm=01;35:*.webp=01;35:*.ogm=01;35:*.mp4=01;35:*.m4v=01;35:*.mp4v=01;35:*.vob=01;35:*.qt=01;35:*.nuv=01;35:*.wmv=01;35:*.asf=01;35:*.rm=01;35:*.rmvb=01;35:*.flc=01;35:*.avi=01;35:*.fli=01;35:*.flv=01;35:*.gl=01;35:*.dl=01;35:*.xcf=01;35:*.xwd=01;35:*.yuv=01;35:*.cgm=01;35:*.emf=01;35:*.ogv=01;35:*.ogx=01;35:*.aac=00;36:*.au=00;36:*.flac=00;36:*.m4a=00;36:*.mid=00;36:*.midi=00;36:*.mka=00;36:*.mp3=00;36:*.mpc=00;36:*.ogg=00;36:*.ra=00;36:*.wav=00;36:*.oga=00;36:*.opus=00;36:*.spx=00;36:*.xspf=00;36:'), ('TERM_PROGRAM', 'vscode'), ('SSH_AGENT_LAUNCHER', 'gnome-keyring'), ('SSH_AUTH_SOCK', '/run/user/1000/keyring/ssh'), ('AMENT_PREFIX_PATH', '/home/loser/ws01_plumbing/install/py01_topic:/home/loser/ws01_plumbing/install/cpp02_service:/home/loser/ws01_plumbing/install/cpp01_topic:/home/loser/ws01_plumbing/install/base_interfaces_demo:/opt/ros/humble'), ('SHELL', '/bin/bash'), ('LC_NAME', 'zh_CN.UTF-8'), ('QT_ACCESSIBILITY', '1'), ('GDMSESSION', 'ubuntu'), ('LESSCLOSE', '/usr/bin/lesspipe %s %s'), ('LC_MEASUREMENT', 'zh_CN.UTF-8'), ('GJS_DEBUG_OUTPUT', 'stderr'), ('LC_IDENTIFICATION', 'zh_CN.UTF-8'), ('QT_IM_MODULE', 'fcitx'), ('PWD', '/home/loser/ws01_plumbing/build/cpp02_service'), ('XDG_CONFIG_DIRS', '/etc/xdg/xdg-ubuntu:/etc/xdg'), ('CLUTTER_IM_MODULE', 'xim'), ('XDG_DATA_DIRS', '/usr/share/ubuntu:/usr/local/share/:/usr/share/:/var/lib/snapd/desktop'), ('PYTHONPATH', '/home/loser/ws01_plumbing/install/py01_topic/lib/python3.10/site-packages:/home/loser/ws01_plumbing/install/base_interfaces_demo/local/lib/python3.10/dist-packages:/opt/ros/humble/lib/python3.10/site-packages:/opt/ros/humble/local/lib/python3.10/dist-packages'), ('LC_NUMERIC', 'zh_CN.UTF-8'), ('LC_PAPER', 'zh_CN.UTF-8'), ('COLCON', '1'), ('CMAKE_PREFIX_PATH', '/home/loser/ws01_plumbing/install/base_interfaces_demo:/home/loser/ws01_plumbing/install/cpp02_service:/home/loser/ws01_plumbing/install/cpp01_topic:/home/loser/ws01_plumbing/install/py01_topic:/opt/ros/humble')]), 'shell': False}
[0.652306] (cpp02_service) StdoutLine: {'line': b'-- Install configuration: ""\n'}
[0.652457] (cpp02_service) StdoutLine: {'line': b'-- Up-to-date: /home/loser/ws01_plumbing/install/cpp02_service/lib/cpp02_service/demo01_server\n'}
[0.652536] (cpp02_service) StdoutLine: {'line': b'-- Up-to-date: /home/loser/ws01_plumbing/install/cpp02_service/lib/cpp02_service/demo02_client\n'}
[0.652577] (cpp02_service) StdoutLine: {'line': b'-- Up-to-date: /home/loser/ws01_plumbing/install/cpp02_service/share/ament_index/resource_index/package_run_dependencies/cpp02_service\n'}
[0.652610] (cpp02_service) StdoutLine: {'line': b'-- Up-to-date: /home/loser/ws01_plumbing/install/cpp02_service/share/ament_index/resource_index/parent_prefix_path/cpp02_service\n'}
[0.652639] (cpp02_service) StdoutLine: {'line': b'-- Up-to-date: /home/loser/ws01_plumbing/install/cpp02_service/share/cpp02_service/environment/ament_prefix_path.sh\n'}
[0.652666] (cpp02_service) StdoutLine: {'line': b'-- Up-to-date: /home/loser/ws01_plumbing/install/cpp02_service/share/cpp02_service/environment/ament_prefix_path.dsv\n'}
[0.653866] (cpp02_service) StdoutLine: {'line': b'-- Up-to-date: /home/loser/ws01_plumbing/install/cpp02_service/share/cpp02_service/environment/path.sh\n'}
[0.653924] (cpp02_service) StdoutLine: {'line': b'-- Up-to-date: /home/loser/ws01_plumbing/install/cpp02_service/share/cpp02_service/environment/path.dsv\n'}
[0.653956] (cpp02_service) StdoutLine: {'line': b'-- Up-to-date: /home/loser/ws01_plumbing/install/cpp02_service/share/cpp02_service/local_setup.bash\n'}
[0.653986] (cpp02_service) StdoutLine: {'line': b'-- Up-to-date: /home/loser/ws01_plumbing/install/cpp02_service/share/cpp02_service/local_setup.sh\n'}
[0.654007] (cpp02_service) StdoutLine: {'line': b'-- Up-to-date: /home/loser/ws01_plumbing/install/cpp02_service/share/cpp02_service/local_setup.zsh\n'}
[0.654027] (cpp02_service) StdoutLine: {'line': b'-- Up-to-date: /home/loser/ws01_plumbing/install/cpp02_service/share/cpp02_service/local_setup.dsv\n'}
[0.654047] (cpp02_service) StdoutLine: {'line': b'-- Installing: /home/loser/ws01_plumbing/install/cpp02_service/share/cpp02_service/package.dsv\n'}
[0.654066] (cpp02_service) StdoutLine: {'line': b'-- Up-to-date: /home/loser/ws01_plumbing/install/cpp02_service/share/ament_index/resource_index/packages/cpp02_service\n'}
[0.654086] (cpp02_service) StdoutLine: {'line': b'-- Up-to-date: /home/loser/ws01_plumbing/install/cpp02_service/share/cpp02_service/cmake/cpp02_serviceConfig.cmake\n'}
[0.654105] (cpp02_service) StdoutLine: {'line': b'-- Up-to-date: /home/loser/ws01_plumbing/install/cpp02_service/share/cpp02_service/cmake/cpp02_serviceConfig-version.cmake\n'}
[0.654124] (cpp02_service) StdoutLine: {'line': b'-- Up-to-date: /home/loser/ws01_plumbing/install/cpp02_service/share/cpp02_service/package.xml\n'}
[0.657788] (cpp02_service) CommandEnded: {'returncode': 0}
[0.664659] (cpp02_service) JobEnded: {'identifier': 'cpp02_service', 'rc': 0}
[0.677882] (cpp01_topic) StdoutLine: {'line': b"-- Added test 'cppcheck' to perform static code analysis on C / C++ code\n"}
[0.678015] (cpp01_topic) StdoutLine: {'line': b'-- Configured cppcheck include dirs: $<BUILD_INTERFACE:/home/loser/ws01_plumbing/src/cpp01_topic/include>\n'}
[0.678047] (cpp01_topic) StdoutLine: {'line': b'-- Configured cppcheck exclude dirs and/or files: \n'}
[0.678072] (cpp01_topic) StdoutLine: {'line': b"-- Added test 'lint_cmake' to check CMake code style\n"}
[0.678094] (cpp01_topic) StdoutLine: {'line': b"-- Added test 'uncrustify' to check C / C++ code style\n"}
[0.678114] (cpp01_topic) StdoutLine: {'line': b'-- Configured uncrustify additional arguments: \n'}
[0.678135] (cpp01_topic) StdoutLine: {'line': b"-- Added test 'xmllint' to check XML markup files\n"}
[0.678154] (cpp01_topic) StdoutLine: {'line': b'-- Configuring done\n'}
[0.688593] (cpp01_topic) StdoutLine: {'line': b'-- Generating done\n'}
[0.694841] (cpp01_topic) StdoutLine: {'line': b'-- Build files have been written to: /home/loser/ws01_plumbing/build/cpp01_topic\n'}
[0.701908] (-) TimerEvent: {}
[0.729942] (cpp01_topic) StdoutLine: {'line': b'\x1b[35m\x1b[1mConsolidate compiler generated dependencies of target demo_stu_cpp_publisher\x1b[0m\n'}
[0.731868] (cpp01_topic) StdoutLine: {'line': b'\x1b[35m\x1b[1mConsolidate compiler generated dependencies of target demo_str_cpp_publisher\x1b[0m\n'}
[0.745233] (cpp01_topic) StdoutLine: {'line': b'\x1b[35m\x1b[1mConsolidate compiler generated dependencies of target demo_str_cpp_listener\x1b[0m\n'}
[0.745393] (cpp01_topic) StdoutLine: {'line': b'\x1b[35m\x1b[1mConsolidate compiler generated dependencies of target demo_stu_cpp_listener\x1b[0m\n'}
[0.745425] (cpp01_topic) StdoutLine: {'line': b'[ 12%] \x1b[32mBuilding CXX object CMakeFiles/demo_stu_cpp_publisher.dir/src/demo_stu_cpp_publisher.cpp.o\x1b[0m\n'}
[0.763679] (cpp01_topic) StdoutLine: {'line': b'[ 25%] \x1b[32m\x1b[1mLinking CXX executable demo_str_cpp_publisher\x1b[0m\n'}
[0.780541] (cpp01_topic) StdoutLine: {'line': b'[ 37%] \x1b[32mBuilding CXX object CMakeFiles/demo_stu_cpp_listener.dir/src/demo_stu_cpp_listener.cpp.o\x1b[0m\n'}
[0.781835] (cpp01_topic) StdoutLine: {'line': b'[ 50%] \x1b[32m\x1b[1mLinking CXX executable demo_str_cpp_listener\x1b[0m\n'}
[0.804823] (-) TimerEvent: {}
[0.905094] (-) TimerEvent: {}
[1.007822] (-) TimerEvent: {}
[1.067013] (py01_topic) Command: {'cmd': ['/usr/bin/python3', '-W', 'ignore:setup.py install is deprecated', '-W', 'ignore:easy_install command is deprecated', 'setup.py', 'egg_info', '--egg-base', '../../build/py01_topic', 'build', '--build-base', '/home/loser/ws01_plumbing/build/py01_topic/build', 'install', '--record', '/home/loser/ws01_plumbing/build/py01_topic/install.log', '--single-version-externally-managed', 'install_data'], 'cwd': '/home/loser/ws01_plumbing/src/py01_topic', 'env': {'GJS_DEBUG_TOPICS': 'JS ERROR;JS LOG', 'PYTHON_BASIC_REPL': '1', 'LESSOPEN': '| /usr/bin/lesspipe %s', 'LANGUAGE': 'zh_CN:en', 'USER': 'loser', 'LC_TIME': 'zh_CN.UTF-8', 'XDG_SESSION_TYPE': 'wayland', 'SHLVL': '1', 'LD_LIBRARY_PATH': '/home/loser/ws01_plumbing/install/base_interfaces_demo/lib:/opt/ros/humble/opt/rviz_ogre_vendor/lib:/opt/ros/humble/lib/x86_64-linux-gnu:/opt/ros/humble/lib', 'HOME': '/home/loser', 'CHROME_DESKTOP': 'code.desktop', 'TERM_PROGRAM_VERSION': '1.121.0', 'DESKTOP_SESSION': 'ubuntu', 'GIO_LAUNCHED_DESKTOP_FILE': '/usr/share/applications/code.desktop', 'ROS_PYTHON_VERSION': '3', 'GNOME_SHELL_SESSION_MODE': 'ubuntu', 'GTK_MODULES': 'gail:atk-bridge', 'LC_MONETARY': 'zh_CN.UTF-8', 'MANAGERPID': '1453', 'SYSTEMD_EXEC_PID': '1615', 'IM_CONFIG_CHECK_ENV': '1', 'VSCODE_PYTHON_AUTOACTIVATE_GUARD': '1', 'DBUS_SESSION_BUS_ADDRESS': 'unix:path=/run/user/1000/bus', 'COLORTERM': 'truecolor', 'GIO_LAUNCHED_DESKTOP_FILE_PID': '17729', 'IM_CONFIG_PHASE': '1', 'WAYLAND_DISPLAY': 'wayland-0', 'COLCON_PREFIX_PATH': '/home/loser/ws01_plumbing/install', 'ROS_DISTRO': 'humble', 'GTK_IM_MODULE': 'fcitx', 'LOGNAME': 'loser', 'JOURNAL_STREAM': '8:20518', '_': '/usr/bin/colcon', 'ROS_VERSION': '2', 'XDG_SESSION_CLASS': 'user', 'USERNAME': 'loser', 'TERM': 'xterm-256color', 'GNOME_DESKTOP_SESSION_ID': 'this-is-deprecated', 'FC_FONTATIONS': '1', 'ROS_LOCALHOST_ONLY': '0', 'PATH': '/home/loser/.config/Code/User/globalStorage/github.copilot-chat/debugCommand:/home/loser/.config/Code/User/globalStorage/github.copilot-chat/copilotCli:/opt/ros/humble/bin:/usr/local/sbin:/usr/local/bin:/usr/sbin:/usr/bin:/sbin:/bin:/usr/games:/usr/local/games:/snap/bin:/snap/bin', 'SESSION_MANAGER': 'local/loser-vm:@/tmp/.ICE-unix/1583,unix/loser-vm:/tmp/.ICE-unix/1583', 'INVOCATION_ID': '3049aaef72ab45bda2c45e7e91538e54', 'PAPERSIZE': 'a4', 'XDG_MENU_PREFIX': 'gnome-', 'LC_ADDRESS': 'zh_CN.UTF-8', 'GNOME_SETUP_DISPLAY': ':1', 'XDG_RUNTIME_DIR': '/run/user/1000', 'GDK_BACKEND': 'wayland', 'DISPLAY': ':0', 'LANG': 'zh_CN.UTF-8', 'XDG_CURRENT_DESKTOP': 'ubuntu:GNOME', 'PYTHONSTARTUP': '/home/loser/.config/Code/User/workspaceStorage/8648397a620a1c47015fb5f0b3e3803b/ms-python.python/pythonrc.py', 'LC_TELEPHONE': 'zh_CN.UTF-8', 'XMODIFIERS': '@im=fcitx', 'XDG_SESSION_DESKTOP': 'ubuntu', 'XAUTHORITY': '/run/user/1000/.mutter-Xwaylandauth.3PQSP3', 'LS_COLORS': 'rs=0:di=01;34:ln=01;36:mh=00:pi=40;33:so=01;35:do=01;35:bd=40;33;01:cd=40;33;01:or=40;31;01:mi=00:su=37;41:sg=30;43:ca=30;41:tw=30;42:ow=34;42:st=37;44:ex=01;32:*.tar=01;31:*.tgz=01;31:*.arc=01;31:*.arj=01;31:*.taz=01;31:*.lha=01;31:*.lz4=01;31:*.lzh=01;31:*.lzma=01;31:*.tlz=01;31:*.txz=01;31:*.tzo=01;31:*.t7z=01;31:*.zip=01;31:*.z=01;31:*.dz=01;31:*.gz=01;31:*.lrz=01;31:*.lz=01;31:*.lzo=01;31:*.xz=01;31:*.zst=01;31:*.tzst=01;31:*.bz2=01;31:*.bz=01;31:*.tbz=01;31:*.tbz2=01;31:*.tz=01;31:*.deb=01;31:*.rpm=01;31:*.jar=01;31:*.war=01;31:*.ear=01;31:*.sar=01;31:*.rar=01;31:*.alz=01;31:*.ace=01;31:*.zoo=01;31:*.cpio=01;31:*.7z=01;31:*.rz=01;31:*.cab=01;31:*.wim=01;31:*.swm=01;31:*.dwm=01;31:*.esd=01;31:*.jpg=01;35:*.jpeg=01;35:*.mjpg=01;35:*.mjpeg=01;35:*.gif=01;35:*.bmp=01;35:*.pbm=01;35:*.pgm=01;35:*.ppm=01;35:*.tga=01;35:*.xbm=01;35:*.xpm=01;35:*.tif=01;35:*.tiff=01;35:*.png=01;35:*.svg=01;35:*.svgz=01;35:*.mng=01;35:*.pcx=01;35:*.mov=01;35:*.mpg=01;35:*.mpeg=01;35:*.m2v=01;35:*.mkv=01;35:*.webm=01;35:*.webp=01;35:*.ogm=01;35:*.mp4=01;35:*.m4v=01;35:*.mp4v=01;35:*.vob=01;35:*.qt=01;35:*.nuv=01;35:*.wmv=01;35:*.asf=01;35:*.rm=01;35:*.rmvb=01;35:*.flc=01;35:*.avi=01;35:*.fli=01;35:*.flv=01;35:*.gl=01;35:*.dl=01;35:*.xcf=01;35:*.xwd=01;35:*.yuv=01;35:*.cgm=01;35:*.emf=01;35:*.ogv=01;35:*.ogx=01;35:*.aac=00;36:*.au=00;36:*.flac=00;36:*.m4a=00;36:*.mid=00;36:*.midi=00;36:*.mka=00;36:*.mp3=00;36:*.mpc=00;36:*.ogg=00;36:*.ra=00;36:*.wav=00;36:*.oga=00;36:*.opus=00;36:*.spx=00;36:*.xspf=00;36:', 'TERM_PROGRAM': 'vscode', 'SSH_AGENT_LAUNCHER': 'gnome-keyring', 'SSH_AUTH_SOCK': '/run/user/1000/keyring/ssh', 'AMENT_PREFIX_PATH': '/home/loser/ws01_plumbing/install/py01_topic:/home/loser/ws01_plumbing/install/cpp02_service:/home/loser/ws01_plumbing/install/cpp01_topic:/home/loser/ws01_plumbing/install/base_interfaces_demo:/opt/ros/humble', 'SHELL': '/bin/bash', 'LC_NAME': 'zh_CN.UTF-8', 'QT_ACCESSIBILITY': '1', 'GDMSESSION': 'ubuntu', 'LESSCLOSE': '/usr/bin/lesspipe %s %s', 'LC_MEASUREMENT': 'zh_CN.UTF-8', 'GJS_DEBUG_OUTPUT': 'stderr', 'LC_IDENTIFICATION': 'zh_CN.UTF-8', 'QT_IM_MODULE': 'fcitx', 'PWD': '/home/loser/ws01_plumbing/build/py01_topic', 'XDG_CONFIG_DIRS': '/etc/xdg/xdg-ubuntu:/etc/xdg', 'CLUTTER_IM_MODULE': 'xim', 'XDG_DATA_DIRS': '/usr/share/ubuntu:/usr/local/share/:/usr/share/:/var/lib/snapd/desktop', 'PYTHONPATH': '/home/loser/ws01_plumbing/build/py01_topic/prefix_override:/usr/lib/python3/dist-packages/colcon_core/task/python/colcon_distutils_commands:/home/loser/ws01_plumbing/install/py01_topic/lib/python3.10/site-packages:/home/loser/ws01_plumbing/install/py01_topic/lib/python3.10/site-packages:/home/loser/ws01_plumbing/install/base_interfaces_demo/local/lib/python3.10/dist-packages:/opt/ros/humble/lib/python3.10/site-packages:/opt/ros/humble/local/lib/python3.10/dist-packages', 'LC_NUMERIC': 'zh_CN.UTF-8', 'LC_PAPER': 'zh_CN.UTF-8', 'COLCON': '1', 'CMAKE_PREFIX_PATH': '/home/loser/ws01_plumbing/install/base_interfaces_demo:/home/loser/ws01_plumbing/install/cpp02_service:/home/loser/ws01_plumbing/install/cpp01_topic'}, 'shell': False}
[1.107917] (-) TimerEvent: {}
[1.146811] (cpp01_topic) StdoutLine: {'line': b'[ 62%] Built target demo_str_cpp_publisher\n'}
[1.207056] (py02_service) Command: {'cmd': ['/usr/bin/python3', '-W', 'ignore:setup.py install is deprecated', '-W', 'ignore:easy_install command is deprecated', 'setup.py', 'egg_info', '--egg-base', '../../build/py02_service', 'build', '--build-base', '/home/loser/ws01_plumbing/build/py02_service/build', 'install', '--record', '/home/loser/ws01_plumbing/build/py02_service/install.log', '--single-version-externally-managed', 'install_data'], 'cwd': '/home/loser/ws01_plumbing/src/py02_service', 'env': {'GJS_DEBUG_TOPICS': 'JS ERROR;JS LOG', 'PYTHON_BASIC_REPL': '1', 'LESSOPEN': '| /usr/bin/lesspipe %s', 'LANGUAGE': 'zh_CN:en', 'USER': 'loser', 'LC_TIME': 'zh_CN.UTF-8', 'XDG_SESSION_TYPE': 'wayland', 'SHLVL': '1', 'LD_LIBRARY_PATH': '/home/loser/ws01_plumbing/install/base_interfaces_demo/lib:/opt/ros/humble/opt/rviz_ogre_vendor/lib:/opt/ros/humble/lib/x86_64-linux-gnu:/opt/ros/humble/lib', 'HOME': '/home/loser', 'CHROME_DESKTOP': 'code.desktop', 'TERM_PROGRAM_VERSION': '1.121.0', 'DESKTOP_SESSION': 'ubuntu', 'GIO_LAUNCHED_DESKTOP_FILE': '/usr/share/applications/code.desktop', 'ROS_PYTHON_VERSION': '3', 'GNOME_SHELL_SESSION_MODE': 'ubuntu', 'GTK_MODULES': 'gail:atk-bridge', 'LC_MONETARY': 'zh_CN.UTF-8', 'MANAGERPID': '1453', 'SYSTEMD_EXEC_PID': '1615', 'IM_CONFIG_CHECK_ENV': '1', 'VSCODE_PYTHON_AUTOACTIVATE_GUARD': '1', 'DBUS_SESSION_BUS_ADDRESS': 'unix:path=/run/user/1000/bus', 'COLORTERM': 'truecolor', 'GIO_LAUNCHED_DESKTOP_FILE_PID': '17729', 'IM_CONFIG_PHASE': '1', 'WAYLAND_DISPLAY': 'wayland-0', 'COLCON_PREFIX_PATH': '/home/loser/ws01_plumbing/install', 'ROS_DISTRO': 'humble', 'GTK_IM_MODULE': 'fcitx', 'LOGNAME': 'loser', 'JOURNAL_STREAM': '8:20518', '_': '/usr/bin/colcon', 'ROS_VERSION': '2', 'XDG_SESSION_CLASS': 'user', 'USERNAME': 'loser', 'TERM': 'xterm-256color', 'GNOME_DESKTOP_SESSION_ID': 'this-is-deprecated', 'FC_FONTATIONS': '1', 'ROS_LOCALHOST_ONLY': '0', 'PATH': '/home/loser/.config/Code/User/globalStorage/github.copilot-chat/debugCommand:/home/loser/.config/Code/User/globalStorage/github.copilot-chat/copilotCli:/opt/ros/humble/bin:/usr/local/sbin:/usr/local/bin:/usr/sbin:/usr/bin:/sbin:/bin:/usr/games:/usr/local/games:/snap/bin:/snap/bin', 'SESSION_MANAGER': 'local/loser-vm:@/tmp/.ICE-unix/1583,unix/loser-vm:/tmp/.ICE-unix/1583', 'INVOCATION_ID': '3049aaef72ab45bda2c45e7e91538e54', 'PAPERSIZE': 'a4', 'XDG_MENU_PREFIX': 'gnome-', 'LC_ADDRESS': 'zh_CN.UTF-8', 'GNOME_SETUP_DISPLAY': ':1', 'XDG_RUNTIME_DIR': '/run/user/1000', 'GDK_BACKEND': 'wayland', 'DISPLAY': ':0', 'LANG': 'zh_CN.UTF-8', 'XDG_CURRENT_DESKTOP': 'ubuntu:GNOME', 'PYTHONSTARTUP': '/home/loser/.config/Code/User/workspaceStorage/8648397a620a1c47015fb5f0b3e3803b/ms-python.python/pythonrc.py', 'LC_TELEPHONE': 'zh_CN.UTF-8', 'XMODIFIERS': '@im=fcitx', 'XDG_SESSION_DESKTOP': 'ubuntu', 'XAUTHORITY': '/run/user/1000/.mutter-Xwaylandauth.3PQSP3', 'LS_COLORS': 'rs=0:di=01;34:ln=01;36:mh=00:pi=40;33:so=01;35:do=01;35:bd=40;33;01:cd=40;33;01:or=40;31;01:mi=00:su=37;41:sg=30;43:ca=30;41:tw=30;42:ow=34;42:st=37;44:ex=01;32:*.tar=01;31:*.tgz=01;31:*.arc=01;31:*.arj=01;31:*.taz=01;31:*.lha=01;31:*.lz4=01;31:*.lzh=01;31:*.lzma=01;31:*.tlz=01;31:*.txz=01;31:*.tzo=01;31:*.t7z=01;31:*.zip=01;31:*.z=01;31:*.dz=01;31:*.gz=01;31:*.lrz=01;31:*.lz=01;31:*.lzo=01;31:*.xz=01;31:*.zst=01;31:*.tzst=01;31:*.bz2=01;31:*.bz=01;31:*.tbz=01;31:*.tbz2=01;31:*.tz=01;31:*.deb=01;31:*.rpm=01;31:*.jar=01;31:*.war=01;31:*.ear=01;31:*.sar=01;31:*.rar=01;31:*.alz=01;31:*.ace=01;31:*.zoo=01;31:*.cpio=01;31:*.7z=01;31:*.rz=01;31:*.cab=01;31:*.wim=01;31:*.swm=01;31:*.dwm=01;31:*.esd=01;31:*.jpg=01;35:*.jpeg=01;35:*.mjpg=01;35:*.mjpeg=01;35:*.gif=01;35:*.bmp=01;35:*.pbm=01;35:*.pgm=01;35:*.ppm=01;35:*.tga=01;35:*.xbm=01;35:*.xpm=01;35:*.tif=01;35:*.tiff=01;35:*.png=01;35:*.svg=01;35:*.svgz=01;35:*.mng=01;35:*.pcx=01;35:*.mov=01;35:*.mpg=01;35:*.mpeg=01;35:*.m2v=01;35:*.mkv=01;35:*.webm=01;35:*.webp=01;35:*.ogm=01;35:*.mp4=01;35:*.m4v=01;35:*.mp4v=01;35:*.vob=01;35:*.qt=01;35:*.nuv=01;35:*.wmv=01;35:*.asf=01;35:*.rm=01;35:*.rmvb=01;35:*.flc=01;35:*.avi=01;35:*.fli=01;35:*.flv=01;35:*.gl=01;35:*.dl=01;35:*.xcf=01;35:*.xwd=01;35:*.yuv=01;35:*.cgm=01;35:*.emf=01;35:*.ogv=01;35:*.ogx=01;35:*.aac=00;36:*.au=00;36:*.flac=00;36:*.m4a=00;36:*.mid=00;36:*.midi=00;36:*.mka=00;36:*.mp3=00;36:*.mpc=00;36:*.ogg=00;36:*.ra=00;36:*.wav=00;36:*.oga=00;36:*.opus=00;36:*.spx=00;36:*.xspf=00;36:', 'TERM_PROGRAM': 'vscode', 'SSH_AGENT_LAUNCHER': 'gnome-keyring', 'SSH_AUTH_SOCK': '/run/user/1000/keyring/ssh', 'AMENT_PREFIX_PATH': '/home/loser/ws01_plumbing/install/py01_topic:/home/loser/ws01_plumbing/install/cpp02_service:/home/loser/ws01_plumbing/install/cpp01_topic:/home/loser/ws01_plumbing/install/base_interfaces_demo:/opt/ros/humble', 'SHELL': '/bin/bash', 'LC_NAME': 'zh_CN.UTF-8', 'QT_ACCESSIBILITY': '1', 'GDMSESSION': 'ubuntu', 'LESSCLOSE': '/usr/bin/lesspipe %s %s', 'LC_MEASUREMENT': 'zh_CN.UTF-8', 'GJS_DEBUG_OUTPUT': 'stderr', 'LC_IDENTIFICATION': 'zh_CN.UTF-8', 'QT_IM_MODULE': 'fcitx', 'PWD': '/home/loser/ws01_plumbing/build/py02_service', 'XDG_CONFIG_DIRS': '/etc/xdg/xdg-ubuntu:/etc/xdg', 'CLUTTER_IM_MODULE': 'xim', 'XDG_DATA_DIRS': '/usr/share/ubuntu:/usr/local/share/:/usr/share/:/var/lib/snapd/desktop', 'PYTHONPATH': '/home/loser/ws01_plumbing/build/py02_service/prefix_override:/usr/lib/python3/dist-packages/colcon_core/task/python/colcon_distutils_commands:/home/loser/ws01_plumbing/install/py02_service/lib/python3.10/site-packages:/home/loser/ws01_plumbing/install/py01_topic/lib/python3.10/site-packages:/home/loser/ws01_plumbing/install/base_interfaces_demo/local/lib/python3.10/dist-packages:/opt/ros/humble/lib/python3.10/site-packages:/opt/ros/humble/local/lib/python3.10/dist-packages', 'LC_NUMERIC': 'zh_CN.UTF-8', 'LC_PAPER': 'zh_CN.UTF-8', 'COLCON': '1', 'CMAKE_PREFIX_PATH': '/home/loser/ws01_plumbing/install/base_interfaces_demo:/home/loser/ws01_plumbing/install/cpp02_service:/home/loser/ws01_plumbing/install/cpp01_topic'}, 'shell': False}
[1.207975] (-) TimerEvent: {}
[1.308165] (-) TimerEvent: {}
[1.375220] (py01_topic) StdoutLine: {'line': b'running egg_info\n'}
[1.375848] (py01_topic) StdoutLine: {'line': b'writing ../../build/py01_topic/py01_topic.egg-info/PKG-INFO\n'}
[1.380678] (py01_topic) StdoutLine: {'line': b'writing dependency_links to ../../build/py01_topic/py01_topic.egg-info/dependency_links.txt\n'}
[1.380801] (py01_topic) StdoutLine: {'line': b'writing entry points to ../../build/py01_topic/py01_topic.egg-info/entry_points.txt\n'}
[1.380838] (py01_topic) StdoutLine: {'line': b'writing requirements to ../../build/py01_topic/py01_topic.egg-info/requires.txt\n'}
[1.380862] (py01_topic) StdoutLine: {'line': b'writing top-level names to ../../build/py01_topic/py01_topic.egg-info/top_level.txt\n'}
[1.380907] (py01_topic) StdoutLine: {'line': b"reading manifest file '../../build/py01_topic/py01_topic.egg-info/SOURCES.txt'\n"}
[1.386044] (py01_topic) StdoutLine: {'line': b"writing manifest file '../../build/py01_topic/py01_topic.egg-info/SOURCES.txt'\n"}
[1.386128] (py01_topic) StdoutLine: {'line': b'running build\n'}
[1.386156] (py01_topic) StdoutLine: {'line': b'running build_py\n'}
[1.386178] (py01_topic) StdoutLine: {'line': b'running install\n'}
[1.386198] (py01_topic) StdoutLine: {'line': b'running install_lib\n'}
[1.386218] (py01_topic) StdoutLine: {'line': b'running install_data\n'}
[1.386236] (py01_topic) StdoutLine: {'line': b'running install_egg_info\n'}
[1.386276] (py01_topic) StdoutLine: {'line': b"removing '/home/loser/ws01_plumbing/install/py01_topic/lib/python3.10/site-packages/py01_topic-0.0.0-py3.10.egg-info' (and everything under it)\n"}
[1.388599] (py01_topic) StdoutLine: {'line': b'Copying ../../build/py01_topic/py01_topic.egg-info to /home/loser/ws01_plumbing/install/py01_topic/lib/python3.10/site-packages/py01_topic-0.0.0-py3.10.egg-info\n'}
[1.392813] (py01_topic) StdoutLine: {'line': b'running install_scripts\n'}
[1.408265] (-) TimerEvent: {}
[1.416480] (py01_topic) StdoutLine: {'line': b'Installing demo_str_py_listener script to /home/loser/ws01_plumbing/install/py01_topic/lib/py01_topic\n'}
[1.419566] (py01_topic) StdoutLine: {'line': b'Installing demo_str_py_publisher script to /home/loser/ws01_plumbing/install/py01_topic/lib/py01_topic\n'}
[1.419648] (py01_topic) StdoutLine: {'line': b'Installing demo_stu_py_listener script to /home/loser/ws01_plumbing/install/py01_topic/lib/py01_topic\n'}
[1.419678] (py01_topic) StdoutLine: {'line': b'Installing demo_stu_py_publisher script to /home/loser/ws01_plumbing/install/py01_topic/lib/py01_topic\n'}
[1.421805] (py01_topic) StdoutLine: {'line': b"writing list of installed files to '/home/loser/ws01_plumbing/build/py01_topic/install.log'\n"}
[1.442600] (py01_topic) CommandEnded: {'returncode': 0}
[1.448650] (py01_topic) JobEnded: {'identifier': 'py01_topic', 'rc': 0}
[1.452692] (cpp01_topic) StdoutLine: {'line': b'[ 75%] Built target demo_str_cpp_listener\n'}
[1.483857] (py02_service) StdoutLine: {'line': b'running egg_info\n'}
[1.485821] (py02_service) StdoutLine: {'line': b'creating ../../build/py02_service/py02_service.egg-info\n'}
[1.485896] (py02_service) StdoutLine: {'line': b'writing ../../build/py02_service/py02_service.egg-info/PKG-INFO\n'}
[1.485927] (py02_service) StdoutLine: {'line': b'writing dependency_links to ../../build/py02_service/py02_service.egg-info/dependency_links.txt\n'}
[1.485954] (py02_service) StdoutLine: {'line': b'writing entry points to ../../build/py02_service/py02_service.egg-info/entry_points.txt\n'}
[1.485978] (py02_service) StdoutLine: {'line': b'writing requirements to ../../build/py02_service/py02_service.egg-info/requires.txt\n'}
[1.486001] (py02_service) StdoutLine: {'line': b'writing top-level names to ../../build/py02_service/py02_service.egg-info/top_level.txt\n'}
[1.486022] (py02_service) StdoutLine: {'line': b"writing manifest file '../../build/py02_service/py02_service.egg-info/SOURCES.txt'\n"}
[1.486042] (py02_service) StdoutLine: {'line': b"reading manifest file '../../build/py02_service/py02_service.egg-info/SOURCES.txt'\n"}
[1.486116] (py02_service) StdoutLine: {'line': b"writing manifest file '../../build/py02_service/py02_service.egg-info/SOURCES.txt'\n"}
[1.486472] (py02_service) StdoutLine: {'line': b'running build\n'}
[1.486574] (py02_service) StdoutLine: {'line': b'running build_py\n'}
[1.486701] (py02_service) StdoutLine: {'line': b'creating /home/loser/ws01_plumbing/build/py02_service/build\n'}
[1.486810] (py02_service) StdoutLine: {'line': b'creating /home/loser/ws01_plumbing/build/py02_service/build/lib\n'}
[1.486847] (py02_service) StdoutLine: {'line': b'creating /home/loser/ws01_plumbing/build/py02_service/build/lib/py02_service\n'}
[1.486920] (py02_service) StdoutLine: {'line': b'copying py02_service/demo01_server.py -> /home/loser/ws01_plumbing/build/py02_service/build/lib/py02_service\n'}
[1.487027] (py02_service) StdoutLine: {'line': b'copying py02_service/__init__.py -> /home/loser/ws01_plumbing/build/py02_service/build/lib/py02_service\n'}
[1.487159] (py02_service) StdoutLine: {'line': b'running install\n'}
[1.489118] (py02_service) StdoutLine: {'line': b'running install_lib\n'}
[1.489887] (py02_service) StdoutLine: {'line': b'creating /home/loser/ws01_plumbing/install/py02_service/lib/python3.10/site-packages/py02_service\n'}
[1.490148] (py02_service) StdoutLine: {'line': b'copying /home/loser/ws01_plumbing/build/py02_service/build/lib/py02_service/demo01_server.py -> /home/loser/ws01_plumbing/install/py02_service/lib/python3.10/site-packages/py02_service\n'}
[1.490364] (py02_service) StdoutLine: {'line': b'copying /home/loser/ws01_plumbing/build/py02_service/build/lib/py02_service/__init__.py -> /home/loser/ws01_plumbing/install/py02_service/lib/python3.10/site-packages/py02_service\n'}
[1.491173] (py02_service) StdoutLine: {'line': b'byte-compiling /home/loser/ws01_plumbing/install/py02_service/lib/python3.10/site-packages/py02_service/demo01_server.py to demo01_server.cpython-310.pyc\n'}
[1.491779] (py02_service) StdoutLine: {'line': b'byte-compiling /home/loser/ws01_plumbing/install/py02_service/lib/python3.10/site-packages/py02_service/__init__.py to __init__.cpython-310.pyc\n'}
[1.492236] (py02_service) StdoutLine: {'line': b'running install_data\n'}
[1.492436] (py02_service) StdoutLine: {'line': b'creating /home/loser/ws01_plumbing/install/py02_service/share/ament_index\n'}
[1.492482] (py02_service) StdoutLine: {'line': b'creating /home/loser/ws01_plumbing/install/py02_service/share/ament_index/resource_index\n'}
[1.492911] (py02_service) StdoutLine: {'line': b'creating /home/loser/ws01_plumbing/install/py02_service/share/ament_index/resource_index/packages\n'}
[1.492991] (py02_service) StdoutLine: {'line': b'copying resource/py02_service -> /home/loser/ws01_plumbing/install/py02_service/share/ament_index/resource_index/packages\n'}
[1.493219] (py02_service) StdoutLine: {'line': b'copying package.xml -> /home/loser/ws01_plumbing/install/py02_service/share/py02_service\n'}
[1.493305] (py02_service) StdoutLine: {'line': b'running install_egg_info\n'}
[1.495931] (py02_service) StdoutLine: {'line': b'Copying ../../build/py02_service/py02_service.egg-info to /home/loser/ws01_plumbing/install/py02_service/lib/python3.10/site-packages/py02_service-0.0.0-py3.10.egg-info\n'}
[1.496597] (py02_service) StdoutLine: {'line': b'running install_scripts\n'}
[1.508785] (-) TimerEvent: {}
[1.517347] (py02_service) StdoutLine: {'line': b'Installing demo01_server script to /home/loser/ws01_plumbing/install/py02_service/lib/py02_service\n'}
[1.517803] (py02_service) StdoutLine: {'line': b"writing list of installed files to '/home/loser/ws01_plumbing/build/py02_service/install.log'\n"}
[1.532718] (py02_service) CommandEnded: {'returncode': 0}
[1.535724] (py02_service) JobEnded: {'identifier': 'py02_service', 'rc': 0}
[1.609074] (-) TimerEvent: {}
[1.711982] (-) TimerEvent: {}
[1.812295] (-) TimerEvent: {}
[1.912597] (-) TimerEvent: {}
[2.012928] (-) TimerEvent: {}
[2.114826] (-) TimerEvent: {}
[2.215186] (-) TimerEvent: {}
[2.315544] (-) TimerEvent: {}
[2.415899] (-) TimerEvent: {}
[2.516268] (-) TimerEvent: {}
[2.616945] (-) TimerEvent: {}
[2.718125] (-) TimerEvent: {}
[2.818459] (-) TimerEvent: {}
[2.918816] (-) TimerEvent: {}
[3.019172] (-) TimerEvent: {}
[3.119497] (-) TimerEvent: {}
[3.220465] (-) TimerEvent: {}
[3.320753] (-) TimerEvent: {}
[3.421116] (-) TimerEvent: {}
[3.521564] (-) TimerEvent: {}
[3.622317] (-) TimerEvent: {}
[3.722664] (-) TimerEvent: {}
[3.823162] (-) TimerEvent: {}
[3.923503] (-) TimerEvent: {}
[4.023812] (-) TimerEvent: {}
[4.062260] (cpp01_topic) StdoutLine: {'line': b'[ 87%] \x1b[32m\x1b[1mLinking CXX executable demo_stu_cpp_publisher\x1b[0m\n'}
[4.123993] (-) TimerEvent: {}
[4.225042] (-) TimerEvent: {}
[4.228307] (cpp01_topic) StdoutLine: {'line': b'[ 87%] Built target demo_stu_cpp_publisher\n'}
[4.325406] (-) TimerEvent: {}
[4.426394] (-) TimerEvent: {}
[4.527639] (-) TimerEvent: {}
[4.628850] (-) TimerEvent: {}
[4.729351] (-) TimerEvent: {}
[4.830054] (-) TimerEvent: {}
[4.930594] (-) TimerEvent: {}
[5.031310] (-) TimerEvent: {}
[5.132020] (-) TimerEvent: {}
[5.232671] (-) TimerEvent: {}
[5.333402] (-) TimerEvent: {}
[5.434072] (-) TimerEvent: {}
[5.534661] (-) TimerEvent: {}
[5.635178] (-) TimerEvent: {}
[5.735786] (-) TimerEvent: {}
[5.836259] (-) TimerEvent: {}
[5.936905] (-) TimerEvent: {}
[6.037533] (-) TimerEvent: {}
[6.138249] (-) TimerEvent: {}
[6.238756] (-) TimerEvent: {}
[6.339384] (-) TimerEvent: {}
[6.440051] (-) TimerEvent: {}
[6.541574] (-) TimerEvent: {}
[6.642996] (-) TimerEvent: {}
[6.743716] (-) TimerEvent: {}
[6.844493] (-) TimerEvent: {}
[6.945158] (-) TimerEvent: {}
[7.045891] (-) TimerEvent: {}
[7.049926] (cpp01_topic) StdoutLine: {'line': b'[100%] \x1b[32m\x1b[1mLinking CXX executable demo_stu_cpp_listener\x1b[0m\n'}
[7.146027] (-) TimerEvent: {}
[7.250132] (-) TimerEvent: {}
[7.309827] (cpp01_topic) StdoutLine: {'line': b'[100%] Built target demo_stu_cpp_listener\n'}
[7.318821] (cpp01_topic) CommandEnded: {'returncode': 0}
[7.322916] (cpp01_topic) JobProgress: {'identifier': 'cpp01_topic', 'progress': 'install'}
[7.323011] (cpp01_topic) Command: {'cmd': ['/usr/bin/cmake', '--install', '/home/loser/ws01_plumbing/build/cpp01_topic'], 'cwd': '/home/loser/ws01_plumbing/build/cpp01_topic', 'env': OrderedDict([('GJS_DEBUG_TOPICS', 'JS ERROR;JS LOG'), ('PYTHON_BASIC_REPL', '1'), ('LESSOPEN', '| /usr/bin/lesspipe %s'), ('LANGUAGE', 'zh_CN:en'), ('USER', 'loser'), ('LC_TIME', 'zh_CN.UTF-8'), ('XDG_SESSION_TYPE', 'wayland'), ('SHLVL', '1'), ('LD_LIBRARY_PATH', '/home/loser/ws01_plumbing/install/base_interfaces_demo/lib:/opt/ros/humble/opt/rviz_ogre_vendor/lib:/opt/ros/humble/lib/x86_64-linux-gnu:/opt/ros/humble/lib'), ('HOME', '/home/loser'), ('CHROME_DESKTOP', 'code.desktop'), ('TERM_PROGRAM_VERSION', '1.121.0'), ('DESKTOP_SESSION', 'ubuntu'), ('GIO_LAUNCHED_DESKTOP_FILE', '/usr/share/applications/code.desktop'), ('ROS_PYTHON_VERSION', '3'), ('GNOME_SHELL_SESSION_MODE', 'ubuntu'), ('GTK_MODULES', 'gail:atk-bridge'), ('LC_MONETARY', 'zh_CN.UTF-8'), ('MANAGERPID', '1453'), ('SYSTEMD_EXEC_PID', '1615'), ('IM_CONFIG_CHECK_ENV', '1'), ('VSCODE_PYTHON_AUTOACTIVATE_GUARD', '1'), ('DBUS_SESSION_BUS_ADDRESS', 'unix:path=/run/user/1000/bus'), ('COLORTERM', 'truecolor'), ('GIO_LAUNCHED_DESKTOP_FILE_PID', '17729'), ('IM_CONFIG_PHASE', '1'), ('WAYLAND_DISPLAY', 'wayland-0'), ('COLCON_PREFIX_PATH', '/home/loser/ws01_plumbing/install'), ('ROS_DISTRO', 'humble'), ('GTK_IM_MODULE', 'fcitx'), ('LOGNAME', 'loser'), ('JOURNAL_STREAM', '8:20518'), ('_', '/usr/bin/colcon'), ('ROS_VERSION', '2'), ('XDG_SESSION_CLASS', 'user'), ('USERNAME', 'loser'), ('TERM', 'xterm-256color'), ('GNOME_DESKTOP_SESSION_ID', 'this-is-deprecated'), ('FC_FONTATIONS', '1'), ('ROS_LOCALHOST_ONLY', '0'), ('PATH', '/home/loser/.config/Code/User/globalStorage/github.copilot-chat/debugCommand:/home/loser/.config/Code/User/globalStorage/github.copilot-chat/copilotCli:/opt/ros/humble/bin:/usr/local/sbin:/usr/local/bin:/usr/sbin:/usr/bin:/sbin:/bin:/usr/games:/usr/local/games:/snap/bin:/snap/bin'), ('SESSION_MANAGER', 'local/loser-vm:@/tmp/.ICE-unix/1583,unix/loser-vm:/tmp/.ICE-unix/1583'), ('INVOCATION_ID', '3049aaef72ab45bda2c45e7e91538e54'), ('PAPERSIZE', 'a4'), ('XDG_MENU_PREFIX', 'gnome-'), ('LC_ADDRESS', 'zh_CN.UTF-8'), ('GNOME_SETUP_DISPLAY', ':1'), ('XDG_RUNTIME_DIR', '/run/user/1000'), ('GDK_BACKEND', 'wayland'), ('DISPLAY', ':0'), ('LANG', 'zh_CN.UTF-8'), ('XDG_CURRENT_DESKTOP', 'ubuntu:GNOME'), ('PYTHONSTARTUP', '/home/loser/.config/Code/User/workspaceStorage/8648397a620a1c47015fb5f0b3e3803b/ms-python.python/pythonrc.py'), ('LC_TELEPHONE', 'zh_CN.UTF-8'), ('XMODIFIERS', '@im=fcitx'), ('XDG_SESSION_DESKTOP', 'ubuntu'), ('XAUTHORITY', '/run/user/1000/.mutter-Xwaylandauth.3PQSP3'), ('LS_COLORS', 'rs=0:di=01;34:ln=01;36:mh=00:pi=40;33:so=01;35:do=01;35:bd=40;33;01:cd=40;33;01:or=40;31;01:mi=00:su=37;41:sg=30;43:ca=30;41:tw=30;42:ow=34;42:st=37;44:ex=01;32:*.tar=01;31:*.tgz=01;31:*.arc=01;31:*.arj=01;31:*.taz=01;31:*.lha=01;31:*.lz4=01;31:*.lzh=01;31:*.lzma=01;31:*.tlz=01;31:*.txz=01;31:*.tzo=01;31:*.t7z=01;31:*.zip=01;31:*.z=01;31:*.dz=01;31:*.gz=01;31:*.lrz=01;31:*.lz=01;31:*.lzo=01;31:*.xz=01;31:*.zst=01;31:*.tzst=01;31:*.bz2=01;31:*.bz=01;31:*.tbz=01;31:*.tbz2=01;31:*.tz=01;31:*.deb=01;31:*.rpm=01;31:*.jar=01;31:*.war=01;31:*.ear=01;31:*.sar=01;31:*.rar=01;31:*.alz=01;31:*.ace=01;31:*.zoo=01;31:*.cpio=01;31:*.7z=01;31:*.rz=01;31:*.cab=01;31:*.wim=01;31:*.swm=01;31:*.dwm=01;31:*.esd=01;31:*.jpg=01;35:*.jpeg=01;35:*.mjpg=01;35:*.mjpeg=01;35:*.gif=01;35:*.bmp=01;35:*.pbm=01;35:*.pgm=01;35:*.ppm=01;35:*.tga=01;35:*.xbm=01;35:*.xpm=01;35:*.tif=01;35:*.tiff=01;35:*.png=01;35:*.svg=01;35:*.svgz=01;35:*.mng=01;35:*.pcx=01;35:*.mov=01;35:*.mpg=01;35:*.mpeg=01;35:*.m2v=01;35:*.mkv=01;35:*.webm=01;35:*.webp=01;35:*.ogm=01;35:*.mp4=01;35:*.m4v=01;35:*.mp4v=01;35:*.vob=01;35:*.qt=01;35:*.nuv=01;35:*.wmv=01;35:*.asf=01;35:*.rm=01;35:*.rmvb=01;35:*.flc=01;35:*.avi=01;35:*.fli=01;35:*.flv=01;35:*.gl=01;35:*.dl=01;35:*.xcf=01;35:*.xwd=01;35:*.yuv=01;35:*.cgm=01;35:*.emf=01;35:*.ogv=01;35:*.ogx=01;35:*.aac=00;36:*.au=00;36:*.flac=00;36:*.m4a=00;36:*.mid=00;36:*.midi=00;36:*.mka=00;36:*.mp3=00;36:*.mpc=00;36:*.ogg=00;36:*.ra=00;36:*.wav=00;36:*.oga=00;36:*.opus=00;36:*.spx=00;36:*.xspf=00;36:'), ('TERM_PROGRAM', 'vscode'), ('SSH_AGENT_LAUNCHER', 'gnome-keyring'), ('SSH_AUTH_SOCK', '/run/user/1000/keyring/ssh'), ('AMENT_PREFIX_PATH', '/home/loser/ws01_plumbing/install/py01_topic:/home/loser/ws01_plumbing/install/cpp02_service:/home/loser/ws01_plumbing/install/cpp01_topic:/home/loser/ws01_plumbing/install/base_interfaces_demo:/opt/ros/humble'), ('SHELL', '/bin/bash'), ('LC_NAME', 'zh_CN.UTF-8'), ('QT_ACCESSIBILITY', '1'), ('GDMSESSION', 'ubuntu'), ('LESSCLOSE', '/usr/bin/lesspipe %s %s'), ('LC_MEASUREMENT', 'zh_CN.UTF-8'), ('GJS_DEBUG_OUTPUT', 'stderr'), ('LC_IDENTIFICATION', 'zh_CN.UTF-8'), ('QT_IM_MODULE', 'fcitx'), ('PWD', '/home/loser/ws01_plumbing/build/cpp01_topic'), ('XDG_CONFIG_DIRS', '/etc/xdg/xdg-ubuntu:/etc/xdg'), ('CLUTTER_IM_MODULE', 'xim'), ('XDG_DATA_DIRS', '/usr/share/ubuntu:/usr/local/share/:/usr/share/:/var/lib/snapd/desktop'), ('PYTHONPATH', '/home/loser/ws01_plumbing/install/py01_topic/lib/python3.10/site-packages:/home/loser/ws01_plumbing/install/base_interfaces_demo/local/lib/python3.10/dist-packages:/opt/ros/humble/lib/python3.10/site-packages:/opt/ros/humble/local/lib/python3.10/dist-packages'), ('LC_NUMERIC', 'zh_CN.UTF-8'), ('LC_PAPER', 'zh_CN.UTF-8'), ('COLCON', '1'), ('CMAKE_PREFIX_PATH', '/home/loser/ws01_plumbing/install/base_interfaces_demo:/home/loser/ws01_plumbing/install/cpp02_service:/home/loser/ws01_plumbing/install/cpp01_topic:/home/loser/ws01_plumbing/install/py01_topic:/opt/ros/humble')]), 'shell': False}
[7.326842] (cpp01_topic) StdoutLine: {'line': b'-- Install configuration: ""\n'}
[7.326925] (cpp01_topic) StdoutLine: {'line': b'-- Installing: /home/loser/ws01_plumbing/install/cpp01_topic/lib/cpp01_topic/demo_str_cpp_publisher\n'}
[7.327860] (cpp01_topic) StdoutLine: {'line': b'-- Set runtime path of "/home/loser/ws01_plumbing/install/cpp01_topic/lib/cpp01_topic/demo_str_cpp_publisher" to ""\n'}
[7.327947] (cpp01_topic) StdoutLine: {'line': b'-- Installing: /home/loser/ws01_plumbing/install/cpp01_topic/lib/cpp01_topic/demo_str_cpp_listener\n'}
[7.331231] (cpp01_topic) StdoutLine: {'line': b'-- Set runtime path of "/home/loser/ws01_plumbing/install/cpp01_topic/lib/cpp01_topic/demo_str_cpp_listener" to ""\n'}
[7.331296] (cpp01_topic) StdoutLine: {'line': b'-- Installing: /home/loser/ws01_plumbing/install/cpp01_topic/lib/cpp01_topic/demo_stu_cpp_publisher\n'}
[7.332359] (cpp01_topic) StdoutLine: {'line': b'-- Set runtime path of "/home/loser/ws01_plumbing/install/cpp01_topic/lib/cpp01_topic/demo_stu_cpp_publisher" to ""\n'}
[7.332455] (cpp01_topic) StdoutLine: {'line': b'-- Installing: /home/loser/ws01_plumbing/install/cpp01_topic/lib/cpp01_topic/demo_stu_cpp_listener\n'}
[7.335525] (cpp01_topic) StdoutLine: {'line': b'-- Set runtime path of "/home/loser/ws01_plumbing/install/cpp01_topic/lib/cpp01_topic/demo_stu_cpp_listener" to ""\n'}
[7.335598] (cpp01_topic) StdoutLine: {'line': b'-- Up-to-date: /home/loser/ws01_plumbing/install/cpp01_topic/share/ament_index/resource_index/package_run_dependencies/cpp01_topic\n'}
[7.335657] (cpp01_topic) StdoutLine: {'line': b'-- Installing: /home/loser/ws01_plumbing/install/cpp01_topic/share/ament_index/resource_index/parent_prefix_path/cpp01_topic\n'}
[7.336855] (cpp01_topic) StdoutLine: {'line': b'-- Up-to-date: /home/loser/ws01_plumbing/install/cpp01_topic/share/cpp01_topic/environment/ament_prefix_path.sh\n'}
[7.336915] (cpp01_topic) StdoutLine: {'line': b'-- Installing: /home/loser/ws01_plumbing/install/cpp01_topic/share/cpp01_topic/environment/ament_prefix_path.dsv\n'}
[7.336949] (cpp01_topic) StdoutLine: {'line': b'-- Up-to-date: /home/loser/ws01_plumbing/install/cpp01_topic/share/cpp01_topic/environment/path.sh\n'}
[7.336982] (cpp01_topic) StdoutLine: {'line': b'-- Installing: /home/loser/ws01_plumbing/install/cpp01_topic/share/cpp01_topic/environment/path.dsv\n'}
[7.337082] (cpp01_topic) StdoutLine: {'line': b'-- Up-to-date: /home/loser/ws01_plumbing/install/cpp01_topic/share/cpp01_topic/local_setup.bash\n'}
[7.337309] (cpp01_topic) StdoutLine: {'line': b'-- Up-to-date: /home/loser/ws01_plumbing/install/cpp01_topic/share/cpp01_topic/local_setup.sh\n'}
[7.337588] (cpp01_topic) StdoutLine: {'line': b'-- Up-to-date: /home/loser/ws01_plumbing/install/cpp01_topic/share/cpp01_topic/local_setup.zsh\n'}
[7.337705] (cpp01_topic) StdoutLine: {'line': b'-- Installing: /home/loser/ws01_plumbing/install/cpp01_topic/share/cpp01_topic/local_setup.dsv\n'}
[7.337773] (cpp01_topic) StdoutLine: {'line': b'-- Installing: /home/loser/ws01_plumbing/install/cpp01_topic/share/cpp01_topic/package.dsv\n'}
[7.338253] (cpp01_topic) StdoutLine: {'line': b'-- Up-to-date: /home/loser/ws01_plumbing/install/cpp01_topic/share/ament_index/resource_index/packages/cpp01_topic\n'}
[7.338338] (cpp01_topic) StdoutLine: {'line': b'-- Up-to-date: /home/loser/ws01_plumbing/install/cpp01_topic/share/cpp01_topic/cmake/cpp01_topicConfig.cmake\n'}
[7.338406] (cpp01_topic) StdoutLine: {'line': b'-- Up-to-date: /home/loser/ws01_plumbing/install/cpp01_topic/share/cpp01_topic/cmake/cpp01_topicConfig-version.cmake\n'}
[7.338465] (cpp01_topic) StdoutLine: {'line': b'-- Up-to-date: /home/loser/ws01_plumbing/install/cpp01_topic/share/cpp01_topic/package.xml\n'}
[7.338558] (cpp01_topic) CommandEnded: {'returncode': 0}
[7.350482] (-) TimerEvent: {}
[7.350948] (cpp01_topic) JobEnded: {'identifier': 'cpp01_topic', 'rc': 0}
[7.351672] (-) EventReactorShutdown: {}
