[0.000000] (-) TimerEvent: {}
[0.000506] (base_interfaces_demo) JobQueued: {'identifier': 'base_interfaces_demo', 'dependencies': OrderedDict()}
[0.000530] (cpp01_topic) JobQueued: {'identifier': 'cpp01_topic', 'dependencies': OrderedDict([('base_interfaces_demo', '/home/loser/ws01_plumbing/install/base_interfaces_demo')])}
[0.000557] (cpp02_service) JobQueued: {'identifier': 'cpp02_service', 'dependencies': OrderedDict([('base_interfaces_demo', '/home/loser/ws01_plumbing/install/base_interfaces_demo')])}
[0.000581] (cpp03_action) JobQueued: {'identifier': 'cpp03_action', 'dependencies': OrderedDict([('base_interfaces_demo', '/home/loser/ws01_plumbing/install/base_interfaces_demo')])}
[0.000638] (py01_topic) JobQueued: {'identifier': 'py01_topic', 'dependencies': OrderedDict([('base_interfaces_demo', '/home/loser/ws01_plumbing/install/base_interfaces_demo')])}
[0.000657] (py02_service) JobQueued: {'identifier': 'py02_service', 'dependencies': OrderedDict([('base_interfaces_demo', '/home/loser/ws01_plumbing/install/base_interfaces_demo')])}
[0.000667] (py03_action) JobQueued: {'identifier': 'py03_action', 'dependencies': OrderedDict([('base_interfaces_demo', '/home/loser/ws01_plumbing/install/base_interfaces_demo')])}
[0.000676] (base_interfaces_demo) JobStarted: {'identifier': 'base_interfaces_demo'}
[0.006273] (base_interfaces_demo) JobProgress: {'identifier': 'base_interfaces_demo', 'progress': 'cmake'}
[0.007136] (base_interfaces_demo) JobProgress: {'identifier': 'base_interfaces_demo', 'progress': 'build'}
[0.007168] (base_interfaces_demo) Command: {'cmd': ['/usr/bin/cmake', '--build', '/home/loser/ws01_plumbing/build/base_interfaces_demo', '--', '-j4', '-l4'], 'cwd': '/home/loser/ws01_plumbing/build/base_interfaces_demo', 'env': OrderedDict([('GJS_DEBUG_TOPICS', 'JS ERROR;JS LOG'), ('PYTHON_BASIC_REPL', '1'), ('LESSOPEN', '| /usr/bin/lesspipe %s'), ('LANGUAGE', 'zh_CN:en'), ('USER', 'loser'), ('LC_TIME', 'zh_CN.UTF-8'), ('XDG_SESSION_TYPE', 'wayland'), ('SHLVL', '1'), ('LD_LIBRARY_PATH', '/home/loser/ws01_plumbing/install/base_interfaces_demo/lib:/usr/lib/x86_64-linux-gnu/gazebo-11/plugins:/opt/ros/humble/opt/rviz_ogre_vendor/lib:/opt/ros/humble/lib/x86_64-linux-gnu:/opt/ros/humble/lib'), ('HOME', '/home/loser'), ('CHROME_DESKTOP', 'code.desktop'), ('OLDPWD', '/home/loser/ws01_plumbing/src'), ('TERM_PROGRAM_VERSION', '1.121.0'), ('DESKTOP_SESSION', 'ubuntu'), ('GIO_LAUNCHED_DESKTOP_FILE', '/usr/share/applications/code.desktop'), ('ROS_PYTHON_VERSION', '3'), ('GNOME_SHELL_SESSION_MODE', 'ubuntu'), ('GTK_MODULES', 'gail:atk-bridge'), ('LC_MONETARY', 'zh_CN.UTF-8'), ('MANAGERPID', '1438'), ('SYSTEMD_EXEC_PID', '1625'), ('IM_CONFIG_CHECK_ENV', '1'), ('VSCODE_PYTHON_AUTOACTIVATE_GUARD', '1'), ('DBUS_SESSION_BUS_ADDRESS', 'unix:path=/run/user/1000/bus'), ('COLORTERM', 'truecolor'), ('GIO_LAUNCHED_DESKTOP_FILE_PID', '2247'), ('IM_CONFIG_PHASE', '1'), ('WAYLAND_DISPLAY', 'wayland-0'), ('COLCON_PREFIX_PATH', '/home/loser/ws01_plumbing/install'), ('ROS_DISTRO', 'humble'), ('GTK_IM_MODULE', 'fcitx'), ('LOGNAME', 'loser'), ('JOURNAL_STREAM', '8:20539'), ('_', '/usr/bin/colcon'), ('ROS_VERSION', '2'), ('XDG_SESSION_CLASS', 'user'), ('USERNAME', 'loser'), ('TERM', 'xterm-256color'), ('GNOME_DESKTOP_SESSION_ID', 'this-is-deprecated'), ('FC_FONTATIONS', '1'), ('ROS_LOCALHOST_ONLY', '0'), ('PATH', '/home/loser/.config/Code/User/globalStorage/github.copilot-chat/debugCommand:/home/loser/.config/Code/User/globalStorage/github.copilot-chat/copilotCli:/opt/ros/humble/bin:/usr/local/sbin:/usr/local/bin:/usr/sbin:/usr/bin:/sbin:/bin:/usr/games:/usr/local/games:/snap/bin:/snap/bin'), ('SESSION_MANAGER', 'local/loser-vm:@/tmp/.ICE-unix/1579,unix/loser-vm:/tmp/.ICE-unix/1579'), ('INVOCATION_ID', 'c066e5289e1f46339e91e1906c356ea9'), ('PAPERSIZE', 'a4'), ('XDG_MENU_PREFIX', 'gnome-'), ('LC_ADDRESS', 'zh_CN.UTF-8'), ('GNOME_SETUP_DISPLAY', ':1'), ('XDG_RUNTIME_DIR', '/run/user/1000'), ('GDK_BACKEND', 'wayland'), ('DISPLAY', ':0'), ('LANG', 'zh_CN.UTF-8'), ('XDG_CURRENT_DESKTOP', 'ubuntu:GNOME'), ('PYTHONSTARTUP', '/home/loser/.config/Code/User/workspaceStorage/8648397a620a1c47015fb5f0b3e3803b/ms-python.python/pythonrc.py'), ('LC_TELEPHONE', 'zh_CN.UTF-8'), ('XMODIFIERS', '@im=fcitx'), ('XDG_SESSION_DESKTOP', 'ubuntu'), ('XAUTHORITY', '/run/user/1000/.mutter-Xwaylandauth.RLY4P3'), ('LS_COLORS', 'rs=0:di=01;34:ln=01;36:mh=00:pi=40;33:so=01;35:do=01;35:bd=40;33;01:cd=40;33;01:or=40;31;01:mi=00:su=37;41:sg=30;43:ca=30;41:tw=30;42:ow=34;42:st=37;44:ex=01;32:*.tar=01;31:*.tgz=01;31:*.arc=01;31:*.arj=01;31:*.taz=01;31:*.lha=01;31:*.lz4=01;31:*.lzh=01;31:*.lzma=01;31:*.tlz=01;31:*.txz=01;31:*.tzo=01;31:*.t7z=01;31:*.zip=01;31:*.z=01;31:*.dz=01;31:*.gz=01;31:*.lrz=01;31:*.lz=01;31:*.lzo=01;31:*.xz=01;31:*.zst=01;31:*.tzst=01;31:*.bz2=01;31:*.bz=01;31:*.tbz=01;31:*.tbz2=01;31:*.tz=01;31:*.deb=01;31:*.rpm=01;31:*.jar=01;31:*.war=01;31:*.ear=01;31:*.sar=01;31:*.rar=01;31:*.alz=01;31:*.ace=01;31:*.zoo=01;31:*.cpio=01;31:*.7z=01;31:*.rz=01;31:*.cab=01;31:*.wim=01;31:*.swm=01;31:*.dwm=01;31:*.esd=01;31:*.jpg=01;35:*.jpeg=01;35:*.mjpg=01;35:*.mjpeg=01;35:*.gif=01;35:*.bmp=01;35:*.pbm=01;35:*.pgm=01;35:*.ppm=01;35:*.tga=01;35:*.xbm=01;35:*.xpm=01;35:*.tif=01;35:*.tiff=01;35:*.png=01;35:*.svg=01;35:*.svgz=01;35:*.mng=01;35:*.pcx=01;35:*.mov=01;35:*.mpg=01;35:*.mpeg=01;35:*.m2v=01;35:*.mkv=01;35:*.webm=01;35:*.webp=01;35:*.ogm=01;35:*.mp4=01;35:*.m4v=01;35:*.mp4v=01;35:*.vob=01;35:*.qt=01;35:*.nuv=01;35:*.wmv=01;35:*.asf=01;35:*.rm=01;35:*.rmvb=01;35:*.flc=01;35:*.avi=01;35:*.fli=01;35:*.flv=01;35:*.gl=01;35:*.dl=01;35:*.xcf=01;35:*.xwd=01;35:*.yuv=01;35:*.cgm=01;35:*.emf=01;35:*.ogv=01;35:*.ogx=01;35:*.aac=00;36:*.au=00;36:*.flac=00;36:*.m4a=00;36:*.mid=00;36:*.midi=00;36:*.mka=00;36:*.mp3=00;36:*.mpc=00;36:*.ogg=00;36:*.ra=00;36:*.wav=00;36:*.oga=00;36:*.opus=00;36:*.spx=00;36:*.xspf=00;36:'), ('TERM_PROGRAM', 'vscode'), ('SSH_AGENT_LAUNCHER', 'gnome-keyring'), ('SSH_AUTH_SOCK', '/run/user/1000/keyring/ssh'), ('AMENT_PREFIX_PATH', '/home/loser/ws01_plumbing/install/py03_action:/home/loser/ws01_plumbing/install/cpp03_action:/home/loser/ws01_plumbing/install/py02_service:/home/loser/ws01_plumbing/install/py01_topic:/home/loser/ws01_plumbing/install/cpp02_service:/home/loser/ws01_plumbing/install/cpp01_topic:/home/loser/ws01_plumbing/install/base_interfaces_demo:/opt/ros/humble'), ('SHELL', '/bin/bash'), ('LC_NAME', 'zh_CN.UTF-8'), ('QT_ACCESSIBILITY', '1'), ('GDMSESSION', 'ubuntu'), ('LESSCLOSE', '/usr/bin/lesspipe %s %s'), ('LC_MEASUREMENT', 'zh_CN.UTF-8'), ('GJS_DEBUG_OUTPUT', 'stderr'), ('LC_IDENTIFICATION', 'zh_CN.UTF-8'), ('QT_IM_MODULE', 'fcitx'), ('PWD', '/home/loser/ws01_plumbing/build/base_interfaces_demo'), ('XDG_CONFIG_DIRS', '/etc/xdg/xdg-ubuntu:/etc/xdg'), ('CLUTTER_IM_MODULE', 'xim'), ('XDG_DATA_DIRS', '/usr/share/ubuntu:/usr/local/share/:/usr/share/:/var/lib/snapd/desktop'), ('PYTHONPATH', '/home/loser/ws01_plumbing/install/py03_action/lib/python3.10/site-packages:/home/loser/ws01_plumbing/install/py02_service/lib/python3.10/site-packages:/home/loser/ws01_plumbing/install/py01_topic/lib/python3.10/site-packages:/home/loser/ws01_plumbing/install/base_interfaces_demo/local/lib/python3.10/dist-packages:/opt/ros/humble/lib/python3.10/site-packages:/opt/ros/humble/local/lib/python3.10/dist-packages'), ('LC_NUMERIC', 'zh_CN.UTF-8'), ('LC_PAPER', 'zh_CN.UTF-8'), ('COLCON', '1'), ('CMAKE_PREFIX_PATH', '/home/loser/ws01_plumbing/install/cpp03_action:/home/loser/ws01_plumbing/install/cpp02_service:/home/loser/ws01_plumbing/install/cpp01_topic:/home/loser/ws01_plumbing/install/base_interfaces_demo:/home/loser/ws01_plumbing/install/py03_action:/home/loser/ws01_plumbing/install/py02_service:/home/loser/ws01_plumbing/install/py01_topic:/opt/ros/humble')]), 'shell': False}
[0.045428] (base_interfaces_demo) StdoutLine: {'line': b'-- Found ament_cmake: 1.3.14 (/opt/ros/humble/share/ament_cmake/cmake)\n'}
[0.099928] (-) TimerEvent: {}
[0.158100] (base_interfaces_demo) StdoutLine: {'line': b'-- Found rosidl_default_generators: 1.2.1 (/opt/ros/humble/share/rosidl_default_generators/cmake)\n'}
[0.161535] (base_interfaces_demo) StdoutLine: {'line': b'-- Using all available rosidl_typesupport_c: rosidl_typesupport_fastrtps_c;rosidl_typesupport_introspection_c\n'}
[0.161654] (base_interfaces_demo) StdoutLine: {'line': b'-- Found rosidl_adapter: 3.1.8 (/opt/ros/humble/share/rosidl_adapter/cmake)\n'}
[0.177802] (base_interfaces_demo) StdoutLine: {'line': b'-- Using all available rosidl_typesupport_cpp: rosidl_typesupport_fastrtps_cpp;rosidl_typesupport_introspection_cpp\n'}
[0.199999] (-) TimerEvent: {}
[0.300252] (-) TimerEvent: {}
[0.400507] (-) TimerEvent: {}
[0.406886] (base_interfaces_demo) StdoutLine: {'line': b'-- Found ament_cmake_ros: 0.10.0 (/opt/ros/humble/share/ament_cmake_ros/cmake)\n'}
[0.500625] (-) TimerEvent: {}
[0.543842] (base_interfaces_demo) StdoutLine: {'line': b'-- Using all available rosidl_typesupport_c: rosidl_typesupport_fastrtps_c;rosidl_typesupport_introspection_c\n'}
[0.600758] (-) TimerEvent: {}
[0.701325] (-) TimerEvent: {}
[0.719314] (base_interfaces_demo) StdoutLine: {'line': b'-- Using all available rosidl_typesupport_cpp: rosidl_typesupport_fastrtps_cpp;rosidl_typesupport_introspection_cpp\n'}
[0.741833] (base_interfaces_demo) StdoutLine: {'line': b'-- Found python_cmake_module: 0.10.0 (/opt/ros/humble/share/python_cmake_module/cmake)\n'}
[0.758021] (base_interfaces_demo) StdoutLine: {'line': b'-- Using PYTHON_EXECUTABLE: /usr/bin/python3\n'}
[0.758161] (base_interfaces_demo) StdoutLine: {'line': b'-- Using PYTHON_INCLUDE_DIRS: /usr/include/python3.10\n'}
[0.758194] (base_interfaces_demo) StdoutLine: {'line': b'-- Using PYTHON_LIBRARIES: /usr/lib/x86_64-linux-gnu/libpython3.10.so\n'}
[0.801414] (-) TimerEvent: {}
[0.810423] (base_interfaces_demo) StdoutLine: {'line': b'-- Found ament_lint_auto: 0.12.15 (/opt/ros/humble/share/ament_lint_auto/cmake)\n'}
[0.832093] (base_interfaces_demo) StdoutLine: {'line': b'-- Configuring done\n'}
[0.880538] (base_interfaces_demo) StdoutLine: {'line': b'-- Generating done\n'}
[0.889647] (base_interfaces_demo) StdoutLine: {'line': b'-- Build files have been written to: /home/loser/ws01_plumbing/build/base_interfaces_demo\n'}
[0.901539] (-) TimerEvent: {}
[0.913675] (base_interfaces_demo) StdoutLine: {'line': b'[  2%] \x1b[34m\x1b[1mGenerating C code for ROS interfaces\x1b[0m\n'}
[0.922617] (base_interfaces_demo) StdoutLine: {'line': b'[  4%] \x1b[34m\x1b[1mGenerating C++ code for ROS interfaces\x1b[0m\n'}
[0.948668] (base_interfaces_demo) StdoutLine: {'line': b'[  6%] \x1b[34m\x1b[1mGenerating Rust code for ROS interfaces\x1b[0m\n'}
[0.953240] (base_interfaces_demo) StdoutLine: {'line': b'[  6%] Built target ament_cmake_python_copy_base_interfaces_demo\n'}
[1.001632] (-) TimerEvent: {}
[1.101910] (-) TimerEvent: {}
[1.162340] (base_interfaces_demo) StdoutLine: {'line': b'running egg_info\n'}
[1.162944] (base_interfaces_demo) StdoutLine: {'line': b'writing base_interfaces_demo.egg-info/PKG-INFO\n'}
[1.163537] (base_interfaces_demo) StdoutLine: {'line': b'writing dependency_links to base_interfaces_demo.egg-info/dependency_links.txt\n'}
[1.164630] (base_interfaces_demo) StdoutLine: {'line': b'writing top-level names to base_interfaces_demo.egg-info/top_level.txt\n'}
[1.166744] (base_interfaces_demo) StdoutLine: {'line': b"reading manifest file 'base_interfaces_demo.egg-info/SOURCES.txt'\n"}
[1.167541] (base_interfaces_demo) StdoutLine: {'line': b"writing manifest file 'base_interfaces_demo.egg-info/SOURCES.txt'\n"}
[1.169396] (base_interfaces_demo) StdoutLine: {'line': b'[  6%] Built target base_interfaces_demo__rs\n'}
[1.190828] (base_interfaces_demo) StdoutLine: {'line': b'[  6%] Built target ament_cmake_python_build_base_interfaces_demo_egg\n'}
[1.202813] (-) TimerEvent: {}
[1.249220] (base_interfaces_demo) StdoutLine: {'line': b'\x1b[35m\x1b[1mConsolidate compiler generated dependencies of target base_interfaces_demo__rosidl_generator_c\x1b[0m\n'}
[1.259873] (base_interfaces_demo) StdoutLine: {'line': b'[  8%] \x1b[32mBuilding C object CMakeFiles/base_interfaces_demo__rosidl_generator_c.dir/rosidl_generator_c/base_interfaces_demo/msg/detail/student__functions.c.o\x1b[0m\n'}
[1.260669] (base_interfaces_demo) StdoutLine: {'line': b'[ 10%] \x1b[32mBuilding C object CMakeFiles/base_interfaces_demo__rosidl_generator_c.dir/rosidl_generator_c/base_interfaces_demo/srv/detail/addints__functions.c.o\x1b[0m\n'}
[1.264044] (base_interfaces_demo) StdoutLine: {'line': b'[ 12%] \x1b[32mBuilding C object CMakeFiles/base_interfaces_demo__rosidl_generator_c.dir/rosidl_generator_c/base_interfaces_demo/action/detail/progress__functions.c.o\x1b[0m\n'}
[1.302930] (-) TimerEvent: {}
[1.325212] (base_interfaces_demo) StdoutLine: {'line': b'[ 12%] Built target base_interfaces_demo__cpp\n'}
[1.332572] (base_interfaces_demo) StdoutLine: {'line': b'[ 14%] \x1b[34m\x1b[1mGenerating C++ type support dispatch for ROS interfaces\x1b[0m\n'}
[1.338172] (base_interfaces_demo) StdoutLine: {'line': b'[ 16%] \x1b[34m\x1b[1mGenerating C++ type support for eProsima Fast-RTPS\x1b[0m\n'}
[1.341807] (base_interfaces_demo) StdoutLine: {'line': b'[ 18%] \x1b[34m\x1b[1mGenerating C++ introspection for ROS interfaces\x1b[0m\n'}
[1.403017] (-) TimerEvent: {}
[1.409075] (base_interfaces_demo) StdoutLine: {'line': b'[ 20%] \x1b[32m\x1b[1mLinking C shared library libbase_interfaces_demo__rosidl_generator_c.so\x1b[0m\n'}
[1.491949] (base_interfaces_demo) StdoutLine: {'line': b'[ 20%] Built target base_interfaces_demo__rosidl_generator_c\n'}
[1.503121] (-) TimerEvent: {}
[1.512980] (base_interfaces_demo) StdoutLine: {'line': b'[ 22%] \x1b[34m\x1b[1mGenerating C type support for eProsima Fast-RTPS\x1b[0m\n'}
[1.603217] (-) TimerEvent: {}
[1.630404] (base_interfaces_demo) StdoutLine: {'line': b'\x1b[35m\x1b[1mConsolidate compiler generated dependencies of target base_interfaces_demo__rosidl_typesupport_introspection_cpp\x1b[0m\n'}
[1.651416] (base_interfaces_demo) StdoutLine: {'line': b'[ 25%] \x1b[32mBuilding CXX object CMakeFiles/base_interfaces_demo__rosidl_typesupport_introspection_cpp.dir/rosidl_typesupport_introspection_cpp/base_interfaces_demo/msg/detail/student__type_support.cpp.o\x1b[0m\n'}
[1.687958] (base_interfaces_demo) StdoutLine: {'line': b'\x1b[35m\x1b[1mConsolidate compiler generated dependencies of target base_interfaces_demo__rosidl_typesupport_cpp\x1b[0m\n'}
[1.703715] (-) TimerEvent: {}
[1.723399] (base_interfaces_demo) StdoutLine: {'line': b'[ 27%] \x1b[32mBuilding CXX object CMakeFiles/base_interfaces_demo__rosidl_typesupport_cpp.dir/rosidl_typesupport_cpp/base_interfaces_demo/msg/student__type_support.cpp.o\x1b[0m\n'}
[1.754994] (base_interfaces_demo) StdoutLine: {'line': b'\x1b[35m\x1b[1mConsolidate compiler generated dependencies of target base_interfaces_demo__rosidl_typesupport_fastrtps_cpp\x1b[0m\n'}
[1.797174] (base_interfaces_demo) StdoutLine: {'line': b'[ 29%] \x1b[32mBuilding CXX object CMakeFiles/base_interfaces_demo__rosidl_typesupport_fastrtps_cpp.dir/rosidl_typesupport_fastrtps_cpp/base_interfaces_demo/msg/detail/dds_fastrtps/student__type_support.cpp.o\x1b[0m\n'}
[1.808827] (-) TimerEvent: {}
[1.909101] (-) TimerEvent: {}
[1.968285] (base_interfaces_demo) StdoutLine: {'line': b'[ 31%] \x1b[32mBuilding CXX object CMakeFiles/base_interfaces_demo__rosidl_typesupport_cpp.dir/rosidl_typesupport_cpp/base_interfaces_demo/srv/addints__type_support.cpp.o\x1b[0m\n'}
[2.009198] (-) TimerEvent: {}
[2.109838] (-) TimerEvent: {}
[2.187481] (base_interfaces_demo) StdoutLine: {'line': b'\x1b[35m\x1b[1mConsolidate compiler generated dependencies of target base_interfaces_demo__rosidl_typesupport_fastrtps_c\x1b[0m\n'}
[2.188121] (base_interfaces_demo) StdoutLine: {'line': b'[ 33%] \x1b[32mBuilding CXX object CMakeFiles/base_interfaces_demo__rosidl_typesupport_fastrtps_cpp.dir/rosidl_typesupport_fastrtps_cpp/base_interfaces_demo/srv/detail/dds_fastrtps/addints__type_support.cpp.o\x1b[0m\n'}
[2.194726] (base_interfaces_demo) StdoutLine: {'line': b'[ 35%] \x1b[32mBuilding CXX object CMakeFiles/base_interfaces_demo__rosidl_typesupport_introspection_cpp.dir/rosidl_typesupport_introspection_cpp/base_interfaces_demo/srv/detail/addints__type_support.cpp.o\x1b[0m\n'}
[2.207172] (base_interfaces_demo) StdoutLine: {'line': b'[ 37%] \x1b[32mBuilding CXX object CMakeFiles/base_interfaces_demo__rosidl_typesupport_fastrtps_c.dir/rosidl_typesupport_fastrtps_c/base_interfaces_demo/msg/detail/student__type_support_c.cpp.o\x1b[0m\n'}
[2.211002] (-) TimerEvent: {}
[2.241533] (base_interfaces_demo) StdoutLine: {'line': b'[ 39%] \x1b[32mBuilding CXX object CMakeFiles/base_interfaces_demo__rosidl_typesupport_cpp.dir/rosidl_typesupport_cpp/base_interfaces_demo/action/progress__type_support.cpp.o\x1b[0m\n'}
[2.312179] (-) TimerEvent: {}
[2.413185] (-) TimerEvent: {}
[2.514468] (-) TimerEvent: {}
[2.569703] (base_interfaces_demo) StdoutLine: {'line': b'[ 41%] \x1b[32mBuilding CXX object CMakeFiles/base_interfaces_demo__rosidl_typesupport_introspection_cpp.dir/rosidl_typesupport_introspection_cpp/base_interfaces_demo/action/detail/progress__type_support.cpp.o\x1b[0m\n'}
[2.599430] (base_interfaces_demo) StdoutLine: {'line': b'[ 43%] \x1b[32m\x1b[1mLinking CXX shared library libbase_interfaces_demo__rosidl_typesupport_cpp.so\x1b[0m\n'}
[2.615206] (-) TimerEvent: {}
[2.646813] (base_interfaces_demo) StdoutLine: {'line': b'[ 43%] Built target base_interfaces_demo__rosidl_typesupport_cpp\n'}
[2.656556] (base_interfaces_demo) StdoutLine: {'line': b'[ 45%] \x1b[34m\x1b[1mGenerating C introspection for ROS interfaces\x1b[0m\n'}
[2.693701] (base_interfaces_demo) StdoutLine: {'line': b'[ 47%] \x1b[32mBuilding CXX object CMakeFiles/base_interfaces_demo__rosidl_typesupport_fastrtps_c.dir/rosidl_typesupport_fastrtps_c/base_interfaces_demo/srv/detail/addints__type_support_c.cpp.o\x1b[0m\n'}
[2.715769] (-) TimerEvent: {}
[2.753617] (base_interfaces_demo) StdoutLine: {'line': b'[ 50%] \x1b[32mBuilding CXX object CMakeFiles/base_interfaces_demo__rosidl_typesupport_fastrtps_cpp.dir/rosidl_typesupport_fastrtps_cpp/base_interfaces_demo/action/detail/dds_fastrtps/progress__type_support.cpp.o\x1b[0m\n'}
[2.816198] (-) TimerEvent: {}
[2.917185] (-) TimerEvent: {}
[3.018788] (-) TimerEvent: {}
[3.071679] (base_interfaces_demo) StdoutLine: {'line': b'[ 52%] \x1b[32mBuilding CXX object CMakeFiles/base_interfaces_demo__rosidl_typesupport_fastrtps_c.dir/rosidl_typesupport_fastrtps_c/base_interfaces_demo/action/detail/progress__type_support_c.cpp.o\x1b[0m\n'}
[3.095564] (base_interfaces_demo) StdoutLine: {'line': b'\x1b[35m\x1b[1mConsolidate compiler generated dependencies of target base_interfaces_demo__rosidl_typesupport_introspection_c\x1b[0m\n'}
[3.110219] (base_interfaces_demo) StdoutLine: {'line': b'[ 54%] \x1b[32mBuilding C object CMakeFiles/base_interfaces_demo__rosidl_typesupport_introspection_c.dir/rosidl_typesupport_introspection_c/base_interfaces_demo/msg/detail/student__type_support.c.o\x1b[0m\n'}
[3.119360] (-) TimerEvent: {}
[3.145447] (base_interfaces_demo) StdoutLine: {'line': b'[ 56%] \x1b[32mBuilding C object CMakeFiles/base_interfaces_demo__rosidl_typesupport_introspection_c.dir/rosidl_typesupport_introspection_c/base_interfaces_demo/srv/detail/addints__type_support.c.o\x1b[0m\n'}
[3.180160] (base_interfaces_demo) StdoutLine: {'line': b'[ 58%] \x1b[32mBuilding C object CMakeFiles/base_interfaces_demo__rosidl_typesupport_introspection_c.dir/rosidl_typesupport_introspection_c/base_interfaces_demo/action/detail/progress__type_support.c.o\x1b[0m\n'}
[3.220423] (-) TimerEvent: {}
[3.226036] (base_interfaces_demo) StdoutLine: {'line': b'[ 60%] \x1b[32m\x1b[1mLinking C shared library libbase_interfaces_demo__rosidl_typesupport_introspection_c.so\x1b[0m\n'}
[3.260805] (base_interfaces_demo) StdoutLine: {'line': b'[ 60%] Built target base_interfaces_demo__rosidl_typesupport_introspection_c\n'}
[3.278628] (base_interfaces_demo) StdoutLine: {'line': b'[ 62%] \x1b[34m\x1b[1mGenerating C type support dispatch for ROS interfaces\x1b[0m\n'}
[3.320666] (-) TimerEvent: {}
[3.345664] (base_interfaces_demo) StdoutLine: {'line': b'[ 64%] \x1b[32m\x1b[1mLinking CXX shared library libbase_interfaces_demo__rosidl_typesupport_introspection_cpp.so\x1b[0m\n'}
[3.397525] (base_interfaces_demo) StdoutLine: {'line': b'[ 66%] \x1b[32m\x1b[1mLinking CXX shared library libbase_interfaces_demo__rosidl_typesupport_fastrtps_cpp.so\x1b[0m\n'}
[3.422051] (-) TimerEvent: {}
[3.466136] (base_interfaces_demo) StdoutLine: {'line': b'[ 66%] Built target base_interfaces_demo__rosidl_typesupport_introspection_cpp\n'}
[3.491698] (base_interfaces_demo) StdoutLine: {'line': b'[ 66%] Built target base_interfaces_demo__rosidl_typesupport_fastrtps_cpp\n'}
[3.501971] (base_interfaces_demo) StdoutLine: {'line': b'[ 68%] \x1b[32m\x1b[1mLinking CXX shared library libbase_interfaces_demo__rosidl_typesupport_fastrtps_c.so\x1b[0m\n'}
[3.522135] (-) TimerEvent: {}
[3.541878] (base_interfaces_demo) StdoutLine: {'line': b'\x1b[35m\x1b[1mConsolidate compiler generated dependencies of target base_interfaces_demo__rosidl_typesupport_c\x1b[0m\n'}
[3.554655] (base_interfaces_demo) StdoutLine: {'line': b'[ 70%] \x1b[32mBuilding CXX object CMakeFiles/base_interfaces_demo__rosidl_typesupport_c.dir/rosidl_typesupport_c/base_interfaces_demo/action/progress__type_support.cpp.o\x1b[0m\n'}
[3.561830] (base_interfaces_demo) StdoutLine: {'line': b'[ 72%] \x1b[32mBuilding CXX object CMakeFiles/base_interfaces_demo__rosidl_typesupport_c.dir/rosidl_typesupport_c/base_interfaces_demo/srv/addints__type_support.cpp.o\x1b[0m\n'}
[3.577998] (base_interfaces_demo) StdoutLine: {'line': b'[ 75%] \x1b[32mBuilding CXX object CMakeFiles/base_interfaces_demo__rosidl_typesupport_c.dir/rosidl_typesupport_c/base_interfaces_demo/msg/student__type_support.cpp.o\x1b[0m\n'}
[3.599856] (base_interfaces_demo) StdoutLine: {'line': b'[ 75%] Built target base_interfaces_demo__rosidl_typesupport_fastrtps_c\n'}
[3.617854] (base_interfaces_demo) StdoutLine: {'line': b'[ 77%] \x1b[32m\x1b[1mLinking CXX shared library libbase_interfaces_demo__rosidl_typesupport_c.so\x1b[0m\n'}
[3.622274] (-) TimerEvent: {}
[3.658460] (base_interfaces_demo) StdoutLine: {'line': b'[ 77%] Built target base_interfaces_demo__rosidl_typesupport_c\n'}
[3.683640] (base_interfaces_demo) StdoutLine: {'line': b'[ 77%] Built target base_interfaces_demo\n'}
[3.703030] (base_interfaces_demo) StdoutLine: {'line': b'[ 79%] \x1b[34m\x1b[1mGenerating Python code for ROS interfaces\x1b[0m\n'}
[3.722426] (-) TimerEvent: {}
[3.823004] (-) TimerEvent: {}
[3.923794] (-) TimerEvent: {}
[4.024161] (-) TimerEvent: {}
[4.126903] (-) TimerEvent: {}
[4.150114] (base_interfaces_demo) StdoutLine: {'line': b'[ 79%] Built target base_interfaces_demo__py\n'}
[4.159979] (base_interfaces_demo) StdoutLine: {'line': b'\x1b[35m\x1b[1mConsolidate compiler generated dependencies of target base_interfaces_demo__rosidl_generator_py\x1b[0m\n'}
[4.171533] (base_interfaces_demo) StdoutLine: {'line': b'[ 81%] \x1b[32mBuilding C object CMakeFiles/base_interfaces_demo__rosidl_generator_py.dir/rosidl_generator_py/base_interfaces_demo/msg/_student_s.c.o\x1b[0m\n'}
[4.173967] (base_interfaces_demo) StdoutLine: {'line': b'[ 83%] \x1b[32mBuilding C object CMakeFiles/base_interfaces_demo__rosidl_generator_py.dir/rosidl_generator_py/base_interfaces_demo/action/_progress_s.c.o\x1b[0m\n'}
[4.186212] (base_interfaces_demo) StdoutLine: {'line': b'[ 85%] \x1b[32mBuilding C object CMakeFiles/base_interfaces_demo__rosidl_generator_py.dir/rosidl_generator_py/base_interfaces_demo/srv/_addints_s.c.o\x1b[0m\n'}
[4.230037] (-) TimerEvent: {}
[4.330354] (-) TimerEvent: {}
[4.331249] (base_interfaces_demo) StdoutLine: {'line': b'[ 87%] \x1b[32m\x1b[1mLinking C shared library rosidl_generator_py/base_interfaces_demo/libbase_interfaces_demo__rosidl_generator_py.so\x1b[0m\n'}
[4.379042] (base_interfaces_demo) StdoutLine: {'line': b'[ 87%] Built target base_interfaces_demo__rosidl_generator_py\n'}
[4.392136] (base_interfaces_demo) StdoutLine: {'line': b'\x1b[35m\x1b[1mConsolidate compiler generated dependencies of target base_interfaces_demo__rosidl_typesupport_fastrtps_c__pyext\x1b[0m\n'}
[4.396368] (base_interfaces_demo) StdoutLine: {'line': b'\x1b[35m\x1b[1mConsolidate compiler generated dependencies of target base_interfaces_demo__rosidl_typesupport_c__pyext\x1b[0m\n'}
[4.405118] (base_interfaces_demo) StdoutLine: {'line': b'[ 89%] \x1b[32mBuilding C object CMakeFiles/base_interfaces_demo__rosidl_typesupport_fastrtps_c__pyext.dir/rosidl_generator_py/base_interfaces_demo/_base_interfaces_demo_s.ep.rosidl_typesupport_fastrtps_c.c.o\x1b[0m\n'}
[4.414996] (base_interfaces_demo) StdoutLine: {'line': b'[ 91%] \x1b[32mBuilding C object CMakeFiles/base_interfaces_demo__rosidl_typesupport_c__pyext.dir/rosidl_generator_py/base_interfaces_demo/_base_interfaces_demo_s.ep.rosidl_typesupport_c.c.o\x1b[0m\n'}
[4.422568] (base_interfaces_demo) StdoutLine: {'line': b'\x1b[35m\x1b[1mConsolidate compiler generated dependencies of target base_interfaces_demo__rosidl_typesupport_introspection_c__pyext\x1b[0m\n'}
[4.430703] (-) TimerEvent: {}
[4.439128] (base_interfaces_demo) StdoutLine: {'line': b'[ 93%] \x1b[32mBuilding C object CMakeFiles/base_interfaces_demo__rosidl_typesupport_introspection_c__pyext.dir/rosidl_generator_py/base_interfaces_demo/_base_interfaces_demo_s.ep.rosidl_typesupport_introspection_c.c.o\x1b[0m\n'}
[4.530908] (-) TimerEvent: {}
[4.584345] (base_interfaces_demo) StdoutLine: {'line': b'[ 95%] \x1b[32m\x1b[1mLinking C shared library rosidl_generator_py/base_interfaces_demo/base_interfaces_demo_s__rosidl_typesupport_introspection_c.cpython-310-x86_64-linux-gnu.so\x1b[0m\n'}
[4.631333] (-) TimerEvent: {}
[4.639571] (base_interfaces_demo) StdoutLine: {'line': b'[ 97%] \x1b[32m\x1b[1mLinking C shared library rosidl_generator_py/base_interfaces_demo/base_interfaces_demo_s__rosidl_typesupport_fastrtps_c.cpython-310-x86_64-linux-gnu.so\x1b[0m\n'}
[4.639723] (base_interfaces_demo) StdoutLine: {'line': b'[100%] \x1b[32m\x1b[1mLinking C shared library rosidl_generator_py/base_interfaces_demo/base_interfaces_demo_s__rosidl_typesupport_c.cpython-310-x86_64-linux-gnu.so\x1b[0m\n'}
[4.651880] (base_interfaces_demo) StdoutLine: {'line': b'[100%] Built target base_interfaces_demo__rosidl_typesupport_introspection_c__pyext\n'}
[4.691289] (base_interfaces_demo) StdoutLine: {'line': b'[100%] Built target base_interfaces_demo__rosidl_typesupport_c__pyext\n'}
[4.704855] (base_interfaces_demo) StdoutLine: {'line': b'[100%] Built target base_interfaces_demo__rosidl_typesupport_fastrtps_c__pyext\n'}
[4.720154] (base_interfaces_demo) CommandEnded: {'returncode': 0}
[4.720830] (base_interfaces_demo) JobProgress: {'identifier': 'base_interfaces_demo', 'progress': 'install'}
[4.727525] (base_interfaces_demo) Command: {'cmd': ['/usr/bin/cmake', '--install', '/home/loser/ws01_plumbing/build/base_interfaces_demo'], 'cwd': '/home/loser/ws01_plumbing/build/base_interfaces_demo', 'env': OrderedDict([('GJS_DEBUG_TOPICS', 'JS ERROR;JS LOG'), ('PYTHON_BASIC_REPL', '1'), ('LESSOPEN', '| /usr/bin/lesspipe %s'), ('LANGUAGE', 'zh_CN:en'), ('USER', 'loser'), ('LC_TIME', 'zh_CN.UTF-8'), ('XDG_SESSION_TYPE', 'wayland'), ('SHLVL', '1'), ('LD_LIBRARY_PATH', '/home/loser/ws01_plumbing/install/base_interfaces_demo/lib:/usr/lib/x86_64-linux-gnu/gazebo-11/plugins:/opt/ros/humble/opt/rviz_ogre_vendor/lib:/opt/ros/humble/lib/x86_64-linux-gnu:/opt/ros/humble/lib'), ('HOME', '/home/loser'), ('CHROME_DESKTOP', 'code.desktop'), ('OLDPWD', '/home/loser/ws01_plumbing/src'), ('TERM_PROGRAM_VERSION', '1.121.0'), ('DESKTOP_SESSION', 'ubuntu'), ('GIO_LAUNCHED_DESKTOP_FILE', '/usr/share/applications/code.desktop'), ('ROS_PYTHON_VERSION', '3'), ('GNOME_SHELL_SESSION_MODE', 'ubuntu'), ('GTK_MODULES', 'gail:atk-bridge'), ('LC_MONETARY', 'zh_CN.UTF-8'), ('MANAGERPID', '1438'), ('SYSTEMD_EXEC_PID', '1625'), ('IM_CONFIG_CHECK_ENV', '1'), ('VSCODE_PYTHON_AUTOACTIVATE_GUARD', '1'), ('DBUS_SESSION_BUS_ADDRESS', 'unix:path=/run/user/1000/bus'), ('COLORTERM', 'truecolor'), ('GIO_LAUNCHED_DESKTOP_FILE_PID', '2247'), ('IM_CONFIG_PHASE', '1'), ('WAYLAND_DISPLAY', 'wayland-0'), ('COLCON_PREFIX_PATH', '/home/loser/ws01_plumbing/install'), ('ROS_DISTRO', 'humble'), ('GTK_IM_MODULE', 'fcitx'), ('LOGNAME', 'loser'), ('JOURNAL_STREAM', '8:20539'), ('_', '/usr/bin/colcon'), ('ROS_VERSION', '2'), ('XDG_SESSION_CLASS', 'user'), ('USERNAME', 'loser'), ('TERM', 'xterm-256color'), ('GNOME_DESKTOP_SESSION_ID', 'this-is-deprecated'), ('FC_FONTATIONS', '1'), ('ROS_LOCALHOST_ONLY', '0'), ('PATH', '/home/loser/.config/Code/User/globalStorage/github.copilot-chat/debugCommand:/home/loser/.config/Code/User/globalStorage/github.copilot-chat/copilotCli:/opt/ros/humble/bin:/usr/local/sbin:/usr/local/bin:/usr/sbin:/usr/bin:/sbin:/bin:/usr/games:/usr/local/games:/snap/bin:/snap/bin'), ('SESSION_MANAGER', 'local/loser-vm:@/tmp/.ICE-unix/1579,unix/loser-vm:/tmp/.ICE-unix/1579'), ('INVOCATION_ID', 'c066e5289e1f46339e91e1906c356ea9'), ('PAPERSIZE', 'a4'), ('XDG_MENU_PREFIX', 'gnome-'), ('LC_ADDRESS', 'zh_CN.UTF-8'), ('GNOME_SETUP_DISPLAY', ':1'), ('XDG_RUNTIME_DIR', '/run/user/1000'), ('GDK_BACKEND', 'wayland'), ('DISPLAY', ':0'), ('LANG', 'zh_CN.UTF-8'), ('XDG_CURRENT_DESKTOP', 'ubuntu:GNOME'), ('PYTHONSTARTUP', '/home/loser/.config/Code/User/workspaceStorage/8648397a620a1c47015fb5f0b3e3803b/ms-python.python/pythonrc.py'), ('LC_TELEPHONE', 'zh_CN.UTF-8'), ('XMODIFIERS', '@im=fcitx'), ('XDG_SESSION_DESKTOP', 'ubuntu'), ('XAUTHORITY', '/run/user/1000/.mutter-Xwaylandauth.RLY4P3'), ('LS_COLORS', 'rs=0:di=01;34:ln=01;36:mh=00:pi=40;33:so=01;35:do=01;35:bd=40;33;01:cd=40;33;01:or=40;31;01:mi=00:su=37;41:sg=30;43:ca=30;41:tw=30;42:ow=34;42:st=37;44:ex=01;32:*.tar=01;31:*.tgz=01;31:*.arc=01;31:*.arj=01;31:*.taz=01;31:*.lha=01;31:*.lz4=01;31:*.lzh=01;31:*.lzma=01;31:*.tlz=01;31:*.txz=01;31:*.tzo=01;31:*.t7z=01;31:*.zip=01;31:*.z=01;31:*.dz=01;31:*.gz=01;31:*.lrz=01;31:*.lz=01;31:*.lzo=01;31:*.xz=01;31:*.zst=01;31:*.tzst=01;31:*.bz2=01;31:*.bz=01;31:*.tbz=01;31:*.tbz2=01;31:*.tz=01;31:*.deb=01;31:*.rpm=01;31:*.jar=01;31:*.war=01;31:*.ear=01;31:*.sar=01;31:*.rar=01;31:*.alz=01;31:*.ace=01;31:*.zoo=01;31:*.cpio=01;31:*.7z=01;31:*.rz=01;31:*.cab=01;31:*.wim=01;31:*.swm=01;31:*.dwm=01;31:*.esd=01;31:*.jpg=01;35:*.jpeg=01;35:*.mjpg=01;35:*.mjpeg=01;35:*.gif=01;35:*.bmp=01;35:*.pbm=01;35:*.pgm=01;35:*.ppm=01;35:*.tga=01;35:*.xbm=01;35:*.xpm=01;35:*.tif=01;35:*.tiff=01;35:*.png=01;35:*.svg=01;35:*.svgz=01;35:*.mng=01;35:*.pcx=01;35:*.mov=01;35:*.mpg=01;35:*.mpeg=01;35:*.m2v=01;35:*.mkv=01;35:*.webm=01;35:*.webp=01;35:*.ogm=01;35:*.mp4=01;35:*.m4v=01;35:*.mp4v=01;35:*.vob=01;35:*.qt=01;35:*.nuv=01;35:*.wmv=01;35:*.asf=01;35:*.rm=01;35:*.rmvb=01;35:*.flc=01;35:*.avi=01;35:*.fli=01;35:*.flv=01;35:*.gl=01;35:*.dl=01;35:*.xcf=01;35:*.xwd=01;35:*.yuv=01;35:*.cgm=01;35:*.emf=01;35:*.ogv=01;35:*.ogx=01;35:*.aac=00;36:*.au=00;36:*.flac=00;36:*.m4a=00;36:*.mid=00;36:*.midi=00;36:*.mka=00;36:*.mp3=00;36:*.mpc=00;36:*.ogg=00;36:*.ra=00;36:*.wav=00;36:*.oga=00;36:*.opus=00;36:*.spx=00;36:*.xspf=00;36:'), ('TERM_PROGRAM', 'vscode'), ('SSH_AGENT_LAUNCHER', 'gnome-keyring'), ('SSH_AUTH_SOCK', '/run/user/1000/keyring/ssh'), ('AMENT_PREFIX_PATH', '/home/loser/ws01_plumbing/install/py03_action:/home/loser/ws01_plumbing/install/cpp03_action:/home/loser/ws01_plumbing/install/py02_service:/home/loser/ws01_plumbing/install/py01_topic:/home/loser/ws01_plumbing/install/cpp02_service:/home/loser/ws01_plumbing/install/cpp01_topic:/home/loser/ws01_plumbing/install/base_interfaces_demo:/opt/ros/humble'), ('SHELL', '/bin/bash'), ('LC_NAME', 'zh_CN.UTF-8'), ('QT_ACCESSIBILITY', '1'), ('GDMSESSION', 'ubuntu'), ('LESSCLOSE', '/usr/bin/lesspipe %s %s'), ('LC_MEASUREMENT', 'zh_CN.UTF-8'), ('GJS_DEBUG_OUTPUT', 'stderr'), ('LC_IDENTIFICATION', 'zh_CN.UTF-8'), ('QT_IM_MODULE', 'fcitx'), ('PWD', '/home/loser/ws01_plumbing/build/base_interfaces_demo'), ('XDG_CONFIG_DIRS', '/etc/xdg/xdg-ubuntu:/etc/xdg'), ('CLUTTER_IM_MODULE', 'xim'), ('XDG_DATA_DIRS', '/usr/share/ubuntu:/usr/local/share/:/usr/share/:/var/lib/snapd/desktop'), ('PYTHONPATH', '/home/loser/ws01_plumbing/install/py03_action/lib/python3.10/site-packages:/home/loser/ws01_plumbing/install/py02_service/lib/python3.10/site-packages:/home/loser/ws01_plumbing/install/py01_topic/lib/python3.10/site-packages:/home/loser/ws01_plumbing/install/base_interfaces_demo/local/lib/python3.10/dist-packages:/opt/ros/humble/lib/python3.10/site-packages:/opt/ros/humble/local/lib/python3.10/dist-packages'), ('LC_NUMERIC', 'zh_CN.UTF-8'), ('LC_PAPER', 'zh_CN.UTF-8'), ('COLCON', '1'), ('CMAKE_PREFIX_PATH', '/home/loser/ws01_plumbing/install/cpp03_action:/home/loser/ws01_plumbing/install/cpp02_service:/home/loser/ws01_plumbing/install/cpp01_topic:/home/loser/ws01_plumbing/install/base_interfaces_demo:/home/loser/ws01_plumbing/install/py03_action:/home/loser/ws01_plumbing/install/py02_service:/home/loser/ws01_plumbing/install/py01_topic:/opt/ros/humble')]), 'shell': False}
[4.731509] (-) TimerEvent: {}
[4.734546] (base_interfaces_demo) StdoutLine: {'line': b'-- Install configuration: ""\n'}
[4.735103] (base_interfaces_demo) StdoutLine: {'line': b'-- Installing: /home/loser/ws01_plumbing/install/base_interfaces_demo/share/ament_index/resource_index/rosidl_interfaces/base_interfaces_demo\n'}
[4.735150] (base_interfaces_demo) StdoutLine: {'line': b'-- Up-to-date: /home/loser/ws01_plumbing/install/base_interfaces_demo/include/base_interfaces_demo/base_interfaces_demo\n'}
[4.735181] (base_interfaces_demo) StdoutLine: {'line': b'-- Installing: /home/loser/ws01_plumbing/install/base_interfaces_demo/include/base_interfaces_demo/base_interfaces_demo/action\n'}
[4.736050] (base_interfaces_demo) StdoutLine: {'line': b'-- Installing: /home/loser/ws01_plumbing/install/base_interfaces_demo/include/base_interfaces_demo/base_interfaces_demo/action/detail\n'}
[4.736123] (base_interfaces_demo) StdoutLine: {'line': b'-- Installing: /home/loser/ws01_plumbing/install/base_interfaces_demo/include/base_interfaces_demo/base_interfaces_demo/action/detail/progress__functions.h\n'}
[4.736191] (base_interfaces_demo) StdoutLine: {'line': b'-- Installing: /home/loser/ws01_plumbing/install/base_interfaces_demo/include/base_interfaces_demo/base_interfaces_demo/action/detail/progress__struct.h\n'}
[4.736220] (base_interfaces_demo) StdoutLine: {'line': b'-- Installing: /home/loser/ws01_plumbing/install/base_interfaces_demo/include/base_interfaces_demo/base_interfaces_demo/action/detail/progress__functions.c\n'}
[4.736247] (base_interfaces_demo) StdoutLine: {'line': b'-- Installing: /home/loser/ws01_plumbing/install/base_interfaces_demo/include/base_interfaces_demo/base_interfaces_demo/action/detail/progress__type_support.h\n'}
[4.736367] (base_interfaces_demo) StdoutLine: {'line': b'-- Installing: /home/loser/ws01_plumbing/install/base_interfaces_demo/include/base_interfaces_demo/base_interfaces_demo/action/progress.h\n'}
[4.736405] (base_interfaces_demo) StdoutLine: {'line': b'-- Up-to-date: /home/loser/ws01_plumbing/install/base_interfaces_demo/include/base_interfaces_demo/base_interfaces_demo/msg\n'}
[4.736427] (base_interfaces_demo) StdoutLine: {'line': b'-- Up-to-date: /home/loser/ws01_plumbing/install/base_interfaces_demo/include/base_interfaces_demo/base_interfaces_demo/msg/detail\n'}
[4.736447] (base_interfaces_demo) StdoutLine: {'line': b'-- Installing: /home/loser/ws01_plumbing/install/base_interfaces_demo/include/base_interfaces_demo/base_interfaces_demo/msg/detail/student__struct.h\n'}
[4.736467] (base_interfaces_demo) StdoutLine: {'line': b'-- Installing: /home/loser/ws01_plumbing/install/base_interfaces_demo/include/base_interfaces_demo/base_interfaces_demo/msg/detail/student__functions.h\n'}
[4.736487] (base_interfaces_demo) StdoutLine: {'line': b'-- Installing: /home/loser/ws01_plumbing/install/base_interfaces_demo/include/base_interfaces_demo/base_interfaces_demo/msg/detail/student__functions.c\n'}
[4.736506] (base_interfaces_demo) StdoutLine: {'line': b'-- Installing: /home/loser/ws01_plumbing/install/base_interfaces_demo/include/base_interfaces_demo/base_interfaces_demo/msg/detail/student__type_support.h\n'}
[4.736525] (base_interfaces_demo) StdoutLine: {'line': b'-- Up-to-date: /home/loser/ws01_plumbing/install/base_interfaces_demo/include/base_interfaces_demo/base_interfaces_demo/msg/rosidl_generator_c__visibility_control.h\n'}
[4.736544] (base_interfaces_demo) StdoutLine: {'line': b'-- Installing: /home/loser/ws01_plumbing/install/base_interfaces_demo/include/base_interfaces_demo/base_interfaces_demo/msg/student.h\n'}
[4.736562] (base_interfaces_demo) StdoutLine: {'line': b'-- Up-to-date: /home/loser/ws01_plumbing/install/base_interfaces_demo/include/base_interfaces_demo/base_interfaces_demo/srv\n'}
[4.736580] (base_interfaces_demo) StdoutLine: {'line': b'-- Up-to-date: /home/loser/ws01_plumbing/install/base_interfaces_demo/include/base_interfaces_demo/base_interfaces_demo/srv/detail\n'}
[4.736600] (base_interfaces_demo) StdoutLine: {'line': b'-- Installing: /home/loser/ws01_plumbing/install/base_interfaces_demo/include/base_interfaces_demo/base_interfaces_demo/srv/detail/addints__functions.c\n'}
[4.736618] (base_interfaces_demo) StdoutLine: {'line': b'-- Installing: /home/loser/ws01_plumbing/install/base_interfaces_demo/include/base_interfaces_demo/base_interfaces_demo/srv/detail/addints__type_support.h\n'}
[4.736635] (base_interfaces_demo) StdoutLine: {'line': b'-- Installing: /home/loser/ws01_plumbing/install/base_interfaces_demo/include/base_interfaces_demo/base_interfaces_demo/srv/detail/addints__struct.h\n'}
[4.736654] (base_interfaces_demo) StdoutLine: {'line': b'-- Installing: /home/loser/ws01_plumbing/install/base_interfaces_demo/include/base_interfaces_demo/base_interfaces_demo/srv/detail/addints__functions.h\n'}
[4.736672] (base_interfaces_demo) StdoutLine: {'line': b'-- Installing: /home/loser/ws01_plumbing/install/base_interfaces_demo/include/base_interfaces_demo/base_interfaces_demo/srv/addints.h\n'}
[4.737072] (base_interfaces_demo) StdoutLine: {'line': b'-- Up-to-date: /home/loser/ws01_plumbing/install/base_interfaces_demo/share/base_interfaces_demo/environment/library_path.sh\n'}
[4.737205] (base_interfaces_demo) StdoutLine: {'line': b'-- Installing: /home/loser/ws01_plumbing/install/base_interfaces_demo/share/base_interfaces_demo/environment/library_path.dsv\n'}
[4.737232] (base_interfaces_demo) StdoutLine: {'line': b'-- Installing: /home/loser/ws01_plumbing/install/base_interfaces_demo/lib/libbase_interfaces_demo__rosidl_generator_c.so\n'}
[4.738257] (base_interfaces_demo) StdoutLine: {'line': b'-- Set runtime path of "/home/loser/ws01_plumbing/install/base_interfaces_demo/lib/libbase_interfaces_demo__rosidl_generator_c.so" to ""\n'}
[4.738299] (base_interfaces_demo) StdoutLine: {'line': b'-- Up-to-date: /home/loser/ws01_plumbing/install/base_interfaces_demo/include/base_interfaces_demo/base_interfaces_demo\n'}
[4.738328] (base_interfaces_demo) StdoutLine: {'line': b'-- Up-to-date: /home/loser/ws01_plumbing/install/base_interfaces_demo/include/base_interfaces_demo/base_interfaces_demo/action\n'}
[4.738365] (base_interfaces_demo) StdoutLine: {'line': b'-- Up-to-date: /home/loser/ws01_plumbing/install/base_interfaces_demo/include/base_interfaces_demo/base_interfaces_demo/action/detail\n'}
[4.738386] (base_interfaces_demo) StdoutLine: {'line': b'-- Installing: /home/loser/ws01_plumbing/install/base_interfaces_demo/include/base_interfaces_demo/base_interfaces_demo/action/detail/progress__rosidl_typesupport_fastrtps_c.h\n'}
[4.738473] (base_interfaces_demo) StdoutLine: {'line': b'-- Up-to-date: /home/loser/ws01_plumbing/install/base_interfaces_demo/include/base_interfaces_demo/base_interfaces_demo/msg\n'}
[4.738505] (base_interfaces_demo) StdoutLine: {'line': b'-- Up-to-date: /home/loser/ws01_plumbing/install/base_interfaces_demo/include/base_interfaces_demo/base_interfaces_demo/msg/detail\n'}
[4.738530] (base_interfaces_demo) StdoutLine: {'line': b'-- Installing: /home/loser/ws01_plumbing/install/base_interfaces_demo/include/base_interfaces_demo/base_interfaces_demo/msg/detail/student__rosidl_typesupport_fastrtps_c.h\n'}
[4.738555] (base_interfaces_demo) StdoutLine: {'line': b'-- Up-to-date: /home/loser/ws01_plumbing/install/base_interfaces_demo/include/base_interfaces_demo/base_interfaces_demo/msg/rosidl_typesupport_fastrtps_c__visibility_control.h\n'}
[4.738578] (base_interfaces_demo) StdoutLine: {'line': b'-- Up-to-date: /home/loser/ws01_plumbing/install/base_interfaces_demo/include/base_interfaces_demo/base_interfaces_demo/srv\n'}
[4.738601] (base_interfaces_demo) StdoutLine: {'line': b'-- Up-to-date: /home/loser/ws01_plumbing/install/base_interfaces_demo/include/base_interfaces_demo/base_interfaces_demo/srv/detail\n'}
[4.738641] (base_interfaces_demo) StdoutLine: {'line': b'-- Installing: /home/loser/ws01_plumbing/install/base_interfaces_demo/include/base_interfaces_demo/base_interfaces_demo/srv/detail/addints__rosidl_typesupport_fastrtps_c.h\n'}
[4.738663] (base_interfaces_demo) StdoutLine: {'line': b'-- Installing: /home/loser/ws01_plumbing/install/base_interfaces_demo/lib/libbase_interfaces_demo__rosidl_typesupport_fastrtps_c.so\n'}
[4.738682] (base_interfaces_demo) StdoutLine: {'line': b'-- Set runtime path of "/home/loser/ws01_plumbing/install/base_interfaces_demo/lib/libbase_interfaces_demo__rosidl_typesupport_fastrtps_c.so" to ""\n'}
[4.738702] (base_interfaces_demo) StdoutLine: {'line': b'-- Up-to-date: /home/loser/ws01_plumbing/install/base_interfaces_demo/include/base_interfaces_demo/base_interfaces_demo\n'}
[4.738722] (base_interfaces_demo) StdoutLine: {'line': b'-- Up-to-date: /home/loser/ws01_plumbing/install/base_interfaces_demo/include/base_interfaces_demo/base_interfaces_demo/action\n'}
[4.738749] (base_interfaces_demo) StdoutLine: {'line': b'-- Up-to-date: /home/loser/ws01_plumbing/install/base_interfaces_demo/include/base_interfaces_demo/base_interfaces_demo/action/detail\n'}
[4.738777] (base_interfaces_demo) StdoutLine: {'line': b'-- Installing: /home/loser/ws01_plumbing/install/base_interfaces_demo/include/base_interfaces_demo/base_interfaces_demo/action/detail/progress__rosidl_typesupport_introspection_c.h\n'}
[4.738796] (base_interfaces_demo) StdoutLine: {'line': b'-- Installing: /home/loser/ws01_plumbing/install/base_interfaces_demo/include/base_interfaces_demo/base_interfaces_demo/action/detail/progress__type_support.c\n'}
[4.738815] (base_interfaces_demo) StdoutLine: {'line': b'-- Up-to-date: /home/loser/ws01_plumbing/install/base_interfaces_demo/include/base_interfaces_demo/base_interfaces_demo/msg\n'}
[4.738833] (base_interfaces_demo) StdoutLine: {'line': b'-- Up-to-date: /home/loser/ws01_plumbing/install/base_interfaces_demo/include/base_interfaces_demo/base_interfaces_demo/msg/detail\n'}
[4.738851] (base_interfaces_demo) StdoutLine: {'line': b'-- Installing: /home/loser/ws01_plumbing/install/base_interfaces_demo/include/base_interfaces_demo/base_interfaces_demo/msg/detail/student__type_support.c\n'}
[4.739200] (base_interfaces_demo) StdoutLine: {'line': b'-- Installing: /home/loser/ws01_plumbing/install/base_interfaces_demo/include/base_interfaces_demo/base_interfaces_demo/msg/detail/student__rosidl_typesupport_introspection_c.h\n'}
[4.739466] (base_interfaces_demo) StdoutLine: {'line': b'-- Up-to-date: /home/loser/ws01_plumbing/install/base_interfaces_demo/include/base_interfaces_demo/base_interfaces_demo/msg/rosidl_typesupport_introspection_c__visibility_control.h\n'}
[4.739497] (base_interfaces_demo) StdoutLine: {'line': b'-- Up-to-date: /home/loser/ws01_plumbing/install/base_interfaces_demo/include/base_interfaces_demo/base_interfaces_demo/srv\n'}
[4.739520] (base_interfaces_demo) StdoutLine: {'line': b'-- Up-to-date: /home/loser/ws01_plumbing/install/base_interfaces_demo/include/base_interfaces_demo/base_interfaces_demo/srv/detail\n'}
[4.739540] (base_interfaces_demo) StdoutLine: {'line': b'-- Installing: /home/loser/ws01_plumbing/install/base_interfaces_demo/include/base_interfaces_demo/base_interfaces_demo/srv/detail/addints__type_support.c\n'}
[4.739561] (base_interfaces_demo) StdoutLine: {'line': b'-- Installing: /home/loser/ws01_plumbing/install/base_interfaces_demo/include/base_interfaces_demo/base_interfaces_demo/srv/detail/addints__rosidl_typesupport_introspection_c.h\n'}
[4.739581] (base_interfaces_demo) StdoutLine: {'line': b'-- Installing: /home/loser/ws01_plumbing/install/base_interfaces_demo/lib/libbase_interfaces_demo__rosidl_typesupport_introspection_c.so\n'}
[4.739601] (base_interfaces_demo) StdoutLine: {'line': b'-- Set runtime path of "/home/loser/ws01_plumbing/install/base_interfaces_demo/lib/libbase_interfaces_demo__rosidl_typesupport_introspection_c.so" to ""\n'}
[4.739621] (base_interfaces_demo) StdoutLine: {'line': b'-- Installing: /home/loser/ws01_plumbing/install/base_interfaces_demo/lib/libbase_interfaces_demo__rosidl_typesupport_c.so\n'}
[4.739640] (base_interfaces_demo) StdoutLine: {'line': b'-- Set runtime path of "/home/loser/ws01_plumbing/install/base_interfaces_demo/lib/libbase_interfaces_demo__rosidl_typesupport_c.so" to ""\n'}
[4.739661] (base_interfaces_demo) StdoutLine: {'line': b'-- Up-to-date: /home/loser/ws01_plumbing/install/base_interfaces_demo/include/base_interfaces_demo/base_interfaces_demo\n'}
[4.739680] (base_interfaces_demo) StdoutLine: {'line': b'-- Up-to-date: /home/loser/ws01_plumbing/install/base_interfaces_demo/include/base_interfaces_demo/base_interfaces_demo/action\n'}
[4.739698] (base_interfaces_demo) StdoutLine: {'line': b'-- Up-to-date: /home/loser/ws01_plumbing/install/base_interfaces_demo/include/base_interfaces_demo/base_interfaces_demo/action/detail\n'}
[4.739716] (base_interfaces_demo) StdoutLine: {'line': b'-- Installing: /home/loser/ws01_plumbing/install/base_interfaces_demo/include/base_interfaces_demo/base_interfaces_demo/action/detail/progress__builder.hpp\n'}
[4.739734] (base_interfaces_demo) StdoutLine: {'line': b'-- Installing: /home/loser/ws01_plumbing/install/base_interfaces_demo/include/base_interfaces_demo/base_interfaces_demo/action/detail/progress__struct.hpp\n'}
[4.739753] (base_interfaces_demo) StdoutLine: {'line': b'-- Installing: /home/loser/ws01_plumbing/install/base_interfaces_demo/include/base_interfaces_demo/base_interfaces_demo/action/detail/progress__traits.hpp\n'}
[4.741302] (base_interfaces_demo) StdoutLine: {'line': b'-- Installing: /home/loser/ws01_plumbing/install/base_interfaces_demo/include/base_interfaces_demo/base_interfaces_demo/action/detail/progress__type_support.hpp\n'}
[4.741350] (base_interfaces_demo) StdoutLine: {'line': b'-- Installing: /home/loser/ws01_plumbing/install/base_interfaces_demo/include/base_interfaces_demo/base_interfaces_demo/action/progress.hpp\n'}
[4.741374] (base_interfaces_demo) StdoutLine: {'line': b'-- Up-to-date: /home/loser/ws01_plumbing/install/base_interfaces_demo/include/base_interfaces_demo/base_interfaces_demo/msg\n'}
[4.741395] (base_interfaces_demo) StdoutLine: {'line': b'-- Up-to-date: /home/loser/ws01_plumbing/install/base_interfaces_demo/include/base_interfaces_demo/base_interfaces_demo/msg/detail\n'}
[4.741415] (base_interfaces_demo) StdoutLine: {'line': b'-- Installing: /home/loser/ws01_plumbing/install/base_interfaces_demo/include/base_interfaces_demo/base_interfaces_demo/msg/detail/student__traits.hpp\n'}
[4.741435] (base_interfaces_demo) StdoutLine: {'line': b'-- Installing: /home/loser/ws01_plumbing/install/base_interfaces_demo/include/base_interfaces_demo/base_interfaces_demo/msg/detail/student__builder.hpp\n'}
[4.741454] (base_interfaces_demo) StdoutLine: {'line': b'-- Installing: /home/loser/ws01_plumbing/install/base_interfaces_demo/include/base_interfaces_demo/base_interfaces_demo/msg/detail/student__type_support.hpp\n'}
[4.741472] (base_interfaces_demo) StdoutLine: {'line': b'-- Installing: /home/loser/ws01_plumbing/install/base_interfaces_demo/include/base_interfaces_demo/base_interfaces_demo/msg/detail/student__struct.hpp\n'}
[4.741490] (base_interfaces_demo) StdoutLine: {'line': b'-- Up-to-date: /home/loser/ws01_plumbing/install/base_interfaces_demo/include/base_interfaces_demo/base_interfaces_demo/msg/rosidl_generator_cpp__visibility_control.hpp\n'}
[4.741508] (base_interfaces_demo) StdoutLine: {'line': b'-- Installing: /home/loser/ws01_plumbing/install/base_interfaces_demo/include/base_interfaces_demo/base_interfaces_demo/msg/student.hpp\n'}
[4.741526] (base_interfaces_demo) StdoutLine: {'line': b'-- Up-to-date: /home/loser/ws01_plumbing/install/base_interfaces_demo/include/base_interfaces_demo/base_interfaces_demo/srv\n'}
[4.741546] (base_interfaces_demo) StdoutLine: {'line': b'-- Up-to-date: /home/loser/ws01_plumbing/install/base_interfaces_demo/include/base_interfaces_demo/base_interfaces_demo/srv/detail\n'}
[4.741564] (base_interfaces_demo) StdoutLine: {'line': b'-- Installing: /home/loser/ws01_plumbing/install/base_interfaces_demo/include/base_interfaces_demo/base_interfaces_demo/srv/detail/addints__builder.hpp\n'}
[4.741582] (base_interfaces_demo) StdoutLine: {'line': b'-- Installing: /home/loser/ws01_plumbing/install/base_interfaces_demo/include/base_interfaces_demo/base_interfaces_demo/srv/detail/addints__traits.hpp\n'}
[4.741601] (base_interfaces_demo) StdoutLine: {'line': b'-- Installing: /home/loser/ws01_plumbing/install/base_interfaces_demo/include/base_interfaces_demo/base_interfaces_demo/srv/detail/addints__type_support.hpp\n'}
[4.741619] (base_interfaces_demo) StdoutLine: {'line': b'-- Installing: /home/loser/ws01_plumbing/install/base_interfaces_demo/include/base_interfaces_demo/base_interfaces_demo/srv/detail/addints__struct.hpp\n'}
[4.741637] (base_interfaces_demo) StdoutLine: {'line': b'-- Installing: /home/loser/ws01_plumbing/install/base_interfaces_demo/include/base_interfaces_demo/base_interfaces_demo/srv/addints.hpp\n'}
[4.741655] (base_interfaces_demo) StdoutLine: {'line': b'-- Up-to-date: /home/loser/ws01_plumbing/install/base_interfaces_demo/include/base_interfaces_demo/base_interfaces_demo\n'}
[4.741674] (base_interfaces_demo) StdoutLine: {'line': b'-- Up-to-date: /home/loser/ws01_plumbing/install/base_interfaces_demo/include/base_interfaces_demo/base_interfaces_demo/action\n'}
[4.741693] (base_interfaces_demo) StdoutLine: {'line': b'-- Up-to-date: /home/loser/ws01_plumbing/install/base_interfaces_demo/include/base_interfaces_demo/base_interfaces_demo/action/detail\n'}
[4.741712] (base_interfaces_demo) StdoutLine: {'line': b'-- Installing: /home/loser/ws01_plumbing/install/base_interfaces_demo/include/base_interfaces_demo/base_interfaces_demo/action/detail/progress__rosidl_typesupport_fastrtps_cpp.hpp\n'}
[4.741735] (base_interfaces_demo) StdoutLine: {'line': b'-- Installing: /home/loser/ws01_plumbing/install/base_interfaces_demo/include/base_interfaces_demo/base_interfaces_demo/action/detail/dds_fastrtps\n'}
[4.741754] (base_interfaces_demo) StdoutLine: {'line': b'-- Up-to-date: /home/loser/ws01_plumbing/install/base_interfaces_demo/include/base_interfaces_demo/base_interfaces_demo/msg\n'}
[4.741783] (base_interfaces_demo) StdoutLine: {'line': b'-- Up-to-date: /home/loser/ws01_plumbing/install/base_interfaces_demo/include/base_interfaces_demo/base_interfaces_demo/msg/detail\n'}
[4.741802] (base_interfaces_demo) StdoutLine: {'line': b'-- Installing: /home/loser/ws01_plumbing/install/base_interfaces_demo/include/base_interfaces_demo/base_interfaces_demo/msg/detail/student__rosidl_typesupport_fastrtps_cpp.hpp\n'}
[4.741820] (base_interfaces_demo) StdoutLine: {'line': b'-- Up-to-date: /home/loser/ws01_plumbing/install/base_interfaces_demo/include/base_interfaces_demo/base_interfaces_demo/msg/detail/dds_fastrtps\n'}
[4.744066] (base_interfaces_demo) StdoutLine: {'line': b'-- Up-to-date: /home/loser/ws01_plumbing/install/base_interfaces_demo/include/base_interfaces_demo/base_interfaces_demo/msg/rosidl_typesupport_fastrtps_cpp__visibility_control.h\n'}
[4.744152] (base_interfaces_demo) StdoutLine: {'line': b'-- Up-to-date: /home/loser/ws01_plumbing/install/base_interfaces_demo/include/base_interfaces_demo/base_interfaces_demo/srv\n'}
[4.744186] (base_interfaces_demo) StdoutLine: {'line': b'-- Up-to-date: /home/loser/ws01_plumbing/install/base_interfaces_demo/include/base_interfaces_demo/base_interfaces_demo/srv/detail\n'}
[4.744287] (base_interfaces_demo) StdoutLine: {'line': b'-- Up-to-date: /home/loser/ws01_plumbing/install/base_interfaces_demo/include/base_interfaces_demo/base_interfaces_demo/srv/detail/dds_fastrtps\n'}
[4.744318] (base_interfaces_demo) StdoutLine: {'line': b'-- Installing: /home/loser/ws01_plumbing/install/base_interfaces_demo/include/base_interfaces_demo/base_interfaces_demo/srv/detail/addints__rosidl_typesupport_fastrtps_cpp.hpp\n'}
[4.744345] (base_interfaces_demo) StdoutLine: {'line': b'-- Installing: /home/loser/ws01_plumbing/install/base_interfaces_demo/lib/libbase_interfaces_demo__rosidl_typesupport_fastrtps_cpp.so\n'}
[4.744367] (base_interfaces_demo) StdoutLine: {'line': b'-- Set runtime path of "/home/loser/ws01_plumbing/install/base_interfaces_demo/lib/libbase_interfaces_demo__rosidl_typesupport_fastrtps_cpp.so" to ""\n'}
[4.744418] (base_interfaces_demo) StdoutLine: {'line': b'-- Up-to-date: /home/loser/ws01_plumbing/install/base_interfaces_demo/include/base_interfaces_demo/base_interfaces_demo\n'}
[4.744445] (base_interfaces_demo) StdoutLine: {'line': b'-- Up-to-date: /home/loser/ws01_plumbing/install/base_interfaces_demo/include/base_interfaces_demo/base_interfaces_demo/action\n'}
[4.744469] (base_interfaces_demo) StdoutLine: {'line': b'-- Up-to-date: /home/loser/ws01_plumbing/install/base_interfaces_demo/include/base_interfaces_demo/base_interfaces_demo/action/detail\n'}
[4.744527] (base_interfaces_demo) StdoutLine: {'line': b'-- Installing: /home/loser/ws01_plumbing/install/base_interfaces_demo/include/base_interfaces_demo/base_interfaces_demo/action/detail/progress__type_support.cpp\n'}
[4.744563] (base_interfaces_demo) StdoutLine: {'line': b'-- Installing: /home/loser/ws01_plumbing/install/base_interfaces_demo/include/base_interfaces_demo/base_interfaces_demo/action/detail/progress__rosidl_typesupport_introspection_cpp.hpp\n'}
[4.744621] (base_interfaces_demo) StdoutLine: {'line': b'-- Up-to-date: /home/loser/ws01_plumbing/install/base_interfaces_demo/include/base_interfaces_demo/base_interfaces_demo/msg\n'}
[4.744654] (base_interfaces_demo) StdoutLine: {'line': b'-- Up-to-date: /home/loser/ws01_plumbing/install/base_interfaces_demo/include/base_interfaces_demo/base_interfaces_demo/msg/detail\n'}
[4.744680] (base_interfaces_demo) StdoutLine: {'line': b'-- Installing: /home/loser/ws01_plumbing/install/base_interfaces_demo/include/base_interfaces_demo/base_interfaces_demo/msg/detail/student__type_support.cpp\n'}
[4.744705] (base_interfaces_demo) StdoutLine: {'line': b'-- Installing: /home/loser/ws01_plumbing/install/base_interfaces_demo/include/base_interfaces_demo/base_interfaces_demo/msg/detail/student__rosidl_typesupport_introspection_cpp.hpp\n'}
[4.744766] (base_interfaces_demo) StdoutLine: {'line': b'-- Up-to-date: /home/loser/ws01_plumbing/install/base_interfaces_demo/include/base_interfaces_demo/base_interfaces_demo/srv\n'}
[4.744796] (base_interfaces_demo) StdoutLine: {'line': b'-- Up-to-date: /home/loser/ws01_plumbing/install/base_interfaces_demo/include/base_interfaces_demo/base_interfaces_demo/srv/detail\n'}
[4.744817] (base_interfaces_demo) StdoutLine: {'line': b'-- Installing: /home/loser/ws01_plumbing/install/base_interfaces_demo/include/base_interfaces_demo/base_interfaces_demo/srv/detail/addints__rosidl_typesupport_introspection_cpp.hpp\n'}
[4.744841] (base_interfaces_demo) StdoutLine: {'line': b'-- Installing: /home/loser/ws01_plumbing/install/base_interfaces_demo/include/base_interfaces_demo/base_interfaces_demo/srv/detail/addints__type_support.cpp\n'}
[4.745375] (base_interfaces_demo) StdoutLine: {'line': b'-- Installing: /home/loser/ws01_plumbing/install/base_interfaces_demo/lib/libbase_interfaces_demo__rosidl_typesupport_introspection_cpp.so\n'}
[4.745412] (base_interfaces_demo) StdoutLine: {'line': b'-- Set runtime path of "/home/loser/ws01_plumbing/install/base_interfaces_demo/lib/libbase_interfaces_demo__rosidl_typesupport_introspection_cpp.so" to ""\n'}
[4.745433] (base_interfaces_demo) StdoutLine: {'line': b'-- Installing: /home/loser/ws01_plumbing/install/base_interfaces_demo/lib/libbase_interfaces_demo__rosidl_typesupport_cpp.so\n'}
[4.745453] (base_interfaces_demo) StdoutLine: {'line': b'-- Set runtime path of "/home/loser/ws01_plumbing/install/base_interfaces_demo/lib/libbase_interfaces_demo__rosidl_typesupport_cpp.so" to ""\n'}
[4.745473] (base_interfaces_demo) StdoutLine: {'line': b'-- Up-to-date: /home/loser/ws01_plumbing/install/base_interfaces_demo/share/base_interfaces_demo/environment/pythonpath.sh\n'}
[4.745493] (base_interfaces_demo) StdoutLine: {'line': b'-- Installing: /home/loser/ws01_plumbing/install/base_interfaces_demo/share/base_interfaces_demo/environment/pythonpath.dsv\n'}
[4.745512] (base_interfaces_demo) StdoutLine: {'line': b'-- Up-to-date: /home/loser/ws01_plumbing/install/base_interfaces_demo/local/lib/python3.10/dist-packages/base_interfaces_demo-0.0.0-py3.10.egg-info\n'}
[4.745530] (base_interfaces_demo) StdoutLine: {'line': b'-- Installing: /home/loser/ws01_plumbing/install/base_interfaces_demo/local/lib/python3.10/dist-packages/base_interfaces_demo-0.0.0-py3.10.egg-info/top_level.txt\n'}
[4.745552] (base_interfaces_demo) StdoutLine: {'line': b'-- Installing: /home/loser/ws01_plumbing/install/base_interfaces_demo/local/lib/python3.10/dist-packages/base_interfaces_demo-0.0.0-py3.10.egg-info/PKG-INFO\n'}
[4.745571] (base_interfaces_demo) StdoutLine: {'line': b'-- Installing: /home/loser/ws01_plumbing/install/base_interfaces_demo/local/lib/python3.10/dist-packages/base_interfaces_demo-0.0.0-py3.10.egg-info/SOURCES.txt\n'}
[4.745589] (base_interfaces_demo) StdoutLine: {'line': b'-- Installing: /home/loser/ws01_plumbing/install/base_interfaces_demo/local/lib/python3.10/dist-packages/base_interfaces_demo-0.0.0-py3.10.egg-info/dependency_links.txt\n'}
[4.745611] (base_interfaces_demo) StdoutLine: {'line': b'-- Up-to-date: /home/loser/ws01_plumbing/install/base_interfaces_demo/local/lib/python3.10/dist-packages/base_interfaces_demo\n'}
[4.745630] (base_interfaces_demo) StdoutLine: {'line': b'-- Installing: /home/loser/ws01_plumbing/install/base_interfaces_demo/local/lib/python3.10/dist-packages/base_interfaces_demo/libbase_interfaces_demo__rosidl_generator_py.so\n'}
[4.745648] (base_interfaces_demo) StdoutLine: {'line': b'-- Installing: /home/loser/ws01_plumbing/install/base_interfaces_demo/local/lib/python3.10/dist-packages/base_interfaces_demo/action\n'}
[4.745666] (base_interfaces_demo) StdoutLine: {'line': b'-- Installing: /home/loser/ws01_plumbing/install/base_interfaces_demo/local/lib/python3.10/dist-packages/base_interfaces_demo/action/_progress_s.c\n'}
[4.745684] (base_interfaces_demo) StdoutLine: {'line': b'-- Installing: /home/loser/ws01_plumbing/install/base_interfaces_demo/local/lib/python3.10/dist-packages/base_interfaces_demo/action/__init__.py\n'}
[4.745701] (base_interfaces_demo) StdoutLine: {'line': b'-- Installing: /home/loser/ws01_plumbing/install/base_interfaces_demo/local/lib/python3.10/dist-packages/base_interfaces_demo/action/_progress.py\n'}
[4.745720] (base_interfaces_demo) StdoutLine: {'line': b'-- Installing: /home/loser/ws01_plumbing/install/base_interfaces_demo/local/lib/python3.10/dist-packages/base_interfaces_demo/__init__.py\n'}
[4.745740] (base_interfaces_demo) StdoutLine: {'line': b'-- Installing: /home/loser/ws01_plumbing/install/base_interfaces_demo/local/lib/python3.10/dist-packages/base_interfaces_demo/_base_interfaces_demo_s.ep.rosidl_typesupport_fastrtps_c.c\n'}
[4.745758] (base_interfaces_demo) StdoutLine: {'line': b'-- Up-to-date: /home/loser/ws01_plumbing/install/base_interfaces_demo/local/lib/python3.10/dist-packages/base_interfaces_demo/msg\n'}
[4.745785] (base_interfaces_demo) StdoutLine: {'line': b'-- Installing: /home/loser/ws01_plumbing/install/base_interfaces_demo/local/lib/python3.10/dist-packages/base_interfaces_demo/msg/_student_s.c\n'}
[4.745803] (base_interfaces_demo) StdoutLine: {'line': b'-- Installing: /home/loser/ws01_plumbing/install/base_interfaces_demo/local/lib/python3.10/dist-packages/base_interfaces_demo/msg/_student.py\n'}
[4.747140] (base_interfaces_demo) StdoutLine: {'line': b'-- Installing: /home/loser/ws01_plumbing/install/base_interfaces_demo/local/lib/python3.10/dist-packages/base_interfaces_demo/msg/__init__.py\n'}
[4.747230] (base_interfaces_demo) StdoutLine: {'line': b'-- Installing: /home/loser/ws01_plumbing/install/base_interfaces_demo/local/lib/python3.10/dist-packages/base_interfaces_demo/_base_interfaces_demo_s.ep.rosidl_typesupport_c.c\n'}
[4.747258] (base_interfaces_demo) StdoutLine: {'line': b'-- Installing: /home/loser/ws01_plumbing/install/base_interfaces_demo/local/lib/python3.10/dist-packages/base_interfaces_demo/base_interfaces_demo_s__rosidl_typesupport_c.cpython-310-x86_64-linux-gnu.so\n'}
[4.747328] (base_interfaces_demo) StdoutLine: {'line': b'-- Installing: /home/loser/ws01_plumbing/install/base_interfaces_demo/local/lib/python3.10/dist-packages/base_interfaces_demo/base_interfaces_demo_s__rosidl_typesupport_fastrtps_c.cpython-310-x86_64-linux-gnu.so\n'}
[4.747426] (base_interfaces_demo) StdoutLine: {'line': b'-- Installing: /home/loser/ws01_plumbing/install/base_interfaces_demo/local/lib/python3.10/dist-packages/base_interfaces_demo/_base_interfaces_demo_s.ep.rosidl_typesupport_introspection_c.c\n'}
[4.747520] (base_interfaces_demo) StdoutLine: {'line': b'-- Installing: /home/loser/ws01_plumbing/install/base_interfaces_demo/local/lib/python3.10/dist-packages/base_interfaces_demo/base_interfaces_demo_s__rosidl_typesupport_introspection_c.cpython-310-x86_64-linux-gnu.so\n'}
[4.747613] (base_interfaces_demo) StdoutLine: {'line': b'-- Up-to-date: /home/loser/ws01_plumbing/install/base_interfaces_demo/local/lib/python3.10/dist-packages/base_interfaces_demo/srv\n'}
[4.747830] (base_interfaces_demo) StdoutLine: {'line': b'-- Installing: /home/loser/ws01_plumbing/install/base_interfaces_demo/local/lib/python3.10/dist-packages/base_interfaces_demo/srv/_addints_s.c\n'}
[4.747869] (base_interfaces_demo) StdoutLine: {'line': b'-- Installing: /home/loser/ws01_plumbing/install/base_interfaces_demo/local/lib/python3.10/dist-packages/base_interfaces_demo/srv/__init__.py\n'}
[4.748027] (base_interfaces_demo) StdoutLine: {'line': b'-- Installing: /home/loser/ws01_plumbing/install/base_interfaces_demo/local/lib/python3.10/dist-packages/base_interfaces_demo/srv/_addints.py\n'}
[4.776988] (base_interfaces_demo) StdoutLine: {'line': b"Listing '/home/loser/ws01_plumbing/install/base_interfaces_demo/local/lib/python3.10/dist-packages/base_interfaces_demo'...\n"}
[4.777141] (base_interfaces_demo) StdoutLine: {'line': b"Compiling '/home/loser/ws01_plumbing/install/base_interfaces_demo/local/lib/python3.10/dist-packages/base_interfaces_demo/__init__.py'...\n"}
[4.777569] (base_interfaces_demo) StdoutLine: {'line': b"Listing '/home/loser/ws01_plumbing/install/base_interfaces_demo/local/lib/python3.10/dist-packages/base_interfaces_demo/action'...\n"}
[4.777647] (base_interfaces_demo) StdoutLine: {'line': b"Compiling '/home/loser/ws01_plumbing/install/base_interfaces_demo/local/lib/python3.10/dist-packages/base_interfaces_demo/action/__init__.py'...\n"}
[4.777678] (base_interfaces_demo) StdoutLine: {'line': b"Compiling '/home/loser/ws01_plumbing/install/base_interfaces_demo/local/lib/python3.10/dist-packages/base_interfaces_demo/action/_progress.py'...\n"}
[4.777704] (base_interfaces_demo) StdoutLine: {'line': b"Listing '/home/loser/ws01_plumbing/install/base_interfaces_demo/local/lib/python3.10/dist-packages/base_interfaces_demo/msg'...\n"}
[4.777734] (base_interfaces_demo) StdoutLine: {'line': b"Compiling '/home/loser/ws01_plumbing/install/base_interfaces_demo/local/lib/python3.10/dist-packages/base_interfaces_demo/msg/__init__.py'...\n"}
[4.777757] (base_interfaces_demo) StdoutLine: {'line': b"Compiling '/home/loser/ws01_plumbing/install/base_interfaces_demo/local/lib/python3.10/dist-packages/base_interfaces_demo/msg/_student.py'...\n"}
[4.778193] (base_interfaces_demo) StdoutLine: {'line': b"Listing '/home/loser/ws01_plumbing/install/base_interfaces_demo/local/lib/python3.10/dist-packages/base_interfaces_demo/srv'...\n"}
[4.778224] (base_interfaces_demo) StdoutLine: {'line': b"Compiling '/home/loser/ws01_plumbing/install/base_interfaces_demo/local/lib/python3.10/dist-packages/base_interfaces_demo/srv/__init__.py'...\n"}
[4.778246] (base_interfaces_demo) StdoutLine: {'line': b"Compiling '/home/loser/ws01_plumbing/install/base_interfaces_demo/local/lib/python3.10/dist-packages/base_interfaces_demo/srv/_addints.py'...\n"}
[4.779664] (base_interfaces_demo) StdoutLine: {'line': b'-- Installing: /home/loser/ws01_plumbing/install/base_interfaces_demo/local/lib/python3.10/dist-packages/base_interfaces_demo/base_interfaces_demo_s__rosidl_typesupport_fastrtps_c.cpython-310-x86_64-linux-gnu.so\n'}
[4.779898] (base_interfaces_demo) StdoutLine: {'line': b'-- Set runtime path of "/home/loser/ws01_plumbing/install/base_interfaces_demo/local/lib/python3.10/dist-packages/base_interfaces_demo/base_interfaces_demo_s__rosidl_typesupport_fastrtps_c.cpython-310-x86_64-linux-gnu.so" to ""\n'}
[4.780018] (base_interfaces_demo) StdoutLine: {'line': b'-- Installing: /home/loser/ws01_plumbing/install/base_interfaces_demo/local/lib/python3.10/dist-packages/base_interfaces_demo/base_interfaces_demo_s__rosidl_typesupport_introspection_c.cpython-310-x86_64-linux-gnu.so\n'}
[4.780375] (base_interfaces_demo) StdoutLine: {'line': b'-- Set runtime path of "/home/loser/ws01_plumbing/install/base_interfaces_demo/local/lib/python3.10/dist-packages/base_interfaces_demo/base_interfaces_demo_s__rosidl_typesupport_introspection_c.cpython-310-x86_64-linux-gnu.so" to ""\n'}
[4.780425] (base_interfaces_demo) StdoutLine: {'line': b'-- Installing: /home/loser/ws01_plumbing/install/base_interfaces_demo/local/lib/python3.10/dist-packages/base_interfaces_demo/base_interfaces_demo_s__rosidl_typesupport_c.cpython-310-x86_64-linux-gnu.so\n'}
[4.780861] (base_interfaces_demo) StdoutLine: {'line': b'-- Set runtime path of "/home/loser/ws01_plumbing/install/base_interfaces_demo/local/lib/python3.10/dist-packages/base_interfaces_demo/base_interfaces_demo_s__rosidl_typesupport_c.cpython-310-x86_64-linux-gnu.so" to ""\n'}
[4.780901] (base_interfaces_demo) StdoutLine: {'line': b'-- Installing: /home/loser/ws01_plumbing/install/base_interfaces_demo/lib/libbase_interfaces_demo__rosidl_generator_py.so\n'}
[4.781146] (base_interfaces_demo) StdoutLine: {'line': b'-- Set runtime path of "/home/loser/ws01_plumbing/install/base_interfaces_demo/lib/libbase_interfaces_demo__rosidl_generator_py.so" to ""\n'}
[4.781670] (base_interfaces_demo) StdoutLine: {'line': b'-- Up-to-date: /home/loser/ws01_plumbing/install/base_interfaces_demo/share/ament_index/resource_index/rust_packages/base_interfaces_demo\n'}
[4.781721] (base_interfaces_demo) StdoutLine: {'line': b'-- Up-to-date: /home/loser/ws01_plumbing/install/base_interfaces_demo/share/base_interfaces_demo/rust\n'}
[4.781825] (base_interfaces_demo) StdoutLine: {'line': b'-- Installing: /home/loser/ws01_plumbing/install/base_interfaces_demo/share/base_interfaces_demo/rust/build.rs\n'}
[4.781935] (base_interfaces_demo) StdoutLine: {'line': b'-- Up-to-date: /home/loser/ws01_plumbing/install/base_interfaces_demo/share/base_interfaces_demo/rust/src\n'}
[4.782000] (base_interfaces_demo) StdoutLine: {'line': b'-- Installing: /home/loser/ws01_plumbing/install/base_interfaces_demo/share/base_interfaces_demo/rust/src/action\n'}
[4.782027] (base_interfaces_demo) StdoutLine: {'line': b'-- Installing: /home/loser/ws01_plumbing/install/base_interfaces_demo/share/base_interfaces_demo/rust/src/action/rmw.rs\n'}
[4.782051] (base_interfaces_demo) StdoutLine: {'line': b'-- Installing: /home/loser/ws01_plumbing/install/base_interfaces_demo/share/base_interfaces_demo/rust/src/lib.rs\n'}
[4.782144] (base_interfaces_demo) StdoutLine: {'line': b'-- Installing: /home/loser/ws01_plumbing/install/base_interfaces_demo/share/base_interfaces_demo/rust/src/msg.rs\n'}
[4.782383] (base_interfaces_demo) StdoutLine: {'line': b'-- Installing: /home/loser/ws01_plumbing/install/base_interfaces_demo/share/base_interfaces_demo/rust/src/action.rs\n'}
[4.782412] (base_interfaces_demo) StdoutLine: {'line': b'-- Up-to-date: /home/loser/ws01_plumbing/install/base_interfaces_demo/share/base_interfaces_demo/rust/src/msg\n'}
[4.782437] (base_interfaces_demo) StdoutLine: {'line': b'-- Installing: /home/loser/ws01_plumbing/install/base_interfaces_demo/share/base_interfaces_demo/rust/src/msg/rmw.rs\n'}
[4.782461] (base_interfaces_demo) StdoutLine: {'line': b'-- Installing: /home/loser/ws01_plumbing/install/base_interfaces_demo/share/base_interfaces_demo/rust/src/srv.rs\n'}
[4.782606] (base_interfaces_demo) StdoutLine: {'line': b'-- Up-to-date: /home/loser/ws01_plumbing/install/base_interfaces_demo/share/base_interfaces_demo/rust/src/srv\n'}
[4.782630] (base_interfaces_demo) StdoutLine: {'line': b'-- Installing: /home/loser/ws01_plumbing/install/base_interfaces_demo/share/base_interfaces_demo/rust/src/srv/rmw.rs\n'}
[4.782649] (base_interfaces_demo) StdoutLine: {'line': b'-- Installing: /home/loser/ws01_plumbing/install/base_interfaces_demo/share/base_interfaces_demo/rust/Cargo.toml\n'}
[4.782673] (base_interfaces_demo) StdoutLine: {'line': b'-- Up-to-date: /home/loser/ws01_plumbing/install/base_interfaces_demo/share/base_interfaces_demo/msg/Student.idl\n'}
[4.782695] (base_interfaces_demo) StdoutLine: {'line': b'-- Up-to-date: /home/loser/ws01_plumbing/install/base_interfaces_demo/share/base_interfaces_demo/srv/Addints.idl\n'}
[4.782923] (base_interfaces_demo) StdoutLine: {'line': b'-- Installing: /home/loser/ws01_plumbing/install/base_interfaces_demo/share/base_interfaces_demo/action/Progress.idl\n'}
[4.782957] (base_interfaces_demo) StdoutLine: {'line': b'-- Up-to-date: /home/loser/ws01_plumbing/install/base_interfaces_demo/share/base_interfaces_demo/msg/Student.msg\n'}
[4.782978] (base_interfaces_demo) StdoutLine: {'line': b'-- Up-to-date: /home/loser/ws01_plumbing/install/base_interfaces_demo/share/base_interfaces_demo/srv/Addints.srv\n'}
[4.783000] (base_interfaces_demo) StdoutLine: {'line': b'-- Up-to-date: /home/loser/ws01_plumbing/install/base_interfaces_demo/share/base_interfaces_demo/srv/Addints_Request.msg\n'}
[4.783020] (base_interfaces_demo) StdoutLine: {'line': b'-- Up-to-date: /home/loser/ws01_plumbing/install/base_interfaces_demo/share/base_interfaces_demo/srv/Addints_Response.msg\n'}
[4.783309] (base_interfaces_demo) StdoutLine: {'line': b'-- Installing: /home/loser/ws01_plumbing/install/base_interfaces_demo/share/base_interfaces_demo/action/Progress.action\n'}
[4.783557] (base_interfaces_demo) StdoutLine: {'line': b'-- Installing: /home/loser/ws01_plumbing/install/base_interfaces_demo/share/ament_index/resource_index/package_run_dependencies/base_interfaces_demo\n'}
[4.783598] (base_interfaces_demo) StdoutLine: {'line': b'-- Installing: /home/loser/ws01_plumbing/install/base_interfaces_demo/share/ament_index/resource_index/parent_prefix_path/base_interfaces_demo\n'}
[4.783637] (base_interfaces_demo) StdoutLine: {'line': b'-- Up-to-date: /home/loser/ws01_plumbing/install/base_interfaces_demo/share/base_interfaces_demo/environment/ament_prefix_path.sh\n'}
[4.783676] (base_interfaces_demo) StdoutLine: {'line': b'-- Installing: /home/loser/ws01_plumbing/install/base_interfaces_demo/share/base_interfaces_demo/environment/ament_prefix_path.dsv\n'}
[4.783702] (base_interfaces_demo) StdoutLine: {'line': b'-- Up-to-date: /home/loser/ws01_plumbing/install/base_interfaces_demo/share/base_interfaces_demo/environment/path.sh\n'}
[4.783925] (base_interfaces_demo) StdoutLine: {'line': b'-- Installing: /home/loser/ws01_plumbing/install/base_interfaces_demo/share/base_interfaces_demo/environment/path.dsv\n'}
[4.783953] (base_interfaces_demo) StdoutLine: {'line': b'-- Up-to-date: /home/loser/ws01_plumbing/install/base_interfaces_demo/share/base_interfaces_demo/local_setup.bash\n'}
[4.783993] (base_interfaces_demo) StdoutLine: {'line': b'-- Up-to-date: /home/loser/ws01_plumbing/install/base_interfaces_demo/share/base_interfaces_demo/local_setup.sh\n'}
[4.784040] (base_interfaces_demo) StdoutLine: {'line': b'-- Up-to-date: /home/loser/ws01_plumbing/install/base_interfaces_demo/share/base_interfaces_demo/local_setup.zsh\n'}
[4.784085] (base_interfaces_demo) StdoutLine: {'line': b'-- Installing: /home/loser/ws01_plumbing/install/base_interfaces_demo/share/base_interfaces_demo/local_setup.dsv\n'}
[4.784501] (base_interfaces_demo) StdoutLine: {'line': b'-- Installing: /home/loser/ws01_plumbing/install/base_interfaces_demo/share/base_interfaces_demo/package.dsv\n'}
[4.784535] (base_interfaces_demo) StdoutLine: {'line': b'-- Up-to-date: /home/loser/ws01_plumbing/install/base_interfaces_demo/share/ament_index/resource_index/packages/base_interfaces_demo\n'}
[4.784558] (base_interfaces_demo) StdoutLine: {'line': b'-- Old export file "/home/loser/ws01_plumbing/install/base_interfaces_demo/share/base_interfaces_demo/cmake/export_base_interfaces_demo__rosidl_generator_cExport.cmake" will be replaced.  Removing files [/home/loser/ws01_plumbing/install/base_interfaces_demo/share/base_interfaces_demo/cmake/export_base_interfaces_demo__rosidl_generator_cExport-noconfig.cmake].\n'}
[4.784586] (base_interfaces_demo) StdoutLine: {'line': b'-- Installing: /home/loser/ws01_plumbing/install/base_interfaces_demo/share/base_interfaces_demo/cmake/export_base_interfaces_demo__rosidl_generator_cExport.cmake\n'}
[4.784711] (base_interfaces_demo) StdoutLine: {'line': b'-- Installing: /home/loser/ws01_plumbing/install/base_interfaces_demo/share/base_interfaces_demo/cmake/export_base_interfaces_demo__rosidl_generator_cExport-noconfig.cmake\n'}
[4.784783] (base_interfaces_demo) StdoutLine: {'line': b'-- Old export file "/home/loser/ws01_plumbing/install/base_interfaces_demo/share/base_interfaces_demo/cmake/export_base_interfaces_demo__rosidl_typesupport_fastrtps_cExport.cmake" will be replaced.  Removing files [/home/loser/ws01_plumbing/install/base_interfaces_demo/share/base_interfaces_demo/cmake/export_base_interfaces_demo__rosidl_typesupport_fastrtps_cExport-noconfig.cmake].\n'}
[4.784812] (base_interfaces_demo) StdoutLine: {'line': b'-- Installing: /home/loser/ws01_plumbing/install/base_interfaces_demo/share/base_interfaces_demo/cmake/export_base_interfaces_demo__rosidl_typesupport_fastrtps_cExport.cmake\n'}
[4.784977] (base_interfaces_demo) StdoutLine: {'line': b'-- Installing: /home/loser/ws01_plumbing/install/base_interfaces_demo/share/base_interfaces_demo/cmake/export_base_interfaces_demo__rosidl_typesupport_fastrtps_cExport-noconfig.cmake\n'}
[4.785028] (base_interfaces_demo) StdoutLine: {'line': b'-- Old export file "/home/loser/ws01_plumbing/install/base_interfaces_demo/share/base_interfaces_demo/cmake/base_interfaces_demo__rosidl_typesupport_introspection_cExport.cmake" will be replaced.  Removing files [/home/loser/ws01_plumbing/install/base_interfaces_demo/share/base_interfaces_demo/cmake/base_interfaces_demo__rosidl_typesupport_introspection_cExport-noconfig.cmake].\n'}
[4.785056] (base_interfaces_demo) StdoutLine: {'line': b'-- Installing: /home/loser/ws01_plumbing/install/base_interfaces_demo/share/base_interfaces_demo/cmake/base_interfaces_demo__rosidl_typesupport_introspection_cExport.cmake\n'}
[4.785076] (base_interfaces_demo) StdoutLine: {'line': b'-- Installing: /home/loser/ws01_plumbing/install/base_interfaces_demo/share/base_interfaces_demo/cmake/base_interfaces_demo__rosidl_typesupport_introspection_cExport-noconfig.cmake\n'}
[4.785466] (base_interfaces_demo) StdoutLine: {'line': b'-- Old export file "/home/loser/ws01_plumbing/install/base_interfaces_demo/share/base_interfaces_demo/cmake/base_interfaces_demo__rosidl_typesupport_cExport.cmake" will be replaced.  Removing files [/home/loser/ws01_plumbing/install/base_interfaces_demo/share/base_interfaces_demo/cmake/base_interfaces_demo__rosidl_typesupport_cExport-noconfig.cmake].\n'}
[4.785502] (base_interfaces_demo) StdoutLine: {'line': b'-- Installing: /home/loser/ws01_plumbing/install/base_interfaces_demo/share/base_interfaces_demo/cmake/base_interfaces_demo__rosidl_typesupport_cExport.cmake\n'}
[4.785527] (base_interfaces_demo) StdoutLine: {'line': b'-- Installing: /home/loser/ws01_plumbing/install/base_interfaces_demo/share/base_interfaces_demo/cmake/base_interfaces_demo__rosidl_typesupport_cExport-noconfig.cmake\n'}
[4.785552] (base_interfaces_demo) StdoutLine: {'line': b'-- Installing: /home/loser/ws01_plumbing/install/base_interfaces_demo/share/base_interfaces_demo/cmake/export_base_interfaces_demo__rosidl_generator_cppExport.cmake\n'}
[4.785575] (base_interfaces_demo) StdoutLine: {'line': b'-- Old export file "/home/loser/ws01_plumbing/install/base_interfaces_demo/share/base_interfaces_demo/cmake/export_base_interfaces_demo__rosidl_typesupport_fastrtps_cppExport.cmake" will be replaced.  Removing files [/home/loser/ws01_plumbing/install/base_interfaces_demo/share/base_interfaces_demo/cmake/export_base_interfaces_demo__rosidl_typesupport_fastrtps_cppExport-noconfig.cmake].\n'}
[4.785600] (base_interfaces_demo) StdoutLine: {'line': b'-- Installing: /home/loser/ws01_plumbing/install/base_interfaces_demo/share/base_interfaces_demo/cmake/export_base_interfaces_demo__rosidl_typesupport_fastrtps_cppExport.cmake\n'}
[4.785624] (base_interfaces_demo) StdoutLine: {'line': b'-- Installing: /home/loser/ws01_plumbing/install/base_interfaces_demo/share/base_interfaces_demo/cmake/export_base_interfaces_demo__rosidl_typesupport_fastrtps_cppExport-noconfig.cmake\n'}
[4.785826] (base_interfaces_demo) StdoutLine: {'line': b'-- Old export file "/home/loser/ws01_plumbing/install/base_interfaces_demo/share/base_interfaces_demo/cmake/base_interfaces_demo__rosidl_typesupport_introspection_cppExport.cmake" will be replaced.  Removing files [/home/loser/ws01_plumbing/install/base_interfaces_demo/share/base_interfaces_demo/cmake/base_interfaces_demo__rosidl_typesupport_introspection_cppExport-noconfig.cmake].\n'}
[4.785852] (base_interfaces_demo) StdoutLine: {'line': b'-- Installing: /home/loser/ws01_plumbing/install/base_interfaces_demo/share/base_interfaces_demo/cmake/base_interfaces_demo__rosidl_typesupport_introspection_cppExport.cmake\n'}
[4.785974] (base_interfaces_demo) StdoutLine: {'line': b'-- Installing: /home/loser/ws01_plumbing/install/base_interfaces_demo/share/base_interfaces_demo/cmake/base_interfaces_demo__rosidl_typesupport_introspection_cppExport-noconfig.cmake\n'}
[4.785998] (base_interfaces_demo) StdoutLine: {'line': b'-- Old export file "/home/loser/ws01_plumbing/install/base_interfaces_demo/share/base_interfaces_demo/cmake/base_interfaces_demo__rosidl_typesupport_cppExport.cmake" will be replaced.  Removing files [/home/loser/ws01_plumbing/install/base_interfaces_demo/share/base_interfaces_demo/cmake/base_interfaces_demo__rosidl_typesupport_cppExport-noconfig.cmake].\n'}
[4.786019] (base_interfaces_demo) StdoutLine: {'line': b'-- Installing: /home/loser/ws01_plumbing/install/base_interfaces_demo/share/base_interfaces_demo/cmake/base_interfaces_demo__rosidl_typesupport_cppExport.cmake\n'}
[4.786040] (base_interfaces_demo) StdoutLine: {'line': b'-- Installing: /home/loser/ws01_plumbing/install/base_interfaces_demo/share/base_interfaces_demo/cmake/base_interfaces_demo__rosidl_typesupport_cppExport-noconfig.cmake\n'}
[4.786334] (base_interfaces_demo) StdoutLine: {'line': b'-- Old export file "/home/loser/ws01_plumbing/install/base_interfaces_demo/share/base_interfaces_demo/cmake/export_base_interfaces_demo__rosidl_generator_pyExport.cmake" will be replaced.  Removing files [/home/loser/ws01_plumbing/install/base_interfaces_demo/share/base_interfaces_demo/cmake/export_base_interfaces_demo__rosidl_generator_pyExport-noconfig.cmake].\n'}
[4.786365] (base_interfaces_demo) StdoutLine: {'line': b'-- Installing: /home/loser/ws01_plumbing/install/base_interfaces_demo/share/base_interfaces_demo/cmake/export_base_interfaces_demo__rosidl_generator_pyExport.cmake\n'}
[4.786387] (base_interfaces_demo) StdoutLine: {'line': b'-- Installing: /home/loser/ws01_plumbing/install/base_interfaces_demo/share/base_interfaces_demo/cmake/export_base_interfaces_demo__rosidl_generator_pyExport-noconfig.cmake\n'}
[4.786414] (base_interfaces_demo) StdoutLine: {'line': b'-- Installing: /home/loser/ws01_plumbing/install/base_interfaces_demo/share/base_interfaces_demo/cmake/rosidl_cmake-extras.cmake\n'}
[4.786439] (base_interfaces_demo) StdoutLine: {'line': b'-- Installing: /home/loser/ws01_plumbing/install/base_interfaces_demo/share/base_interfaces_demo/cmake/ament_cmake_export_dependencies-extras.cmake\n'}
[4.786460] (base_interfaces_demo) StdoutLine: {'line': b'-- Up-to-date: /home/loser/ws01_plumbing/install/base_interfaces_demo/share/base_interfaces_demo/cmake/ament_cmake_export_include_directories-extras.cmake\n'}
[4.786480] (base_interfaces_demo) StdoutLine: {'line': b'-- Up-to-date: /home/loser/ws01_plumbing/install/base_interfaces_demo/share/base_interfaces_demo/cmake/ament_cmake_export_libraries-extras.cmake\n'}
[4.786499] (base_interfaces_demo) StdoutLine: {'line': b'-- Up-to-date: /home/loser/ws01_plumbing/install/base_interfaces_demo/share/base_interfaces_demo/cmake/ament_cmake_export_targets-extras.cmake\n'}
[4.786518] (base_interfaces_demo) StdoutLine: {'line': b'-- Up-to-date: /home/loser/ws01_plumbing/install/base_interfaces_demo/share/base_interfaces_demo/cmake/rosidl_cmake_export_typesupport_targets-extras.cmake\n'}
[4.786540] (base_interfaces_demo) StdoutLine: {'line': b'-- Up-to-date: /home/loser/ws01_plumbing/install/base_interfaces_demo/share/base_interfaces_demo/cmake/rosidl_cmake_export_typesupport_libraries-extras.cmake\n'}
[4.786558] (base_interfaces_demo) StdoutLine: {'line': b'-- Installing: /home/loser/ws01_plumbing/install/base_interfaces_demo/share/base_interfaces_demo/cmake/base_interfaces_demoConfig.cmake\n'}
[4.786576] (base_interfaces_demo) StdoutLine: {'line': b'-- Up-to-date: /home/loser/ws01_plumbing/install/base_interfaces_demo/share/base_interfaces_demo/cmake/base_interfaces_demoConfig-version.cmake\n'}
[4.786595] (base_interfaces_demo) StdoutLine: {'line': b'-- Installing: /home/loser/ws01_plumbing/install/base_interfaces_demo/share/base_interfaces_demo/package.xml\n'}
[4.788358] (base_interfaces_demo) CommandEnded: {'returncode': 0}
[4.807838] (base_interfaces_demo) JobEnded: {'identifier': 'base_interfaces_demo', 'rc': 0}
[4.809284] (cpp01_topic) JobStarted: {'identifier': 'cpp01_topic'}
[4.814537] (cpp02_service) JobStarted: {'identifier': 'cpp02_service'}
[4.818995] (cpp03_action) JobStarted: {'identifier': 'cpp03_action'}
[4.823742] (py01_topic) JobStarted: {'identifier': 'py01_topic'}
[4.832717] (-) TimerEvent: {}
[4.833416] (cpp01_topic) JobProgress: {'identifier': 'cpp01_topic', 'progress': 'cmake'}
[4.835124] (cpp01_topic) JobProgress: {'identifier': 'cpp01_topic', 'progress': 'build'}
[4.835260] (cpp01_topic) Command: {'cmd': ['/usr/bin/cmake', '--build', '/home/loser/ws01_plumbing/build/cpp01_topic', '--', '-j4', '-l4'], 'cwd': '/home/loser/ws01_plumbing/build/cpp01_topic', 'env': OrderedDict([('GJS_DEBUG_TOPICS', 'JS ERROR;JS LOG'), ('PYTHON_BASIC_REPL', '1'), ('LESSOPEN', '| /usr/bin/lesspipe %s'), ('LANGUAGE', 'zh_CN:en'), ('USER', 'loser'), ('LC_TIME', 'zh_CN.UTF-8'), ('XDG_SESSION_TYPE', 'wayland'), ('SHLVL', '1'), ('LD_LIBRARY_PATH', '/home/loser/ws01_plumbing/install/base_interfaces_demo/lib:/usr/lib/x86_64-linux-gnu/gazebo-11/plugins:/opt/ros/humble/opt/rviz_ogre_vendor/lib:/opt/ros/humble/lib/x86_64-linux-gnu:/opt/ros/humble/lib'), ('HOME', '/home/loser'), ('CHROME_DESKTOP', 'code.desktop'), ('OLDPWD', '/home/loser/ws01_plumbing/src'), ('TERM_PROGRAM_VERSION', '1.121.0'), ('DESKTOP_SESSION', 'ubuntu'), ('GIO_LAUNCHED_DESKTOP_FILE', '/usr/share/applications/code.desktop'), ('ROS_PYTHON_VERSION', '3'), ('GNOME_SHELL_SESSION_MODE', 'ubuntu'), ('GTK_MODULES', 'gail:atk-bridge'), ('LC_MONETARY', 'zh_CN.UTF-8'), ('MANAGERPID', '1438'), ('SYSTEMD_EXEC_PID', '1625'), ('IM_CONFIG_CHECK_ENV', '1'), ('VSCODE_PYTHON_AUTOACTIVATE_GUARD', '1'), ('DBUS_SESSION_BUS_ADDRESS', 'unix:path=/run/user/1000/bus'), ('COLORTERM', 'truecolor'), ('GIO_LAUNCHED_DESKTOP_FILE_PID', '2247'), ('IM_CONFIG_PHASE', '1'), ('WAYLAND_DISPLAY', 'wayland-0'), ('COLCON_PREFIX_PATH', '/home/loser/ws01_plumbing/install'), ('ROS_DISTRO', 'humble'), ('GTK_IM_MODULE', 'fcitx'), ('LOGNAME', 'loser'), ('JOURNAL_STREAM', '8:20539'), ('_', '/usr/bin/colcon'), ('ROS_VERSION', '2'), ('XDG_SESSION_CLASS', 'user'), ('USERNAME', 'loser'), ('TERM', 'xterm-256color'), ('GNOME_DESKTOP_SESSION_ID', 'this-is-deprecated'), ('FC_FONTATIONS', '1'), ('ROS_LOCALHOST_ONLY', '0'), ('PATH', '/home/loser/.config/Code/User/globalStorage/github.copilot-chat/debugCommand:/home/loser/.config/Code/User/globalStorage/github.copilot-chat/copilotCli:/opt/ros/humble/bin:/usr/local/sbin:/usr/local/bin:/usr/sbin:/usr/bin:/sbin:/bin:/usr/games:/usr/local/games:/snap/bin:/snap/bin'), ('SESSION_MANAGER', 'local/loser-vm:@/tmp/.ICE-unix/1579,unix/loser-vm:/tmp/.ICE-unix/1579'), ('INVOCATION_ID', 'c066e5289e1f46339e91e1906c356ea9'), ('PAPERSIZE', 'a4'), ('XDG_MENU_PREFIX', 'gnome-'), ('LC_ADDRESS', 'zh_CN.UTF-8'), ('GNOME_SETUP_DISPLAY', ':1'), ('XDG_RUNTIME_DIR', '/run/user/1000'), ('GDK_BACKEND', 'wayland'), ('DISPLAY', ':0'), ('LANG', 'zh_CN.UTF-8'), ('XDG_CURRENT_DESKTOP', 'ubuntu:GNOME'), ('PYTHONSTARTUP', '/home/loser/.config/Code/User/workspaceStorage/8648397a620a1c47015fb5f0b3e3803b/ms-python.python/pythonrc.py'), ('LC_TELEPHONE', 'zh_CN.UTF-8'), ('XMODIFIERS', '@im=fcitx'), ('XDG_SESSION_DESKTOP', 'ubuntu'), ('XAUTHORITY', '/run/user/1000/.mutter-Xwaylandauth.RLY4P3'), ('LS_COLORS', 'rs=0:di=01;34:ln=01;36:mh=00:pi=40;33:so=01;35:do=01;35:bd=40;33;01:cd=40;33;01:or=40;31;01:mi=00:su=37;41:sg=30;43:ca=30;41:tw=30;42:ow=34;42:st=37;44:ex=01;32:*.tar=01;31:*.tgz=01;31:*.arc=01;31:*.arj=01;31:*.taz=01;31:*.lha=01;31:*.lz4=01;31:*.lzh=01;31:*.lzma=01;31:*.tlz=01;31:*.txz=01;31:*.tzo=01;31:*.t7z=01;31:*.zip=01;31:*.z=01;31:*.dz=01;31:*.gz=01;31:*.lrz=01;31:*.lz=01;31:*.lzo=01;31:*.xz=01;31:*.zst=01;31:*.tzst=01;31:*.bz2=01;31:*.bz=01;31:*.tbz=01;31:*.tbz2=01;31:*.tz=01;31:*.deb=01;31:*.rpm=01;31:*.jar=01;31:*.war=01;31:*.ear=01;31:*.sar=01;31:*.rar=01;31:*.alz=01;31:*.ace=01;31:*.zoo=01;31:*.cpio=01;31:*.7z=01;31:*.rz=01;31:*.cab=01;31:*.wim=01;31:*.swm=01;31:*.dwm=01;31:*.esd=01;31:*.jpg=01;35:*.jpeg=01;35:*.mjpg=01;35:*.mjpeg=01;35:*.gif=01;35:*.bmp=01;35:*.pbm=01;35:*.pgm=01;35:*.ppm=01;35:*.tga=01;35:*.xbm=01;35:*.xpm=01;35:*.tif=01;35:*.tiff=01;35:*.png=01;35:*.svg=01;35:*.svgz=01;35:*.mng=01;35:*.pcx=01;35:*.mov=01;35:*.mpg=01;35:*.mpeg=01;35:*.m2v=01;35:*.mkv=01;35:*.webm=01;35:*.webp=01;35:*.ogm=01;35:*.mp4=01;35:*.m4v=01;35:*.mp4v=01;35:*.vob=01;35:*.qt=01;35:*.nuv=01;35:*.wmv=01;35:*.asf=01;35:*.rm=01;35:*.rmvb=01;35:*.flc=01;35:*.avi=01;35:*.fli=01;35:*.flv=01;35:*.gl=01;35:*.dl=01;35:*.xcf=01;35:*.xwd=01;35:*.yuv=01;35:*.cgm=01;35:*.emf=01;35:*.ogv=01;35:*.ogx=01;35:*.aac=00;36:*.au=00;36:*.flac=00;36:*.m4a=00;36:*.mid=00;36:*.midi=00;36:*.mka=00;36:*.mp3=00;36:*.mpc=00;36:*.ogg=00;36:*.ra=00;36:*.wav=00;36:*.oga=00;36:*.opus=00;36:*.spx=00;36:*.xspf=00;36:'), ('TERM_PROGRAM', 'vscode'), ('SSH_AGENT_LAUNCHER', 'gnome-keyring'), ('SSH_AUTH_SOCK', '/run/user/1000/keyring/ssh'), ('AMENT_PREFIX_PATH', '/home/loser/ws01_plumbing/install/py03_action:/home/loser/ws01_plumbing/install/cpp03_action:/home/loser/ws01_plumbing/install/py02_service:/home/loser/ws01_plumbing/install/py01_topic:/home/loser/ws01_plumbing/install/cpp02_service:/home/loser/ws01_plumbing/install/cpp01_topic:/home/loser/ws01_plumbing/install/base_interfaces_demo:/opt/ros/humble'), ('SHELL', '/bin/bash'), ('LC_NAME', 'zh_CN.UTF-8'), ('QT_ACCESSIBILITY', '1'), ('GDMSESSION', 'ubuntu'), ('LESSCLOSE', '/usr/bin/lesspipe %s %s'), ('LC_MEASUREMENT', 'zh_CN.UTF-8'), ('GJS_DEBUG_OUTPUT', 'stderr'), ('LC_IDENTIFICATION', 'zh_CN.UTF-8'), ('QT_IM_MODULE', 'fcitx'), ('PWD', '/home/loser/ws01_plumbing/build/cpp01_topic'), ('XDG_CONFIG_DIRS', '/etc/xdg/xdg-ubuntu:/etc/xdg'), ('CLUTTER_IM_MODULE', 'xim'), ('XDG_DATA_DIRS', '/usr/share/ubuntu:/usr/local/share/:/usr/share/:/var/lib/snapd/desktop'), ('PYTHONPATH', '/home/loser/ws01_plumbing/install/py03_action/lib/python3.10/site-packages:/home/loser/ws01_plumbing/install/py02_service/lib/python3.10/site-packages:/home/loser/ws01_plumbing/install/py01_topic/lib/python3.10/site-packages:/home/loser/ws01_plumbing/install/base_interfaces_demo/local/lib/python3.10/dist-packages:/opt/ros/humble/lib/python3.10/site-packages:/opt/ros/humble/local/lib/python3.10/dist-packages'), ('LC_NUMERIC', 'zh_CN.UTF-8'), ('LC_PAPER', 'zh_CN.UTF-8'), ('COLCON', '1'), ('CMAKE_PREFIX_PATH', '/home/loser/ws01_plumbing/install/base_interfaces_demo:/home/loser/ws01_plumbing/install/cpp03_action:/home/loser/ws01_plumbing/install/cpp02_service:/home/loser/ws01_plumbing/install/cpp01_topic:/home/loser/ws01_plumbing/install/py03_action:/home/loser/ws01_plumbing/install/py02_service:/home/loser/ws01_plumbing/install/py01_topic:/opt/ros/humble')]), 'shell': False}
[4.837521] (cpp02_service) JobProgress: {'identifier': 'cpp02_service', 'progress': 'cmake'}
[4.839082] (cpp02_service) JobProgress: {'identifier': 'cpp02_service', 'progress': 'build'}
[4.839120] (cpp02_service) Command: {'cmd': ['/usr/bin/cmake', '--build', '/home/loser/ws01_plumbing/build/cpp02_service', '--', '-j4', '-l4'], 'cwd': '/home/loser/ws01_plumbing/build/cpp02_service', 'env': OrderedDict([('GJS_DEBUG_TOPICS', 'JS ERROR;JS LOG'), ('PYTHON_BASIC_REPL', '1'), ('LESSOPEN', '| /usr/bin/lesspipe %s'), ('LANGUAGE', 'zh_CN:en'), ('USER', 'loser'), ('LC_TIME', 'zh_CN.UTF-8'), ('XDG_SESSION_TYPE', 'wayland'), ('SHLVL', '1'), ('LD_LIBRARY_PATH', '/home/loser/ws01_plumbing/install/base_interfaces_demo/lib:/usr/lib/x86_64-linux-gnu/gazebo-11/plugins:/opt/ros/humble/opt/rviz_ogre_vendor/lib:/opt/ros/humble/lib/x86_64-linux-gnu:/opt/ros/humble/lib'), ('HOME', '/home/loser'), ('CHROME_DESKTOP', 'code.desktop'), ('OLDPWD', '/home/loser/ws01_plumbing/src'), ('TERM_PROGRAM_VERSION', '1.121.0'), ('DESKTOP_SESSION', 'ubuntu'), ('GIO_LAUNCHED_DESKTOP_FILE', '/usr/share/applications/code.desktop'), ('ROS_PYTHON_VERSION', '3'), ('GNOME_SHELL_SESSION_MODE', 'ubuntu'), ('GTK_MODULES', 'gail:atk-bridge'), ('LC_MONETARY', 'zh_CN.UTF-8'), ('MANAGERPID', '1438'), ('SYSTEMD_EXEC_PID', '1625'), ('IM_CONFIG_CHECK_ENV', '1'), ('VSCODE_PYTHON_AUTOACTIVATE_GUARD', '1'), ('DBUS_SESSION_BUS_ADDRESS', 'unix:path=/run/user/1000/bus'), ('COLORTERM', 'truecolor'), ('GIO_LAUNCHED_DESKTOP_FILE_PID', '2247'), ('IM_CONFIG_PHASE', '1'), ('WAYLAND_DISPLAY', 'wayland-0'), ('COLCON_PREFIX_PATH', '/home/loser/ws01_plumbing/install'), ('ROS_DISTRO', 'humble'), ('GTK_IM_MODULE', 'fcitx'), ('LOGNAME', 'loser'), ('JOURNAL_STREAM', '8:20539'), ('_', '/usr/bin/colcon'), ('ROS_VERSION', '2'), ('XDG_SESSION_CLASS', 'user'), ('USERNAME', 'loser'), ('TERM', 'xterm-256color'), ('GNOME_DESKTOP_SESSION_ID', 'this-is-deprecated'), ('FC_FONTATIONS', '1'), ('ROS_LOCALHOST_ONLY', '0'), ('PATH', '/home/loser/.config/Code/User/globalStorage/github.copilot-chat/debugCommand:/home/loser/.config/Code/User/globalStorage/github.copilot-chat/copilotCli:/opt/ros/humble/bin:/usr/local/sbin:/usr/local/bin:/usr/sbin:/usr/bin:/sbin:/bin:/usr/games:/usr/local/games:/snap/bin:/snap/bin'), ('SESSION_MANAGER', 'local/loser-vm:@/tmp/.ICE-unix/1579,unix/loser-vm:/tmp/.ICE-unix/1579'), ('INVOCATION_ID', 'c066e5289e1f46339e91e1906c356ea9'), ('PAPERSIZE', 'a4'), ('XDG_MENU_PREFIX', 'gnome-'), ('LC_ADDRESS', 'zh_CN.UTF-8'), ('GNOME_SETUP_DISPLAY', ':1'), ('XDG_RUNTIME_DIR', '/run/user/1000'), ('GDK_BACKEND', 'wayland'), ('DISPLAY', ':0'), ('LANG', 'zh_CN.UTF-8'), ('XDG_CURRENT_DESKTOP', 'ubuntu:GNOME'), ('PYTHONSTARTUP', '/home/loser/.config/Code/User/workspaceStorage/8648397a620a1c47015fb5f0b3e3803b/ms-python.python/pythonrc.py'), ('LC_TELEPHONE', 'zh_CN.UTF-8'), ('XMODIFIERS', '@im=fcitx'), ('XDG_SESSION_DESKTOP', 'ubuntu'), ('XAUTHORITY', '/run/user/1000/.mutter-Xwaylandauth.RLY4P3'), ('LS_COLORS', 'rs=0:di=01;34:ln=01;36:mh=00:pi=40;33:so=01;35:do=01;35:bd=40;33;01:cd=40;33;01:or=40;31;01:mi=00:su=37;41:sg=30;43:ca=30;41:tw=30;42:ow=34;42:st=37;44:ex=01;32:*.tar=01;31:*.tgz=01;31:*.arc=01;31:*.arj=01;31:*.taz=01;31:*.lha=01;31:*.lz4=01;31:*.lzh=01;31:*.lzma=01;31:*.tlz=01;31:*.txz=01;31:*.tzo=01;31:*.t7z=01;31:*.zip=01;31:*.z=01;31:*.dz=01;31:*.gz=01;31:*.lrz=01;31:*.lz=01;31:*.lzo=01;31:*.xz=01;31:*.zst=01;31:*.tzst=01;31:*.bz2=01;31:*.bz=01;31:*.tbz=01;31:*.tbz2=01;31:*.tz=01;31:*.deb=01;31:*.rpm=01;31:*.jar=01;31:*.war=01;31:*.ear=01;31:*.sar=01;31:*.rar=01;31:*.alz=01;31:*.ace=01;31:*.zoo=01;31:*.cpio=01;31:*.7z=01;31:*.rz=01;31:*.cab=01;31:*.wim=01;31:*.swm=01;31:*.dwm=01;31:*.esd=01;31:*.jpg=01;35:*.jpeg=01;35:*.mjpg=01;35:*.mjpeg=01;35:*.gif=01;35:*.bmp=01;35:*.pbm=01;35:*.pgm=01;35:*.ppm=01;35:*.tga=01;35:*.xbm=01;35:*.xpm=01;35:*.tif=01;35:*.tiff=01;35:*.png=01;35:*.svg=01;35:*.svgz=01;35:*.mng=01;35:*.pcx=01;35:*.mov=01;35:*.mpg=01;35:*.mpeg=01;35:*.m2v=01;35:*.mkv=01;35:*.webm=01;35:*.webp=01;35:*.ogm=01;35:*.mp4=01;35:*.m4v=01;35:*.mp4v=01;35:*.vob=01;35:*.qt=01;35:*.nuv=01;35:*.wmv=01;35:*.asf=01;35:*.rm=01;35:*.rmvb=01;35:*.flc=01;35:*.avi=01;35:*.fli=01;35:*.flv=01;35:*.gl=01;35:*.dl=01;35:*.xcf=01;35:*.xwd=01;35:*.yuv=01;35:*.cgm=01;35:*.emf=01;35:*.ogv=01;35:*.ogx=01;35:*.aac=00;36:*.au=00;36:*.flac=00;36:*.m4a=00;36:*.mid=00;36:*.midi=00;36:*.mka=00;36:*.mp3=00;36:*.mpc=00;36:*.ogg=00;36:*.ra=00;36:*.wav=00;36:*.oga=00;36:*.opus=00;36:*.spx=00;36:*.xspf=00;36:'), ('TERM_PROGRAM', 'vscode'), ('SSH_AGENT_LAUNCHER', 'gnome-keyring'), ('SSH_AUTH_SOCK', '/run/user/1000/keyring/ssh'), ('AMENT_PREFIX_PATH', '/home/loser/ws01_plumbing/install/py03_action:/home/loser/ws01_plumbing/install/cpp03_action:/home/loser/ws01_plumbing/install/py02_service:/home/loser/ws01_plumbing/install/py01_topic:/home/loser/ws01_plumbing/install/cpp02_service:/home/loser/ws01_plumbing/install/cpp01_topic:/home/loser/ws01_plumbing/install/base_interfaces_demo:/opt/ros/humble'), ('SHELL', '/bin/bash'), ('LC_NAME', 'zh_CN.UTF-8'), ('QT_ACCESSIBILITY', '1'), ('GDMSESSION', 'ubuntu'), ('LESSCLOSE', '/usr/bin/lesspipe %s %s'), ('LC_MEASUREMENT', 'zh_CN.UTF-8'), ('GJS_DEBUG_OUTPUT', 'stderr'), ('LC_IDENTIFICATION', 'zh_CN.UTF-8'), ('QT_IM_MODULE', 'fcitx'), ('PWD', '/home/loser/ws01_plumbing/build/cpp02_service'), ('XDG_CONFIG_DIRS', '/etc/xdg/xdg-ubuntu:/etc/xdg'), ('CLUTTER_IM_MODULE', 'xim'), ('XDG_DATA_DIRS', '/usr/share/ubuntu:/usr/local/share/:/usr/share/:/var/lib/snapd/desktop'), ('PYTHONPATH', '/home/loser/ws01_plumbing/install/py03_action/lib/python3.10/site-packages:/home/loser/ws01_plumbing/install/py02_service/lib/python3.10/site-packages:/home/loser/ws01_plumbing/install/py01_topic/lib/python3.10/site-packages:/home/loser/ws01_plumbing/install/base_interfaces_demo/local/lib/python3.10/dist-packages:/opt/ros/humble/lib/python3.10/site-packages:/opt/ros/humble/local/lib/python3.10/dist-packages'), ('LC_NUMERIC', 'zh_CN.UTF-8'), ('LC_PAPER', 'zh_CN.UTF-8'), ('COLCON', '1'), ('CMAKE_PREFIX_PATH', '/home/loser/ws01_plumbing/install/base_interfaces_demo:/home/loser/ws01_plumbing/install/cpp03_action:/home/loser/ws01_plumbing/install/cpp02_service:/home/loser/ws01_plumbing/install/cpp01_topic:/home/loser/ws01_plumbing/install/py03_action:/home/loser/ws01_plumbing/install/py02_service:/home/loser/ws01_plumbing/install/py01_topic:/opt/ros/humble')]), 'shell': False}
[4.842143] (cpp03_action) JobProgress: {'identifier': 'cpp03_action', 'progress': 'cmake'}
[4.842176] (cpp03_action) JobProgress: {'identifier': 'cpp03_action', 'progress': 'build'}
[4.842193] (cpp03_action) Command: {'cmd': ['/usr/bin/cmake', '--build', '/home/loser/ws01_plumbing/build/cpp03_action', '--', '-j4', '-l4'], 'cwd': '/home/loser/ws01_plumbing/build/cpp03_action', 'env': OrderedDict([('GJS_DEBUG_TOPICS', 'JS ERROR;JS LOG'), ('PYTHON_BASIC_REPL', '1'), ('LESSOPEN', '| /usr/bin/lesspipe %s'), ('LANGUAGE', 'zh_CN:en'), ('USER', 'loser'), ('LC_TIME', 'zh_CN.UTF-8'), ('XDG_SESSION_TYPE', 'wayland'), ('SHLVL', '1'), ('LD_LIBRARY_PATH', '/home/loser/ws01_plumbing/install/base_interfaces_demo/lib:/usr/lib/x86_64-linux-gnu/gazebo-11/plugins:/opt/ros/humble/opt/rviz_ogre_vendor/lib:/opt/ros/humble/lib/x86_64-linux-gnu:/opt/ros/humble/lib'), ('HOME', '/home/loser'), ('CHROME_DESKTOP', 'code.desktop'), ('OLDPWD', '/home/loser/ws01_plumbing/src'), ('TERM_PROGRAM_VERSION', '1.121.0'), ('DESKTOP_SESSION', 'ubuntu'), ('GIO_LAUNCHED_DESKTOP_FILE', '/usr/share/applications/code.desktop'), ('ROS_PYTHON_VERSION', '3'), ('GNOME_SHELL_SESSION_MODE', 'ubuntu'), ('GTK_MODULES', 'gail:atk-bridge'), ('LC_MONETARY', 'zh_CN.UTF-8'), ('MANAGERPID', '1438'), ('SYSTEMD_EXEC_PID', '1625'), ('IM_CONFIG_CHECK_ENV', '1'), ('VSCODE_PYTHON_AUTOACTIVATE_GUARD', '1'), ('DBUS_SESSION_BUS_ADDRESS', 'unix:path=/run/user/1000/bus'), ('COLORTERM', 'truecolor'), ('GIO_LAUNCHED_DESKTOP_FILE_PID', '2247'), ('IM_CONFIG_PHASE', '1'), ('WAYLAND_DISPLAY', 'wayland-0'), ('COLCON_PREFIX_PATH', '/home/loser/ws01_plumbing/install'), ('ROS_DISTRO', 'humble'), ('GTK_IM_MODULE', 'fcitx'), ('LOGNAME', 'loser'), ('JOURNAL_STREAM', '8:20539'), ('_', '/usr/bin/colcon'), ('ROS_VERSION', '2'), ('XDG_SESSION_CLASS', 'user'), ('USERNAME', 'loser'), ('TERM', 'xterm-256color'), ('GNOME_DESKTOP_SESSION_ID', 'this-is-deprecated'), ('FC_FONTATIONS', '1'), ('ROS_LOCALHOST_ONLY', '0'), ('PATH', '/home/loser/.config/Code/User/globalStorage/github.copilot-chat/debugCommand:/home/loser/.config/Code/User/globalStorage/github.copilot-chat/copilotCli:/opt/ros/humble/bin:/usr/local/sbin:/usr/local/bin:/usr/sbin:/usr/bin:/sbin:/bin:/usr/games:/usr/local/games:/snap/bin:/snap/bin'), ('SESSION_MANAGER', 'local/loser-vm:@/tmp/.ICE-unix/1579,unix/loser-vm:/tmp/.ICE-unix/1579'), ('INVOCATION_ID', 'c066e5289e1f46339e91e1906c356ea9'), ('PAPERSIZE', 'a4'), ('XDG_MENU_PREFIX', 'gnome-'), ('LC_ADDRESS', 'zh_CN.UTF-8'), ('GNOME_SETUP_DISPLAY', ':1'), ('XDG_RUNTIME_DIR', '/run/user/1000'), ('GDK_BACKEND', 'wayland'), ('DISPLAY', ':0'), ('LANG', 'zh_CN.UTF-8'), ('XDG_CURRENT_DESKTOP', 'ubuntu:GNOME'), ('PYTHONSTARTUP', '/home/loser/.config/Code/User/workspaceStorage/8648397a620a1c47015fb5f0b3e3803b/ms-python.python/pythonrc.py'), ('LC_TELEPHONE', 'zh_CN.UTF-8'), ('XMODIFIERS', '@im=fcitx'), ('XDG_SESSION_DESKTOP', 'ubuntu'), ('XAUTHORITY', '/run/user/1000/.mutter-Xwaylandauth.RLY4P3'), ('LS_COLORS', 'rs=0:di=01;34:ln=01;36:mh=00:pi=40;33:so=01;35:do=01;35:bd=40;33;01:cd=40;33;01:or=40;31;01:mi=00:su=37;41:sg=30;43:ca=30;41:tw=30;42:ow=34;42:st=37;44:ex=01;32:*.tar=01;31:*.tgz=01;31:*.arc=01;31:*.arj=01;31:*.taz=01;31:*.lha=01;31:*.lz4=01;31:*.lzh=01;31:*.lzma=01;31:*.tlz=01;31:*.txz=01;31:*.tzo=01;31:*.t7z=01;31:*.zip=01;31:*.z=01;31:*.dz=01;31:*.gz=01;31:*.lrz=01;31:*.lz=01;31:*.lzo=01;31:*.xz=01;31:*.zst=01;31:*.tzst=01;31:*.bz2=01;31:*.bz=01;31:*.tbz=01;31:*.tbz2=01;31:*.tz=01;31:*.deb=01;31:*.rpm=01;31:*.jar=01;31:*.war=01;31:*.ear=01;31:*.sar=01;31:*.rar=01;31:*.alz=01;31:*.ace=01;31:*.zoo=01;31:*.cpio=01;31:*.7z=01;31:*.rz=01;31:*.cab=01;31:*.wim=01;31:*.swm=01;31:*.dwm=01;31:*.esd=01;31:*.jpg=01;35:*.jpeg=01;35:*.mjpg=01;35:*.mjpeg=01;35:*.gif=01;35:*.bmp=01;35:*.pbm=01;35:*.pgm=01;35:*.ppm=01;35:*.tga=01;35:*.xbm=01;35:*.xpm=01;35:*.tif=01;35:*.tiff=01;35:*.png=01;35:*.svg=01;35:*.svgz=01;35:*.mng=01;35:*.pcx=01;35:*.mov=01;35:*.mpg=01;35:*.mpeg=01;35:*.m2v=01;35:*.mkv=01;35:*.webm=01;35:*.webp=01;35:*.ogm=01;35:*.mp4=01;35:*.m4v=01;35:*.mp4v=01;35:*.vob=01;35:*.qt=01;35:*.nuv=01;35:*.wmv=01;35:*.asf=01;35:*.rm=01;35:*.rmvb=01;35:*.flc=01;35:*.avi=01;35:*.fli=01;35:*.flv=01;35:*.gl=01;35:*.dl=01;35:*.xcf=01;35:*.xwd=01;35:*.yuv=01;35:*.cgm=01;35:*.emf=01;35:*.ogv=01;35:*.ogx=01;35:*.aac=00;36:*.au=00;36:*.flac=00;36:*.m4a=00;36:*.mid=00;36:*.midi=00;36:*.mka=00;36:*.mp3=00;36:*.mpc=00;36:*.ogg=00;36:*.ra=00;36:*.wav=00;36:*.oga=00;36:*.opus=00;36:*.spx=00;36:*.xspf=00;36:'), ('TERM_PROGRAM', 'vscode'), ('SSH_AGENT_LAUNCHER', 'gnome-keyring'), ('SSH_AUTH_SOCK', '/run/user/1000/keyring/ssh'), ('AMENT_PREFIX_PATH', '/home/loser/ws01_plumbing/install/py03_action:/home/loser/ws01_plumbing/install/cpp03_action:/home/loser/ws01_plumbing/install/py02_service:/home/loser/ws01_plumbing/install/py01_topic:/home/loser/ws01_plumbing/install/cpp02_service:/home/loser/ws01_plumbing/install/cpp01_topic:/home/loser/ws01_plumbing/install/base_interfaces_demo:/opt/ros/humble'), ('SHELL', '/bin/bash'), ('LC_NAME', 'zh_CN.UTF-8'), ('QT_ACCESSIBILITY', '1'), ('GDMSESSION', 'ubuntu'), ('LESSCLOSE', '/usr/bin/lesspipe %s %s'), ('LC_MEASUREMENT', 'zh_CN.UTF-8'), ('GJS_DEBUG_OUTPUT', 'stderr'), ('LC_IDENTIFICATION', 'zh_CN.UTF-8'), ('QT_IM_MODULE', 'fcitx'), ('PWD', '/home/loser/ws01_plumbing/build/cpp03_action'), ('XDG_CONFIG_DIRS', '/etc/xdg/xdg-ubuntu:/etc/xdg'), ('CLUTTER_IM_MODULE', 'xim'), ('XDG_DATA_DIRS', '/usr/share/ubuntu:/usr/local/share/:/usr/share/:/var/lib/snapd/desktop'), ('PYTHONPATH', '/home/loser/ws01_plumbing/install/py03_action/lib/python3.10/site-packages:/home/loser/ws01_plumbing/install/py02_service/lib/python3.10/site-packages:/home/loser/ws01_plumbing/install/py01_topic/lib/python3.10/site-packages:/home/loser/ws01_plumbing/install/base_interfaces_demo/local/lib/python3.10/dist-packages:/opt/ros/humble/lib/python3.10/site-packages:/opt/ros/humble/local/lib/python3.10/dist-packages'), ('LC_NUMERIC', 'zh_CN.UTF-8'), ('LC_PAPER', 'zh_CN.UTF-8'), ('COLCON', '1'), ('CMAKE_PREFIX_PATH', '/home/loser/ws01_plumbing/install/base_interfaces_demo:/home/loser/ws01_plumbing/install/cpp03_action:/home/loser/ws01_plumbing/install/cpp02_service:/home/loser/ws01_plumbing/install/cpp01_topic:/home/loser/ws01_plumbing/install/py03_action:/home/loser/ws01_plumbing/install/py02_service:/home/loser/ws01_plumbing/install/py01_topic:/opt/ros/humble')]), 'shell': False}
[4.878189] (cpp01_topic) StdoutLine: {'line': b'-- Found ament_cmake: 1.3.14 (/opt/ros/humble/share/ament_cmake/cmake)\n'}
[4.882372] (cpp03_action) StdoutLine: {'line': b'-- Found ament_cmake: 1.3.14 (/opt/ros/humble/share/ament_cmake/cmake)\n'}
[4.902658] (cpp02_service) StdoutLine: {'line': b'-- Found ament_cmake: 1.3.14 (/opt/ros/humble/share/ament_cmake/cmake)\n'}
[4.933347] (-) TimerEvent: {}
[5.034088] (-) TimerEvent: {}
[5.054733] (cpp02_service) StdoutLine: {'line': b'-- Found rclcpp: 16.0.19 (/opt/ros/humble/share/rclcpp/cmake)\n'}
[5.070586] (cpp01_topic) StdoutLine: {'line': b'-- Found rclcpp: 16.0.19 (/opt/ros/humble/share/rclcpp/cmake)\n'}
[5.078578] (cpp03_action) StdoutLine: {'line': b'-- Found rclcpp: 16.0.19 (/opt/ros/humble/share/rclcpp/cmake)\n'}
[5.090884] (cpp02_service) StdoutLine: {'line': b'-- Found rosidl_generator_c: 3.1.8 (/opt/ros/humble/share/rosidl_generator_c/cmake)\n'}
[5.092040] (cpp01_topic) StdoutLine: {'line': b'-- Found rosidl_generator_c: 3.1.8 (/opt/ros/humble/share/rosidl_generator_c/cmake)\n'}
[5.098781] (cpp02_service) StdoutLine: {'line': b'-- Found rosidl_adapter: 3.1.8 (/opt/ros/humble/share/rosidl_adapter/cmake)\n'}
[5.098978] (cpp01_topic) StdoutLine: {'line': b'-- Found rosidl_adapter: 3.1.8 (/opt/ros/humble/share/rosidl_adapter/cmake)\n'}
[5.099851] (cpp01_topic) StdoutLine: {'line': b'-- Found rosidl_generator_cpp: 3.1.8 (/opt/ros/humble/share/rosidl_generator_cpp/cmake)\n'}
[5.104143] (cpp02_service) StdoutLine: {'line': b'-- Found rosidl_generator_cpp: 3.1.8 (/opt/ros/humble/share/rosidl_generator_cpp/cmake)\n'}
[5.105103] (cpp01_topic) StdoutLine: {'line': b'-- Using all available rosidl_typesupport_c: rosidl_typesupport_fastrtps_c;rosidl_typesupport_introspection_c\n'}
[5.113317] (cpp01_topic) StdoutLine: {'line': b'-- Using all available rosidl_typesupport_cpp: rosidl_typesupport_fastrtps_cpp;rosidl_typesupport_introspection_cpp\n'}
[5.122145] (cpp02_service) StdoutLine: {'line': b'-- Using all available rosidl_typesupport_c: rosidl_typesupport_fastrtps_c;rosidl_typesupport_introspection_c\n'}
[5.129623] (cpp03_action) StdoutLine: {'line': b'-- Found rosidl_generator_c: 3.1.8 (/opt/ros/humble/share/rosidl_generator_c/cmake)\n'}
[5.131861] (cpp03_action) StdoutLine: {'line': b'-- Found rosidl_adapter: 3.1.8 (/opt/ros/humble/share/rosidl_adapter/cmake)\n'}
[5.134150] (-) TimerEvent: {}
[5.140715] (cpp02_service) StdoutLine: {'line': b'-- Using all available rosidl_typesupport_cpp: rosidl_typesupport_fastrtps_cpp;rosidl_typesupport_introspection_cpp\n'}
[5.141850] (cpp03_action) StdoutLine: {'line': b'-- Found rosidl_generator_cpp: 3.1.8 (/opt/ros/humble/share/rosidl_generator_cpp/cmake)\n'}
[5.150972] (cpp01_topic) StdoutLine: {'line': b'-- Found rmw_implementation_cmake: 6.1.2 (/opt/ros/humble/share/rmw_implementation_cmake/cmake)\n'}
[5.153145] (cpp01_topic) StdoutLine: {'line': b'-- Found rmw_fastrtps_cpp: 6.2.10 (/opt/ros/humble/share/rmw_fastrtps_cpp/cmake)\n'}
[5.157459] (cpp03_action) StdoutLine: {'line': b'-- Using all available rosidl_typesupport_c: rosidl_typesupport_fastrtps_c;rosidl_typesupport_introspection_c\n'}
[5.178341] (cpp03_action) StdoutLine: {'line': b'-- Using all available rosidl_typesupport_cpp: rosidl_typesupport_fastrtps_cpp;rosidl_typesupport_introspection_cpp\n'}
[5.194064] (cpp02_service) StdoutLine: {'line': b'-- Found rmw_implementation_cmake: 6.1.2 (/opt/ros/humble/share/rmw_implementation_cmake/cmake)\n'}
[5.198023] (cpp02_service) StdoutLine: {'line': b'-- Found rmw_fastrtps_cpp: 6.2.10 (/opt/ros/humble/share/rmw_fastrtps_cpp/cmake)\n'}
[5.227565] (cpp03_action) StdoutLine: {'line': b'-- Found rmw_implementation_cmake: 6.1.2 (/opt/ros/humble/share/rmw_implementation_cmake/cmake)\n'}
[5.229122] (cpp03_action) StdoutLine: {'line': b'-- Found rmw_fastrtps_cpp: 6.2.10 (/opt/ros/humble/share/rmw_fastrtps_cpp/cmake)\n'}
[5.234234] (-) TimerEvent: {}
[5.310811] (cpp01_topic) StdoutLine: {'line': b"-- Using RMW implementation 'rmw_fastrtps_cpp' as default\n"}
[5.334339] (-) TimerEvent: {}
[5.339045] (cpp03_action) StdoutLine: {'line': b"-- Using RMW implementation 'rmw_fastrtps_cpp' as default\n"}
[5.378790] (cpp03_action) StdoutLine: {'line': b'-- Found base_interfaces_demo: 0.0.0 (/home/loser/ws01_plumbing/install/base_interfaces_demo/share/base_interfaces_demo/cmake)\n'}
[5.392115] (cpp02_service) StdoutLine: {'line': b"-- Using RMW implementation 'rmw_fastrtps_cpp' as default\n"}
[5.403006] (cpp01_topic) StdoutLine: {'line': b'-- Found base_interfaces_demo: 0.0.0 (/home/loser/ws01_plumbing/install/base_interfaces_demo/share/base_interfaces_demo/cmake)\n'}
[5.405547] (cpp03_action) StdoutLine: {'line': b'-- Found rclcpp_action: 16.0.19 (/opt/ros/humble/share/rclcpp_action/cmake)\n'}
[5.416654] (cpp03_action) StdoutLine: {'line': b'-- Found ament_lint_auto: 0.12.15 (/opt/ros/humble/share/ament_lint_auto/cmake)\n'}
[5.434781] (-) TimerEvent: {}
[5.483191] (cpp02_service) StdoutLine: {'line': b'-- Found base_interfaces_demo: 0.0.0 (/home/loser/ws01_plumbing/install/base_interfaces_demo/share/base_interfaces_demo/cmake)\n'}
[5.484752] (cpp01_topic) StdoutLine: {'line': b'-- Found ament_lint_auto: 0.12.15 (/opt/ros/humble/share/ament_lint_auto/cmake)\n'}
[5.532085] (cpp02_service) StdoutLine: {'line': b'-- Found ament_lint_auto: 0.12.15 (/opt/ros/humble/share/ament_lint_auto/cmake)\n'}
[5.536344] (-) TimerEvent: {}
[5.545389] (cpp03_action) StdoutLine: {'line': b"-- Added test 'cppcheck' to perform static code analysis on C / C++ code\n"}
[5.545570] (cpp03_action) StdoutLine: {'line': b'-- Configured cppcheck include dirs: $<BUILD_INTERFACE:/home/loser/ws01_plumbing/src/cpp03_action/include>\n'}
[5.545602] (cpp03_action) StdoutLine: {'line': b'-- Configured cppcheck exclude dirs and/or files: \n'}
[5.547699] (cpp03_action) StdoutLine: {'line': b"-- Added test 'lint_cmake' to check CMake code style\n"}
[5.549969] (cpp03_action) StdoutLine: {'line': b"-- Added test 'uncrustify' to check C / C++ code style\n"}
[5.550037] (cpp03_action) StdoutLine: {'line': b'-- Configured uncrustify additional arguments: \n'}
[5.550065] (cpp03_action) StdoutLine: {'line': b"-- Added test 'xmllint' to check XML markup files\n"}
[5.551964] (cpp03_action) StdoutLine: {'line': b'-- Configuring done\n'}
[5.577035] (cpp03_action) StdoutLine: {'line': b'-- Generating done\n'}
[5.583270] (cpp01_topic) StdoutLine: {'line': b"-- Added test 'cppcheck' to perform static code analysis on C / C++ code\n"}
[5.584364] (cpp01_topic) StdoutLine: {'line': b'-- Configured cppcheck include dirs: $<BUILD_INTERFACE:/home/loser/ws01_plumbing/src/cpp01_topic/include>\n'}
[5.584434] (cpp01_topic) StdoutLine: {'line': b'-- Configured cppcheck exclude dirs and/or files: \n'}
[5.584464] (cpp01_topic) StdoutLine: {'line': b"-- Added test 'lint_cmake' to check CMake code style\n"}
[5.585624] (cpp01_topic) StdoutLine: {'line': b"-- Added test 'uncrustify' to check C / C++ code style\n"}
[5.585707] (cpp01_topic) StdoutLine: {'line': b'-- Configured uncrustify additional arguments: \n'}
[5.586100] (cpp01_topic) StdoutLine: {'line': b"-- Added test 'xmllint' to check XML markup files\n"}
[5.587094] (cpp03_action) StdoutLine: {'line': b'-- Build files have been written to: /home/loser/ws01_plumbing/build/cpp03_action\n'}
[5.590921] (cpp01_topic) StdoutLine: {'line': b'-- Configuring done\n'}
[5.628870] (cpp01_topic) StdoutLine: {'line': b'-- Generating done\n'}
[5.636963] (cpp01_topic) StdoutLine: {'line': b'-- Build files have been written to: /home/loser/ws01_plumbing/build/cpp01_topic\n'}
[5.637439] (-) TimerEvent: {}
[5.638358] (cpp03_action) StdoutLine: {'line': b'\x1b[35m\x1b[1mConsolidate compiler generated dependencies of target demo01_action_server\x1b[0m\n'}
[5.656278] (py01_topic) Command: {'cmd': ['/usr/bin/python3', '-W', 'ignore:setup.py install is deprecated', '-W', 'ignore:easy_install command is deprecated', 'setup.py', 'egg_info', '--egg-base', '../../build/py01_topic', 'build', '--build-base', '/home/loser/ws01_plumbing/build/py01_topic/build', 'install', '--record', '/home/loser/ws01_plumbing/build/py01_topic/install.log', '--single-version-externally-managed', 'install_data'], 'cwd': '/home/loser/ws01_plumbing/src/py01_topic', 'env': {'GJS_DEBUG_TOPICS': 'JS ERROR;JS LOG', 'PYTHON_BASIC_REPL': '1', 'LESSOPEN': '| /usr/bin/lesspipe %s', 'LANGUAGE': 'zh_CN:en', 'USER': 'loser', 'LC_TIME': 'zh_CN.UTF-8', 'XDG_SESSION_TYPE': 'wayland', 'SHLVL': '1', 'LD_LIBRARY_PATH': '/home/loser/ws01_plumbing/install/base_interfaces_demo/lib:/usr/lib/x86_64-linux-gnu/gazebo-11/plugins:/opt/ros/humble/opt/rviz_ogre_vendor/lib:/opt/ros/humble/lib/x86_64-linux-gnu:/opt/ros/humble/lib', 'HOME': '/home/loser', 'CHROME_DESKTOP': 'code.desktop', 'OLDPWD': '/home/loser/ws01_plumbing/src', 'TERM_PROGRAM_VERSION': '1.121.0', 'DESKTOP_SESSION': 'ubuntu', 'GIO_LAUNCHED_DESKTOP_FILE': '/usr/share/applications/code.desktop', 'ROS_PYTHON_VERSION': '3', 'GNOME_SHELL_SESSION_MODE': 'ubuntu', 'GTK_MODULES': 'gail:atk-bridge', 'LC_MONETARY': 'zh_CN.UTF-8', 'MANAGERPID': '1438', 'SYSTEMD_EXEC_PID': '1625', 'IM_CONFIG_CHECK_ENV': '1', 'VSCODE_PYTHON_AUTOACTIVATE_GUARD': '1', 'DBUS_SESSION_BUS_ADDRESS': 'unix:path=/run/user/1000/bus', 'COLORTERM': 'truecolor', 'GIO_LAUNCHED_DESKTOP_FILE_PID': '2247', 'IM_CONFIG_PHASE': '1', 'WAYLAND_DISPLAY': 'wayland-0', 'COLCON_PREFIX_PATH': '/home/loser/ws01_plumbing/install', 'ROS_DISTRO': 'humble', 'GTK_IM_MODULE': 'fcitx', 'LOGNAME': 'loser', 'JOURNAL_STREAM': '8:20539', '_': '/usr/bin/colcon', 'ROS_VERSION': '2', 'XDG_SESSION_CLASS': 'user', 'USERNAME': 'loser', 'TERM': 'xterm-256color', 'GNOME_DESKTOP_SESSION_ID': 'this-is-deprecated', 'FC_FONTATIONS': '1', 'ROS_LOCALHOST_ONLY': '0', 'PATH': '/home/loser/.config/Code/User/globalStorage/github.copilot-chat/debugCommand:/home/loser/.config/Code/User/globalStorage/github.copilot-chat/copilotCli:/opt/ros/humble/bin:/usr/local/sbin:/usr/local/bin:/usr/sbin:/usr/bin:/sbin:/bin:/usr/games:/usr/local/games:/snap/bin:/snap/bin', 'SESSION_MANAGER': 'local/loser-vm:@/tmp/.ICE-unix/1579,unix/loser-vm:/tmp/.ICE-unix/1579', 'INVOCATION_ID': 'c066e5289e1f46339e91e1906c356ea9', 'PAPERSIZE': 'a4', 'XDG_MENU_PREFIX': 'gnome-', 'LC_ADDRESS': 'zh_CN.UTF-8', 'GNOME_SETUP_DISPLAY': ':1', 'XDG_RUNTIME_DIR': '/run/user/1000', 'GDK_BACKEND': 'wayland', 'DISPLAY': ':0', 'LANG': 'zh_CN.UTF-8', 'XDG_CURRENT_DESKTOP': 'ubuntu:GNOME', 'PYTHONSTARTUP': '/home/loser/.config/Code/User/workspaceStorage/8648397a620a1c47015fb5f0b3e3803b/ms-python.python/pythonrc.py', 'LC_TELEPHONE': 'zh_CN.UTF-8', 'XMODIFIERS': '@im=fcitx', 'XDG_SESSION_DESKTOP': 'ubuntu', 'XAUTHORITY': '/run/user/1000/.mutter-Xwaylandauth.RLY4P3', 'LS_COLORS': 'rs=0:di=01;34:ln=01;36:mh=00:pi=40;33:so=01;35:do=01;35:bd=40;33;01:cd=40;33;01:or=40;31;01:mi=00:su=37;41:sg=30;43:ca=30;41:tw=30;42:ow=34;42:st=37;44:ex=01;32:*.tar=01;31:*.tgz=01;31:*.arc=01;31:*.arj=01;31:*.taz=01;31:*.lha=01;31:*.lz4=01;31:*.lzh=01;31:*.lzma=01;31:*.tlz=01;31:*.txz=01;31:*.tzo=01;31:*.t7z=01;31:*.zip=01;31:*.z=01;31:*.dz=01;31:*.gz=01;31:*.lrz=01;31:*.lz=01;31:*.lzo=01;31:*.xz=01;31:*.zst=01;31:*.tzst=01;31:*.bz2=01;31:*.bz=01;31:*.tbz=01;31:*.tbz2=01;31:*.tz=01;31:*.deb=01;31:*.rpm=01;31:*.jar=01;31:*.war=01;31:*.ear=01;31:*.sar=01;31:*.rar=01;31:*.alz=01;31:*.ace=01;31:*.zoo=01;31:*.cpio=01;31:*.7z=01;31:*.rz=01;31:*.cab=01;31:*.wim=01;31:*.swm=01;31:*.dwm=01;31:*.esd=01;31:*.jpg=01;35:*.jpeg=01;35:*.mjpg=01;35:*.mjpeg=01;35:*.gif=01;35:*.bmp=01;35:*.pbm=01;35:*.pgm=01;35:*.ppm=01;35:*.tga=01;35:*.xbm=01;35:*.xpm=01;35:*.tif=01;35:*.tiff=01;35:*.png=01;35:*.svg=01;35:*.svgz=01;35:*.mng=01;35:*.pcx=01;35:*.mov=01;35:*.mpg=01;35:*.mpeg=01;35:*.m2v=01;35:*.mkv=01;35:*.webm=01;35:*.webp=01;35:*.ogm=01;35:*.mp4=01;35:*.m4v=01;35:*.mp4v=01;35:*.vob=01;35:*.qt=01;35:*.nuv=01;35:*.wmv=01;35:*.asf=01;35:*.rm=01;35:*.rmvb=01;35:*.flc=01;35:*.avi=01;35:*.fli=01;35:*.flv=01;35:*.gl=01;35:*.dl=01;35:*.xcf=01;35:*.xwd=01;35:*.yuv=01;35:*.cgm=01;35:*.emf=01;35:*.ogv=01;35:*.ogx=01;35:*.aac=00;36:*.au=00;36:*.flac=00;36:*.m4a=00;36:*.mid=00;36:*.midi=00;36:*.mka=00;36:*.mp3=00;36:*.mpc=00;36:*.ogg=00;36:*.ra=00;36:*.wav=00;36:*.oga=00;36:*.opus=00;36:*.spx=00;36:*.xspf=00;36:', 'TERM_PROGRAM': 'vscode', 'SSH_AGENT_LAUNCHER': 'gnome-keyring', 'SSH_AUTH_SOCK': '/run/user/1000/keyring/ssh', 'AMENT_PREFIX_PATH': '/home/loser/ws01_plumbing/install/py03_action:/home/loser/ws01_plumbing/install/cpp03_action:/home/loser/ws01_plumbing/install/py02_service:/home/loser/ws01_plumbing/install/py01_topic:/home/loser/ws01_plumbing/install/cpp02_service:/home/loser/ws01_plumbing/install/cpp01_topic:/home/loser/ws01_plumbing/install/base_interfaces_demo:/opt/ros/humble', 'SHELL': '/bin/bash', 'LC_NAME': 'zh_CN.UTF-8', 'QT_ACCESSIBILITY': '1', 'GDMSESSION': 'ubuntu', 'LESSCLOSE': '/usr/bin/lesspipe %s %s', 'LC_MEASUREMENT': 'zh_CN.UTF-8', 'GJS_DEBUG_OUTPUT': 'stderr', 'LC_IDENTIFICATION': 'zh_CN.UTF-8', 'QT_IM_MODULE': 'fcitx', 'PWD': '/home/loser/ws01_plumbing/build/py01_topic', 'XDG_CONFIG_DIRS': '/etc/xdg/xdg-ubuntu:/etc/xdg', 'CLUTTER_IM_MODULE': 'xim', 'XDG_DATA_DIRS': '/usr/share/ubuntu:/usr/local/share/:/usr/share/:/var/lib/snapd/desktop', 'PYTHONPATH': '/home/loser/ws01_plumbing/build/py01_topic/prefix_override:/usr/lib/python3/dist-packages/colcon_core/task/python/colcon_distutils_commands:/home/loser/ws01_plumbing/install/py01_topic/lib/python3.10/site-packages:/home/loser/ws01_plumbing/install/py03_action/lib/python3.10/site-packages:/home/loser/ws01_plumbing/install/py02_service/lib/python3.10/site-packages:/home/loser/ws01_plumbing/install/py01_topic/lib/python3.10/site-packages:/home/loser/ws01_plumbing/install/base_interfaces_demo/local/lib/python3.10/dist-packages:/opt/ros/humble/lib/python3.10/site-packages:/opt/ros/humble/local/lib/python3.10/dist-packages', 'LC_NUMERIC': 'zh_CN.UTF-8', 'LC_PAPER': 'zh_CN.UTF-8', 'COLCON': '1', 'CMAKE_PREFIX_PATH': '/home/loser/ws01_plumbing/install/base_interfaces_demo:/home/loser/ws01_plumbing/install/cpp03_action:/home/loser/ws01_plumbing/install/cpp02_service:/home/loser/ws01_plumbing/install/cpp01_topic'}, 'shell': False}
[5.671359] (cpp02_service) StdoutLine: {'line': b"-- Added test 'cppcheck' to perform static code analysis on C / C++ code\n"}
[5.671490] (cpp02_service) StdoutLine: {'line': b'-- Configured cppcheck include dirs: $<BUILD_INTERFACE:/home/loser/ws01_plumbing/src/cpp02_service/include>\n'}
[5.671523] (cpp02_service) StdoutLine: {'line': b'-- Configured cppcheck exclude dirs and/or files: \n'}
[5.671551] (cpp02_service) StdoutLine: {'line': b"-- Added test 'lint_cmake' to check CMake code style\n"}
[5.673506] (cpp02_service) StdoutLine: {'line': b"-- Added test 'uncrustify' to check C / C++ code style\n"}
[5.673587] (cpp02_service) StdoutLine: {'line': b'-- Configured uncrustify additional arguments: \n'}
[5.676490] (cpp02_service) StdoutLine: {'line': b"-- Added test 'xmllint' to check XML markup files\n"}
[5.682143] (cpp02_service) StdoutLine: {'line': b'-- Configuring done\n'}
[5.698859] (cpp01_topic) StdoutLine: {'line': b'\x1b[35m\x1b[1mConsolidate compiler generated dependencies of target demo_stu_cpp_listener\x1b[0m\n'}
[5.700703] (cpp01_topic) StdoutLine: {'line': b'\x1b[35m\x1b[1mConsolidate compiler generated dependencies of target demo_str_cpp_listener\x1b[0m\n'}
[5.704127] (cpp03_action) StdoutLine: {'line': b'[ 50%] \x1b[32m\x1b[1mLinking CXX executable demo01_action_server\x1b[0m\n'}
[5.705002] (cpp01_topic) StdoutLine: {'line': b'\x1b[35m\x1b[1mConsolidate compiler generated dependencies of target demo_str_cpp_publisher\x1b[0m\n'}
[5.705064] (cpp01_topic) StdoutLine: {'line': b'\x1b[35m\x1b[1mConsolidate compiler generated dependencies of target demo_stu_cpp_publisher\x1b[0m\n'}
[5.737593] (-) TimerEvent: {}
[5.742274] (cpp02_service) StdoutLine: {'line': b'-- Generating done\n'}
[5.746005] (cpp01_topic) StdoutLine: {'line': b'[ 12%] \x1b[32mBuilding CXX object CMakeFiles/demo_stu_cpp_listener.dir/src/demo_stu_cpp_listener.cpp.o\x1b[0m\n'}
[5.746178] (cpp01_topic) StdoutLine: {'line': b'[ 25%] \x1b[32mBuilding CXX object CMakeFiles/demo_str_cpp_publisher.dir/src/demo_str_cpp_publisher.cpp.o\x1b[0m\n'}
[5.750024] (cpp01_topic) StdoutLine: {'line': b'[ 37%] \x1b[32mBuilding CXX object CMakeFiles/demo_str_cpp_listener.dir/src/demo_str_cpp_listener.cpp.o\x1b[0m\n'}
[5.778718] (cpp02_service) StdoutLine: {'line': b'-- Build files have been written to: /home/loser/ws01_plumbing/build/cpp02_service\n'}
[5.788586] (cpp01_topic) StdoutLine: {'line': b'[ 50%] \x1b[32mBuilding CXX object CMakeFiles/demo_stu_cpp_publisher.dir/src/demo_stu_cpp_publisher.cpp.o\x1b[0m\n'}
[5.838803] (-) TimerEvent: {}
[5.875033] (cpp02_service) StdoutLine: {'line': b'\x1b[35m\x1b[1mConsolidate compiler generated dependencies of target demo02_client\x1b[0m\n'}
[5.890048] (cpp02_service) StdoutLine: {'line': b'\x1b[35m\x1b[1mConsolidate compiler generated dependencies of target demo01_server\x1b[0m\n'}
[5.909222] (cpp02_service) StdoutLine: {'line': b'[ 25%] \x1b[32mBuilding CXX object CMakeFiles/demo02_client.dir/src/demo02_client.cpp.o\x1b[0m\n'}
[5.938933] (-) TimerEvent: {}
[5.945339] (cpp02_service) StdoutLine: {'line': b'[ 50%] \x1b[32mBuilding CXX object CMakeFiles/demo01_server.dir/src/demo01_server.cpp.o\x1b[0m\n'}
[6.039858] (-) TimerEvent: {}
[6.049819] (cpp03_action) StdoutLine: {'line': b'[100%] Built target demo01_action_server\n'}
[6.104901] (cpp03_action) CommandEnded: {'returncode': 0}
[6.105230] (cpp03_action) JobProgress: {'identifier': 'cpp03_action', 'progress': 'install'}
[6.105246] (cpp03_action) Command: {'cmd': ['/usr/bin/cmake', '--install', '/home/loser/ws01_plumbing/build/cpp03_action'], 'cwd': '/home/loser/ws01_plumbing/build/cpp03_action', 'env': OrderedDict([('GJS_DEBUG_TOPICS', 'JS ERROR;JS LOG'), ('PYTHON_BASIC_REPL', '1'), ('LESSOPEN', '| /usr/bin/lesspipe %s'), ('LANGUAGE', 'zh_CN:en'), ('USER', 'loser'), ('LC_TIME', 'zh_CN.UTF-8'), ('XDG_SESSION_TYPE', 'wayland'), ('SHLVL', '1'), ('LD_LIBRARY_PATH', '/home/loser/ws01_plumbing/install/base_interfaces_demo/lib:/usr/lib/x86_64-linux-gnu/gazebo-11/plugins:/opt/ros/humble/opt/rviz_ogre_vendor/lib:/opt/ros/humble/lib/x86_64-linux-gnu:/opt/ros/humble/lib'), ('HOME', '/home/loser'), ('CHROME_DESKTOP', 'code.desktop'), ('OLDPWD', '/home/loser/ws01_plumbing/src'), ('TERM_PROGRAM_VERSION', '1.121.0'), ('DESKTOP_SESSION', 'ubuntu'), ('GIO_LAUNCHED_DESKTOP_FILE', '/usr/share/applications/code.desktop'), ('ROS_PYTHON_VERSION', '3'), ('GNOME_SHELL_SESSION_MODE', 'ubuntu'), ('GTK_MODULES', 'gail:atk-bridge'), ('LC_MONETARY', 'zh_CN.UTF-8'), ('MANAGERPID', '1438'), ('SYSTEMD_EXEC_PID', '1625'), ('IM_CONFIG_CHECK_ENV', '1'), ('VSCODE_PYTHON_AUTOACTIVATE_GUARD', '1'), ('DBUS_SESSION_BUS_ADDRESS', 'unix:path=/run/user/1000/bus'), ('COLORTERM', 'truecolor'), ('GIO_LAUNCHED_DESKTOP_FILE_PID', '2247'), ('IM_CONFIG_PHASE', '1'), ('WAYLAND_DISPLAY', 'wayland-0'), ('COLCON_PREFIX_PATH', '/home/loser/ws01_plumbing/install'), ('ROS_DISTRO', 'humble'), ('GTK_IM_MODULE', 'fcitx'), ('LOGNAME', 'loser'), ('JOURNAL_STREAM', '8:20539'), ('_', '/usr/bin/colcon'), ('ROS_VERSION', '2'), ('XDG_SESSION_CLASS', 'user'), ('USERNAME', 'loser'), ('TERM', 'xterm-256color'), ('GNOME_DESKTOP_SESSION_ID', 'this-is-deprecated'), ('FC_FONTATIONS', '1'), ('ROS_LOCALHOST_ONLY', '0'), ('PATH', '/home/loser/.config/Code/User/globalStorage/github.copilot-chat/debugCommand:/home/loser/.config/Code/User/globalStorage/github.copilot-chat/copilotCli:/opt/ros/humble/bin:/usr/local/sbin:/usr/local/bin:/usr/sbin:/usr/bin:/sbin:/bin:/usr/games:/usr/local/games:/snap/bin:/snap/bin'), ('SESSION_MANAGER', 'local/loser-vm:@/tmp/.ICE-unix/1579,unix/loser-vm:/tmp/.ICE-unix/1579'), ('INVOCATION_ID', 'c066e5289e1f46339e91e1906c356ea9'), ('PAPERSIZE', 'a4'), ('XDG_MENU_PREFIX', 'gnome-'), ('LC_ADDRESS', 'zh_CN.UTF-8'), ('GNOME_SETUP_DISPLAY', ':1'), ('XDG_RUNTIME_DIR', '/run/user/1000'), ('GDK_BACKEND', 'wayland'), ('DISPLAY', ':0'), ('LANG', 'zh_CN.UTF-8'), ('XDG_CURRENT_DESKTOP', 'ubuntu:GNOME'), ('PYTHONSTARTUP', '/home/loser/.config/Code/User/workspaceStorage/8648397a620a1c47015fb5f0b3e3803b/ms-python.python/pythonrc.py'), ('LC_TELEPHONE', 'zh_CN.UTF-8'), ('XMODIFIERS', '@im=fcitx'), ('XDG_SESSION_DESKTOP', 'ubuntu'), ('XAUTHORITY', '/run/user/1000/.mutter-Xwaylandauth.RLY4P3'), ('LS_COLORS', 'rs=0:di=01;34:ln=01;36:mh=00:pi=40;33:so=01;35:do=01;35:bd=40;33;01:cd=40;33;01:or=40;31;01:mi=00:su=37;41:sg=30;43:ca=30;41:tw=30;42:ow=34;42:st=37;44:ex=01;32:*.tar=01;31:*.tgz=01;31:*.arc=01;31:*.arj=01;31:*.taz=01;31:*.lha=01;31:*.lz4=01;31:*.lzh=01;31:*.lzma=01;31:*.tlz=01;31:*.txz=01;31:*.tzo=01;31:*.t7z=01;31:*.zip=01;31:*.z=01;31:*.dz=01;31:*.gz=01;31:*.lrz=01;31:*.lz=01;31:*.lzo=01;31:*.xz=01;31:*.zst=01;31:*.tzst=01;31:*.bz2=01;31:*.bz=01;31:*.tbz=01;31:*.tbz2=01;31:*.tz=01;31:*.deb=01;31:*.rpm=01;31:*.jar=01;31:*.war=01;31:*.ear=01;31:*.sar=01;31:*.rar=01;31:*.alz=01;31:*.ace=01;31:*.zoo=01;31:*.cpio=01;31:*.7z=01;31:*.rz=01;31:*.cab=01;31:*.wim=01;31:*.swm=01;31:*.dwm=01;31:*.esd=01;31:*.jpg=01;35:*.jpeg=01;35:*.mjpg=01;35:*.mjpeg=01;35:*.gif=01;35:*.bmp=01;35:*.pbm=01;35:*.pgm=01;35:*.ppm=01;35:*.tga=01;35:*.xbm=01;35:*.xpm=01;35:*.tif=01;35:*.tiff=01;35:*.png=01;35:*.svg=01;35:*.svgz=01;35:*.mng=01;35:*.pcx=01;35:*.mov=01;35:*.mpg=01;35:*.mpeg=01;35:*.m2v=01;35:*.mkv=01;35:*.webm=01;35:*.webp=01;35:*.ogm=01;35:*.mp4=01;35:*.m4v=01;35:*.mp4v=01;35:*.vob=01;35:*.qt=01;35:*.nuv=01;35:*.wmv=01;35:*.asf=01;35:*.rm=01;35:*.rmvb=01;35:*.flc=01;35:*.avi=01;35:*.fli=01;35:*.flv=01;35:*.gl=01;35:*.dl=01;35:*.xcf=01;35:*.xwd=01;35:*.yuv=01;35:*.cgm=01;35:*.emf=01;35:*.ogv=01;35:*.ogx=01;35:*.aac=00;36:*.au=00;36:*.flac=00;36:*.m4a=00;36:*.mid=00;36:*.midi=00;36:*.mka=00;36:*.mp3=00;36:*.mpc=00;36:*.ogg=00;36:*.ra=00;36:*.wav=00;36:*.oga=00;36:*.opus=00;36:*.spx=00;36:*.xspf=00;36:'), ('TERM_PROGRAM', 'vscode'), ('SSH_AGENT_LAUNCHER', 'gnome-keyring'), ('SSH_AUTH_SOCK', '/run/user/1000/keyring/ssh'), ('AMENT_PREFIX_PATH', '/home/loser/ws01_plumbing/install/py03_action:/home/loser/ws01_plumbing/install/cpp03_action:/home/loser/ws01_plumbing/install/py02_service:/home/loser/ws01_plumbing/install/py01_topic:/home/loser/ws01_plumbing/install/cpp02_service:/home/loser/ws01_plumbing/install/cpp01_topic:/home/loser/ws01_plumbing/install/base_interfaces_demo:/opt/ros/humble'), ('SHELL', '/bin/bash'), ('LC_NAME', 'zh_CN.UTF-8'), ('QT_ACCESSIBILITY', '1'), ('GDMSESSION', 'ubuntu'), ('LESSCLOSE', '/usr/bin/lesspipe %s %s'), ('LC_MEASUREMENT', 'zh_CN.UTF-8'), ('GJS_DEBUG_OUTPUT', 'stderr'), ('LC_IDENTIFICATION', 'zh_CN.UTF-8'), ('QT_IM_MODULE', 'fcitx'), ('PWD', '/home/loser/ws01_plumbing/build/cpp03_action'), ('XDG_CONFIG_DIRS', '/etc/xdg/xdg-ubuntu:/etc/xdg'), ('CLUTTER_IM_MODULE', 'xim'), ('XDG_DATA_DIRS', '/usr/share/ubuntu:/usr/local/share/:/usr/share/:/var/lib/snapd/desktop'), ('PYTHONPATH', '/home/loser/ws01_plumbing/install/py03_action/lib/python3.10/site-packages:/home/loser/ws01_plumbing/install/py02_service/lib/python3.10/site-packages:/home/loser/ws01_plumbing/install/py01_topic/lib/python3.10/site-packages:/home/loser/ws01_plumbing/install/base_interfaces_demo/local/lib/python3.10/dist-packages:/opt/ros/humble/lib/python3.10/site-packages:/opt/ros/humble/local/lib/python3.10/dist-packages'), ('LC_NUMERIC', 'zh_CN.UTF-8'), ('LC_PAPER', 'zh_CN.UTF-8'), ('COLCON', '1'), ('CMAKE_PREFIX_PATH', '/home/loser/ws01_plumbing/install/base_interfaces_demo:/home/loser/ws01_plumbing/install/cpp03_action:/home/loser/ws01_plumbing/install/cpp02_service:/home/loser/ws01_plumbing/install/cpp01_topic:/home/loser/ws01_plumbing/install/py03_action:/home/loser/ws01_plumbing/install/py02_service:/home/loser/ws01_plumbing/install/py01_topic:/opt/ros/humble')]), 'shell': False}
[6.113685] (py01_topic) StdoutLine: {'line': b'running egg_info\n'}
[6.113817] (py01_topic) StdoutLine: {'line': b'writing ../../build/py01_topic/py01_topic.egg-info/PKG-INFO\n'}
[6.119696] (py01_topic) StdoutLine: {'line': b'writing dependency_links to ../../build/py01_topic/py01_topic.egg-info/dependency_links.txt\n'}
[6.120227] (py01_topic) StdoutLine: {'line': b'writing entry points to ../../build/py01_topic/py01_topic.egg-info/entry_points.txt\n'}
[6.120270] (py01_topic) StdoutLine: {'line': b'writing requirements to ../../build/py01_topic/py01_topic.egg-info/requires.txt\n'}
[6.120297] (py01_topic) StdoutLine: {'line': b'writing top-level names to ../../build/py01_topic/py01_topic.egg-info/top_level.txt\n'}
[6.123790] (py01_topic) StdoutLine: {'line': b"reading manifest file '../../build/py01_topic/py01_topic.egg-info/SOURCES.txt'\n"}
[6.125551] (py01_topic) StdoutLine: {'line': b"writing manifest file '../../build/py01_topic/py01_topic.egg-info/SOURCES.txt'\n"}
[6.126046] (py01_topic) StdoutLine: {'line': b'running build\n'}
[6.126089] (py01_topic) StdoutLine: {'line': b'running build_py\n'}
[6.127496] (py01_topic) StdoutLine: {'line': b'running install\n'}
[6.128371] (py01_topic) StdoutLine: {'line': b'running install_lib\n'}
[6.129377] (cpp03_action) StdoutLine: {'line': b'-- Install configuration: ""\n'}
[6.130245] (cpp03_action) StdoutLine: {'line': b'-- Installing: /home/loser/ws01_plumbing/install/cpp03_action/lib/cpp03_action/demo01_action_server\n'}
[6.133347] (py01_topic) StdoutLine: {'line': b'running install_data\n'}
[6.133427] (py01_topic) StdoutLine: {'line': b'running install_egg_info\n'}
[6.134319] (cpp03_action) StdoutLine: {'line': b'-- Set runtime path of "/home/loser/ws01_plumbing/install/cpp03_action/lib/cpp03_action/demo01_action_server" to ""\n'}
[6.134373] (cpp03_action) StdoutLine: {'line': b'-- Up-to-date: /home/loser/ws01_plumbing/install/cpp03_action/share/ament_index/resource_index/package_run_dependencies/cpp03_action\n'}
[6.134425] (cpp03_action) StdoutLine: {'line': b'-- Installing: /home/loser/ws01_plumbing/install/cpp03_action/share/ament_index/resource_index/parent_prefix_path/cpp03_action\n'}
[6.134449] (cpp03_action) StdoutLine: {'line': b'-- Up-to-date: /home/loser/ws01_plumbing/install/cpp03_action/share/cpp03_action/environment/ament_prefix_path.sh\n'}
[6.134471] (cpp03_action) StdoutLine: {'line': b'-- Installing: /home/loser/ws01_plumbing/install/cpp03_action/share/cpp03_action/environment/ament_prefix_path.dsv\n'}
[6.134491] (cpp03_action) StdoutLine: {'line': b'-- Up-to-date: /home/loser/ws01_plumbing/install/cpp03_action/share/cpp03_action/environment/path.sh\n'}
[6.134511] (cpp03_action) StdoutLine: {'line': b'-- Installing: /home/loser/ws01_plumbing/install/cpp03_action/share/cpp03_action/environment/path.dsv\n'}
[6.134529] (cpp03_action) StdoutLine: {'line': b'-- Up-to-date: /home/loser/ws01_plumbing/install/cpp03_action/share/cpp03_action/local_setup.bash\n'}
[6.134548] (cpp03_action) StdoutLine: {'line': b'-- Up-to-date: /home/loser/ws01_plumbing/install/cpp03_action/share/cpp03_action/local_setup.sh\n'}
[6.134566] (cpp03_action) StdoutLine: {'line': b'-- Up-to-date: /home/loser/ws01_plumbing/install/cpp03_action/share/cpp03_action/local_setup.zsh\n'}
[6.134583] (cpp03_action) StdoutLine: {'line': b'-- Installing: /home/loser/ws01_plumbing/install/cpp03_action/share/cpp03_action/local_setup.dsv\n'}
[6.135144] (cpp03_action) StdoutLine: {'line': b'-- Installing: /home/loser/ws01_plumbing/install/cpp03_action/share/cpp03_action/package.dsv\n'}
[6.135180] (cpp03_action) StdoutLine: {'line': b'-- Up-to-date: /home/loser/ws01_plumbing/install/cpp03_action/share/ament_index/resource_index/packages/cpp03_action\n'}
[6.135217] (cpp03_action) StdoutLine: {'line': b'-- Up-to-date: /home/loser/ws01_plumbing/install/cpp03_action/share/cpp03_action/cmake/cpp03_actionConfig.cmake\n'}
[6.136294] (py01_topic) StdoutLine: {'line': b"removing '/home/loser/ws01_plumbing/install/py01_topic/lib/python3.10/site-packages/py01_topic-0.0.0-py3.10.egg-info' (and everything under it)\n"}
[6.136421] (cpp03_action) StdoutLine: {'line': b'-- Up-to-date: /home/loser/ws01_plumbing/install/cpp03_action/share/cpp03_action/cmake/cpp03_actionConfig-version.cmake\n'}
[6.136455] (cpp03_action) StdoutLine: {'line': b'-- Up-to-date: /home/loser/ws01_plumbing/install/cpp03_action/share/cpp03_action/package.xml\n'}
[6.139096] (py01_topic) StdoutLine: {'line': b'Copying ../../build/py01_topic/py01_topic.egg-info to /home/loser/ws01_plumbing/install/py01_topic/lib/python3.10/site-packages/py01_topic-0.0.0-py3.10.egg-info\n'}
[6.139849] (py01_topic) StdoutLine: {'line': b'running install_scripts\n'}
[6.139901] (-) TimerEvent: {}
[6.143192] (cpp03_action) CommandEnded: {'returncode': 0}
[6.200174] (py01_topic) StdoutLine: {'line': b'Installing demo_str_py_listener script to /home/loser/ws01_plumbing/install/py01_topic/lib/py01_topic\n'}
[6.200265] (py01_topic) StdoutLine: {'line': b'Installing demo_str_py_publisher script to /home/loser/ws01_plumbing/install/py01_topic/lib/py01_topic\n'}
[6.203151] (cpp03_action) JobEnded: {'identifier': 'cpp03_action', 'rc': 0}
[6.203544] (py02_service) JobStarted: {'identifier': 'py02_service'}
[6.203572] (py01_topic) StdoutLine: {'line': b'Installing demo_stu_py_listener script to /home/loser/ws01_plumbing/install/py01_topic/lib/py01_topic\n'}
[6.203613] (py01_topic) StdoutLine: {'line': b'Installing demo_stu_py_publisher script to /home/loser/ws01_plumbing/install/py01_topic/lib/py01_topic\n'}
[6.203638] (py01_topic) StdoutLine: {'line': b"writing list of installed files to '/home/loser/ws01_plumbing/build/py01_topic/install.log'\n"}
[6.239988] (-) TimerEvent: {}
[6.341337] (-) TimerEvent: {}
[6.442783] (-) TimerEvent: {}
[6.543989] (-) TimerEvent: {}
[6.644399] (-) TimerEvent: {}
[6.706809] (py01_topic) CommandEnded: {'returncode': 0}
[6.734191] (py01_topic) JobEnded: {'identifier': 'py01_topic', 'rc': 0}
[6.734576] (py03_action) JobStarted: {'identifier': 'py03_action'}
[6.749772] (-) TimerEvent: {}
[6.850269] (-) TimerEvent: {}
[6.952290] (-) TimerEvent: {}
[7.052802] (-) TimerEvent: {}
[7.156269] (-) TimerEvent: {}
[7.258931] (-) TimerEvent: {}
[7.359277] (-) TimerEvent: {}
[7.460824] (-) TimerEvent: {}
[7.561459] (-) TimerEvent: {}
[7.602876] (py02_service) Command: {'cmd': ['/usr/bin/python3', '-W', 'ignore:setup.py install is deprecated', '-W', 'ignore:easy_install command is deprecated', 'setup.py', 'egg_info', '--egg-base', '../../build/py02_service', 'build', '--build-base', '/home/loser/ws01_plumbing/build/py02_service/build', 'install', '--record', '/home/loser/ws01_plumbing/build/py02_service/install.log', '--single-version-externally-managed', 'install_data'], 'cwd': '/home/loser/ws01_plumbing/src/py02_service', 'env': {'GJS_DEBUG_TOPICS': 'JS ERROR;JS LOG', 'PYTHON_BASIC_REPL': '1', 'LESSOPEN': '| /usr/bin/lesspipe %s', 'LANGUAGE': 'zh_CN:en', 'USER': 'loser', 'LC_TIME': 'zh_CN.UTF-8', 'XDG_SESSION_TYPE': 'wayland', 'SHLVL': '1', 'LD_LIBRARY_PATH': '/home/loser/ws01_plumbing/install/base_interfaces_demo/lib:/usr/lib/x86_64-linux-gnu/gazebo-11/plugins:/opt/ros/humble/opt/rviz_ogre_vendor/lib:/opt/ros/humble/lib/x86_64-linux-gnu:/opt/ros/humble/lib', 'HOME': '/home/loser', 'CHROME_DESKTOP': 'code.desktop', 'OLDPWD': '/home/loser/ws01_plumbing/src', 'TERM_PROGRAM_VERSION': '1.121.0', 'DESKTOP_SESSION': 'ubuntu', 'GIO_LAUNCHED_DESKTOP_FILE': '/usr/share/applications/code.desktop', 'ROS_PYTHON_VERSION': '3', 'GNOME_SHELL_SESSION_MODE': 'ubuntu', 'GTK_MODULES': 'gail:atk-bridge', 'LC_MONETARY': 'zh_CN.UTF-8', 'MANAGERPID': '1438', 'SYSTEMD_EXEC_PID': '1625', 'IM_CONFIG_CHECK_ENV': '1', 'VSCODE_PYTHON_AUTOACTIVATE_GUARD': '1', 'DBUS_SESSION_BUS_ADDRESS': 'unix:path=/run/user/1000/bus', 'COLORTERM': 'truecolor', 'GIO_LAUNCHED_DESKTOP_FILE_PID': '2247', 'IM_CONFIG_PHASE': '1', 'WAYLAND_DISPLAY': 'wayland-0', 'COLCON_PREFIX_PATH': '/home/loser/ws01_plumbing/install', 'ROS_DISTRO': 'humble', 'GTK_IM_MODULE': 'fcitx', 'LOGNAME': 'loser', 'JOURNAL_STREAM': '8:20539', '_': '/usr/bin/colcon', 'ROS_VERSION': '2', 'XDG_SESSION_CLASS': 'user', 'USERNAME': 'loser', 'TERM': 'xterm-256color', 'GNOME_DESKTOP_SESSION_ID': 'this-is-deprecated', 'FC_FONTATIONS': '1', 'ROS_LOCALHOST_ONLY': '0', 'PATH': '/home/loser/.config/Code/User/globalStorage/github.copilot-chat/debugCommand:/home/loser/.config/Code/User/globalStorage/github.copilot-chat/copilotCli:/opt/ros/humble/bin:/usr/local/sbin:/usr/local/bin:/usr/sbin:/usr/bin:/sbin:/bin:/usr/games:/usr/local/games:/snap/bin:/snap/bin', 'SESSION_MANAGER': 'local/loser-vm:@/tmp/.ICE-unix/1579,unix/loser-vm:/tmp/.ICE-unix/1579', 'INVOCATION_ID': 'c066e5289e1f46339e91e1906c356ea9', 'PAPERSIZE': 'a4', 'XDG_MENU_PREFIX': 'gnome-', 'LC_ADDRESS': 'zh_CN.UTF-8', 'GNOME_SETUP_DISPLAY': ':1', 'XDG_RUNTIME_DIR': '/run/user/1000', 'GDK_BACKEND': 'wayland', 'DISPLAY': ':0', 'LANG': 'zh_CN.UTF-8', 'XDG_CURRENT_DESKTOP': 'ubuntu:GNOME', 'PYTHONSTARTUP': '/home/loser/.config/Code/User/workspaceStorage/8648397a620a1c47015fb5f0b3e3803b/ms-python.python/pythonrc.py', 'LC_TELEPHONE': 'zh_CN.UTF-8', 'XMODIFIERS': '@im=fcitx', 'XDG_SESSION_DESKTOP': 'ubuntu', 'XAUTHORITY': '/run/user/1000/.mutter-Xwaylandauth.RLY4P3', 'LS_COLORS': 'rs=0:di=01;34:ln=01;36:mh=00:pi=40;33:so=01;35:do=01;35:bd=40;33;01:cd=40;33;01:or=40;31;01:mi=00:su=37;41:sg=30;43:ca=30;41:tw=30;42:ow=34;42:st=37;44:ex=01;32:*.tar=01;31:*.tgz=01;31:*.arc=01;31:*.arj=01;31:*.taz=01;31:*.lha=01;31:*.lz4=01;31:*.lzh=01;31:*.lzma=01;31:*.tlz=01;31:*.txz=01;31:*.tzo=01;31:*.t7z=01;31:*.zip=01;31:*.z=01;31:*.dz=01;31:*.gz=01;31:*.lrz=01;31:*.lz=01;31:*.lzo=01;31:*.xz=01;31:*.zst=01;31:*.tzst=01;31:*.bz2=01;31:*.bz=01;31:*.tbz=01;31:*.tbz2=01;31:*.tz=01;31:*.deb=01;31:*.rpm=01;31:*.jar=01;31:*.war=01;31:*.ear=01;31:*.sar=01;31:*.rar=01;31:*.alz=01;31:*.ace=01;31:*.zoo=01;31:*.cpio=01;31:*.7z=01;31:*.rz=01;31:*.cab=01;31:*.wim=01;31:*.swm=01;31:*.dwm=01;31:*.esd=01;31:*.jpg=01;35:*.jpeg=01;35:*.mjpg=01;35:*.mjpeg=01;35:*.gif=01;35:*.bmp=01;35:*.pbm=01;35:*.pgm=01;35:*.ppm=01;35:*.tga=01;35:*.xbm=01;35:*.xpm=01;35:*.tif=01;35:*.tiff=01;35:*.png=01;35:*.svg=01;35:*.svgz=01;35:*.mng=01;35:*.pcx=01;35:*.mov=01;35:*.mpg=01;35:*.mpeg=01;35:*.m2v=01;35:*.mkv=01;35:*.webm=01;35:*.webp=01;35:*.ogm=01;35:*.mp4=01;35:*.m4v=01;35:*.mp4v=01;35:*.vob=01;35:*.qt=01;35:*.nuv=01;35:*.wmv=01;35:*.asf=01;35:*.rm=01;35:*.rmvb=01;35:*.flc=01;35:*.avi=01;35:*.fli=01;35:*.flv=01;35:*.gl=01;35:*.dl=01;35:*.xcf=01;35:*.xwd=01;35:*.yuv=01;35:*.cgm=01;35:*.emf=01;35:*.ogv=01;35:*.ogx=01;35:*.aac=00;36:*.au=00;36:*.flac=00;36:*.m4a=00;36:*.mid=00;36:*.midi=00;36:*.mka=00;36:*.mp3=00;36:*.mpc=00;36:*.ogg=00;36:*.ra=00;36:*.wav=00;36:*.oga=00;36:*.opus=00;36:*.spx=00;36:*.xspf=00;36:', 'TERM_PROGRAM': 'vscode', 'SSH_AGENT_LAUNCHER': 'gnome-keyring', 'SSH_AUTH_SOCK': '/run/user/1000/keyring/ssh', 'AMENT_PREFIX_PATH': '/home/loser/ws01_plumbing/install/py03_action:/home/loser/ws01_plumbing/install/cpp03_action:/home/loser/ws01_plumbing/install/py02_service:/home/loser/ws01_plumbing/install/py01_topic:/home/loser/ws01_plumbing/install/cpp02_service:/home/loser/ws01_plumbing/install/cpp01_topic:/home/loser/ws01_plumbing/install/base_interfaces_demo:/opt/ros/humble', 'SHELL': '/bin/bash', 'LC_NAME': 'zh_CN.UTF-8', 'QT_ACCESSIBILITY': '1', 'GDMSESSION': 'ubuntu', 'LESSCLOSE': '/usr/bin/lesspipe %s %s', 'LC_MEASUREMENT': 'zh_CN.UTF-8', 'GJS_DEBUG_OUTPUT': 'stderr', 'LC_IDENTIFICATION': 'zh_CN.UTF-8', 'QT_IM_MODULE': 'fcitx', 'PWD': '/home/loser/ws01_plumbing/build/py02_service', 'XDG_CONFIG_DIRS': '/etc/xdg/xdg-ubuntu:/etc/xdg', 'CLUTTER_IM_MODULE': 'xim', 'XDG_DATA_DIRS': '/usr/share/ubuntu:/usr/local/share/:/usr/share/:/var/lib/snapd/desktop', 'PYTHONPATH': '/home/loser/ws01_plumbing/build/py02_service/prefix_override:/usr/lib/python3/dist-packages/colcon_core/task/python/colcon_distutils_commands:/home/loser/ws01_plumbing/install/py02_service/lib/python3.10/site-packages:/home/loser/ws01_plumbing/install/py03_action/lib/python3.10/site-packages:/home/loser/ws01_plumbing/install/py02_service/lib/python3.10/site-packages:/home/loser/ws01_plumbing/install/py01_topic/lib/python3.10/site-packages:/home/loser/ws01_plumbing/install/base_interfaces_demo/local/lib/python3.10/dist-packages:/opt/ros/humble/lib/python3.10/site-packages:/opt/ros/humble/local/lib/python3.10/dist-packages', 'LC_NUMERIC': 'zh_CN.UTF-8', 'LC_PAPER': 'zh_CN.UTF-8', 'COLCON': '1', 'CMAKE_PREFIX_PATH': '/home/loser/ws01_plumbing/install/base_interfaces_demo:/home/loser/ws01_plumbing/install/cpp03_action:/home/loser/ws01_plumbing/install/cpp02_service:/home/loser/ws01_plumbing/install/cpp01_topic'}, 'shell': False}
[7.664824] (-) TimerEvent: {}
[7.765440] (-) TimerEvent: {}
[7.867477] (-) TimerEvent: {}
[7.969955] (-) TimerEvent: {}
[8.070842] (-) TimerEvent: {}
[8.171753] (-) TimerEvent: {}
[8.272398] (-) TimerEvent: {}
[8.376803] (-) TimerEvent: {}
[8.424728] (py02_service) StdoutLine: {'line': b'running egg_info\n'}
[8.426482] (py02_service) StdoutLine: {'line': b'writing ../../build/py02_service/py02_service.egg-info/PKG-INFO\n'}
[8.427640] (py02_service) StdoutLine: {'line': b'writing dependency_links to ../../build/py02_service/py02_service.egg-info/dependency_links.txt\n'}
[8.428603] (py02_service) StdoutLine: {'line': b'writing entry points to ../../build/py02_service/py02_service.egg-info/entry_points.txt\n'}
[8.430060] (py02_service) StdoutLine: {'line': b'writing requirements to ../../build/py02_service/py02_service.egg-info/requires.txt\n'}
[8.430853] (py02_service) StdoutLine: {'line': b'writing top-level names to ../../build/py02_service/py02_service.egg-info/top_level.txt\n'}
[8.435250] (py02_service) StdoutLine: {'line': b"reading manifest file '../../build/py02_service/py02_service.egg-info/SOURCES.txt'\n"}
[8.439365] (py02_service) StdoutLine: {'line': b"writing manifest file '../../build/py02_service/py02_service.egg-info/SOURCES.txt'\n"}
[8.440454] (py02_service) StdoutLine: {'line': b'running build\n'}
[8.440798] (py02_service) StdoutLine: {'line': b'running build_py\n'}
[8.441135] (py02_service) StdoutLine: {'line': b'running install\n'}
[8.443161] (py02_service) StdoutLine: {'line': b'running install_lib\n'}
[8.445463] (py02_service) StdoutLine: {'line': b'running install_data\n'}
[8.445553] (py02_service) StdoutLine: {'line': b'running install_egg_info\n'}
[8.456480] (py02_service) StdoutLine: {'line': b"removing '/home/loser/ws01_plumbing/install/py02_service/lib/python3.10/site-packages/py02_service-0.0.0-py3.10.egg-info' (and everything under it)\n"}
[8.459443] (py02_service) StdoutLine: {'line': b'Copying ../../build/py02_service/py02_service.egg-info to /home/loser/ws01_plumbing/install/py02_service/lib/python3.10/site-packages/py02_service-0.0.0-py3.10.egg-info\n'}
[8.461305] (py02_service) StdoutLine: {'line': b'running install_scripts\n'}
[8.476003] (-) TimerEvent: {}
[8.543401] (py02_service) StdoutLine: {'line': b'Installing demo01_server script to /home/loser/ws01_plumbing/install/py02_service/lib/py02_service\n'}
[8.546010] (py02_service) StdoutLine: {'line': b'Installing demo02_listener script to /home/loser/ws01_plumbing/install/py02_service/lib/py02_service\n'}
[8.546272] (py02_service) StdoutLine: {'line': b"writing list of installed files to '/home/loser/ws01_plumbing/build/py02_service/install.log'\n"}
[8.576055] (py03_action) Command: {'cmd': ['/usr/bin/python3', '-W', 'ignore:setup.py install is deprecated', '-W', 'ignore:easy_install command is deprecated', 'setup.py', 'egg_info', '--egg-base', '../../build/py03_action', 'build', '--build-base', '/home/loser/ws01_plumbing/build/py03_action/build', 'install', '--record', '/home/loser/ws01_plumbing/build/py03_action/install.log', '--single-version-externally-managed', 'install_data'], 'cwd': '/home/loser/ws01_plumbing/src/py03_action', 'env': {'GJS_DEBUG_TOPICS': 'JS ERROR;JS LOG', 'PYTHON_BASIC_REPL': '1', 'LESSOPEN': '| /usr/bin/lesspipe %s', 'LANGUAGE': 'zh_CN:en', 'USER': 'loser', 'LC_TIME': 'zh_CN.UTF-8', 'XDG_SESSION_TYPE': 'wayland', 'SHLVL': '1', 'LD_LIBRARY_PATH': '/home/loser/ws01_plumbing/install/base_interfaces_demo/lib:/usr/lib/x86_64-linux-gnu/gazebo-11/plugins:/opt/ros/humble/opt/rviz_ogre_vendor/lib:/opt/ros/humble/lib/x86_64-linux-gnu:/opt/ros/humble/lib', 'HOME': '/home/loser', 'CHROME_DESKTOP': 'code.desktop', 'OLDPWD': '/home/loser/ws01_plumbing/src', 'TERM_PROGRAM_VERSION': '1.121.0', 'DESKTOP_SESSION': 'ubuntu', 'GIO_LAUNCHED_DESKTOP_FILE': '/usr/share/applications/code.desktop', 'ROS_PYTHON_VERSION': '3', 'GNOME_SHELL_SESSION_MODE': 'ubuntu', 'GTK_MODULES': 'gail:atk-bridge', 'LC_MONETARY': 'zh_CN.UTF-8', 'MANAGERPID': '1438', 'SYSTEMD_EXEC_PID': '1625', 'IM_CONFIG_CHECK_ENV': '1', 'VSCODE_PYTHON_AUTOACTIVATE_GUARD': '1', 'DBUS_SESSION_BUS_ADDRESS': 'unix:path=/run/user/1000/bus', 'COLORTERM': 'truecolor', 'GIO_LAUNCHED_DESKTOP_FILE_PID': '2247', 'IM_CONFIG_PHASE': '1', 'WAYLAND_DISPLAY': 'wayland-0', 'COLCON_PREFIX_PATH': '/home/loser/ws01_plumbing/install', 'ROS_DISTRO': 'humble', 'GTK_IM_MODULE': 'fcitx', 'LOGNAME': 'loser', 'JOURNAL_STREAM': '8:20539', '_': '/usr/bin/colcon', 'ROS_VERSION': '2', 'XDG_SESSION_CLASS': 'user', 'USERNAME': 'loser', 'TERM': 'xterm-256color', 'GNOME_DESKTOP_SESSION_ID': 'this-is-deprecated', 'FC_FONTATIONS': '1', 'ROS_LOCALHOST_ONLY': '0', 'PATH': '/home/loser/.config/Code/User/globalStorage/github.copilot-chat/debugCommand:/home/loser/.config/Code/User/globalStorage/github.copilot-chat/copilotCli:/opt/ros/humble/bin:/usr/local/sbin:/usr/local/bin:/usr/sbin:/usr/bin:/sbin:/bin:/usr/games:/usr/local/games:/snap/bin:/snap/bin', 'SESSION_MANAGER': 'local/loser-vm:@/tmp/.ICE-unix/1579,unix/loser-vm:/tmp/.ICE-unix/1579', 'INVOCATION_ID': 'c066e5289e1f46339e91e1906c356ea9', 'PAPERSIZE': 'a4', 'XDG_MENU_PREFIX': 'gnome-', 'LC_ADDRESS': 'zh_CN.UTF-8', 'GNOME_SETUP_DISPLAY': ':1', 'XDG_RUNTIME_DIR': '/run/user/1000', 'GDK_BACKEND': 'wayland', 'DISPLAY': ':0', 'LANG': 'zh_CN.UTF-8', 'XDG_CURRENT_DESKTOP': 'ubuntu:GNOME', 'PYTHONSTARTUP': '/home/loser/.config/Code/User/workspaceStorage/8648397a620a1c47015fb5f0b3e3803b/ms-python.python/pythonrc.py', 'LC_TELEPHONE': 'zh_CN.UTF-8', 'XMODIFIERS': '@im=fcitx', 'XDG_SESSION_DESKTOP': 'ubuntu', 'XAUTHORITY': '/run/user/1000/.mutter-Xwaylandauth.RLY4P3', 'LS_COLORS': 'rs=0:di=01;34:ln=01;36:mh=00:pi=40;33:so=01;35:do=01;35:bd=40;33;01:cd=40;33;01:or=40;31;01:mi=00:su=37;41:sg=30;43:ca=30;41:tw=30;42:ow=34;42:st=37;44:ex=01;32:*.tar=01;31:*.tgz=01;31:*.arc=01;31:*.arj=01;31:*.taz=01;31:*.lha=01;31:*.lz4=01;31:*.lzh=01;31:*.lzma=01;31:*.tlz=01;31:*.txz=01;31:*.tzo=01;31:*.t7z=01;31:*.zip=01;31:*.z=01;31:*.dz=01;31:*.gz=01;31:*.lrz=01;31:*.lz=01;31:*.lzo=01;31:*.xz=01;31:*.zst=01;31:*.tzst=01;31:*.bz2=01;31:*.bz=01;31:*.tbz=01;31:*.tbz2=01;31:*.tz=01;31:*.deb=01;31:*.rpm=01;31:*.jar=01;31:*.war=01;31:*.ear=01;31:*.sar=01;31:*.rar=01;31:*.alz=01;31:*.ace=01;31:*.zoo=01;31:*.cpio=01;31:*.7z=01;31:*.rz=01;31:*.cab=01;31:*.wim=01;31:*.swm=01;31:*.dwm=01;31:*.esd=01;31:*.jpg=01;35:*.jpeg=01;35:*.mjpg=01;35:*.mjpeg=01;35:*.gif=01;35:*.bmp=01;35:*.pbm=01;35:*.pgm=01;35:*.ppm=01;35:*.tga=01;35:*.xbm=01;35:*.xpm=01;35:*.tif=01;35:*.tiff=01;35:*.png=01;35:*.svg=01;35:*.svgz=01;35:*.mng=01;35:*.pcx=01;35:*.mov=01;35:*.mpg=01;35:*.mpeg=01;35:*.m2v=01;35:*.mkv=01;35:*.webm=01;35:*.webp=01;35:*.ogm=01;35:*.mp4=01;35:*.m4v=01;35:*.mp4v=01;35:*.vob=01;35:*.qt=01;35:*.nuv=01;35:*.wmv=01;35:*.asf=01;35:*.rm=01;35:*.rmvb=01;35:*.flc=01;35:*.avi=01;35:*.fli=01;35:*.flv=01;35:*.gl=01;35:*.dl=01;35:*.xcf=01;35:*.xwd=01;35:*.yuv=01;35:*.cgm=01;35:*.emf=01;35:*.ogv=01;35:*.ogx=01;35:*.aac=00;36:*.au=00;36:*.flac=00;36:*.m4a=00;36:*.mid=00;36:*.midi=00;36:*.mka=00;36:*.mp3=00;36:*.mpc=00;36:*.ogg=00;36:*.ra=00;36:*.wav=00;36:*.oga=00;36:*.opus=00;36:*.spx=00;36:*.xspf=00;36:', 'TERM_PROGRAM': 'vscode', 'SSH_AGENT_LAUNCHER': 'gnome-keyring', 'SSH_AUTH_SOCK': '/run/user/1000/keyring/ssh', 'AMENT_PREFIX_PATH': '/home/loser/ws01_plumbing/install/py03_action:/home/loser/ws01_plumbing/install/cpp03_action:/home/loser/ws01_plumbing/install/py02_service:/home/loser/ws01_plumbing/install/py01_topic:/home/loser/ws01_plumbing/install/cpp02_service:/home/loser/ws01_plumbing/install/cpp01_topic:/home/loser/ws01_plumbing/install/base_interfaces_demo:/opt/ros/humble', 'SHELL': '/bin/bash', 'LC_NAME': 'zh_CN.UTF-8', 'QT_ACCESSIBILITY': '1', 'GDMSESSION': 'ubuntu', 'LESSCLOSE': '/usr/bin/lesspipe %s %s', 'LC_MEASUREMENT': 'zh_CN.UTF-8', 'GJS_DEBUG_OUTPUT': 'stderr', 'LC_IDENTIFICATION': 'zh_CN.UTF-8', 'QT_IM_MODULE': 'fcitx', 'PWD': '/home/loser/ws01_plumbing/build/py03_action', 'XDG_CONFIG_DIRS': '/etc/xdg/xdg-ubuntu:/etc/xdg', 'CLUTTER_IM_MODULE': 'xim', 'XDG_DATA_DIRS': '/usr/share/ubuntu:/usr/local/share/:/usr/share/:/var/lib/snapd/desktop', 'PYTHONPATH': '/home/loser/ws01_plumbing/build/py03_action/prefix_override:/usr/lib/python3/dist-packages/colcon_core/task/python/colcon_distutils_commands:/home/loser/ws01_plumbing/install/py03_action/lib/python3.10/site-packages:/home/loser/ws01_plumbing/install/py03_action/lib/python3.10/site-packages:/home/loser/ws01_plumbing/install/py02_service/lib/python3.10/site-packages:/home/loser/ws01_plumbing/install/py01_topic/lib/python3.10/site-packages:/home/loser/ws01_plumbing/install/base_interfaces_demo/local/lib/python3.10/dist-packages:/opt/ros/humble/lib/python3.10/site-packages:/opt/ros/humble/local/lib/python3.10/dist-packages', 'LC_NUMERIC': 'zh_CN.UTF-8', 'LC_PAPER': 'zh_CN.UTF-8', 'COLCON': '1', 'CMAKE_PREFIX_PATH': '/home/loser/ws01_plumbing/install/base_interfaces_demo:/home/loser/ws01_plumbing/install/cpp03_action:/home/loser/ws01_plumbing/install/cpp02_service:/home/loser/ws01_plumbing/install/cpp01_topic'}, 'shell': False}
[8.576896] (-) TimerEvent: {}
[8.610773] (py02_service) CommandEnded: {'returncode': 0}
[8.644102] (py02_service) JobEnded: {'identifier': 'py02_service', 'rc': 0}
[8.677180] (-) TimerEvent: {}
[8.779853] (-) TimerEvent: {}
[8.880989] (-) TimerEvent: {}
[8.981619] (-) TimerEvent: {}
[9.079605] (py03_action) StdoutLine: {'line': b'running egg_info\n'}
[9.079908] (py03_action) StdoutLine: {'line': b'writing ../../build/py03_action/py03_action.egg-info/PKG-INFO\n'}
[9.079993] (py03_action) StdoutLine: {'line': b'writing dependency_links to ../../build/py03_action/py03_action.egg-info/dependency_links.txt\n'}
[9.080056] (py03_action) StdoutLine: {'line': b'writing entry points to ../../build/py03_action/py03_action.egg-info/entry_points.txt\n'}
[9.080474] (py03_action) StdoutLine: {'line': b'writing requirements to ../../build/py03_action/py03_action.egg-info/requires.txt\n'}
[9.083268] (py03_action) StdoutLine: {'line': b'writing top-level names to ../../build/py03_action/py03_action.egg-info/top_level.txt\n'}
[9.083333] (-) TimerEvent: {}
[9.085561] (py03_action) StdoutLine: {'line': b"reading manifest file '../../build/py03_action/py03_action.egg-info/SOURCES.txt'\n"}
[9.087600] (py03_action) StdoutLine: {'line': b"writing manifest file '../../build/py03_action/py03_action.egg-info/SOURCES.txt'\n"}
[9.087726] (py03_action) StdoutLine: {'line': b'running build\n'}
[9.087802] (py03_action) StdoutLine: {'line': b'running build_py\n'}
[9.093796] (py03_action) StdoutLine: {'line': b'running install\n'}
[9.093914] (py03_action) StdoutLine: {'line': b'running install_lib\n'}
[9.093944] (py03_action) StdoutLine: {'line': b'running install_data\n'}
[9.093968] (py03_action) StdoutLine: {'line': b'running install_egg_info\n'}
[9.105584] (py03_action) StdoutLine: {'line': b"removing '/home/loser/ws01_plumbing/install/py03_action/lib/python3.10/site-packages/py03_action-0.0.0-py3.10.egg-info' (and everything under it)\n"}
[9.105804] (py03_action) StdoutLine: {'line': b'Copying ../../build/py03_action/py03_action.egg-info to /home/loser/ws01_plumbing/install/py03_action/lib/python3.10/site-packages/py03_action-0.0.0-py3.10.egg-info\n'}
[9.113912] (py03_action) StdoutLine: {'line': b'running install_scripts\n'}
[9.183461] (-) TimerEvent: {}
[9.187116] (py03_action) StdoutLine: {'line': b'Installing demo01_action_server script to /home/loser/ws01_plumbing/install/py03_action/lib/py03_action\n'}
[9.188887] (py03_action) StdoutLine: {'line': b"writing list of installed files to '/home/loser/ws01_plumbing/build/py03_action/install.log'\n"}
[9.270776] (py03_action) CommandEnded: {'returncode': 0}
[9.283538] (-) TimerEvent: {}
[9.300861] (py03_action) JobEnded: {'identifier': 'py03_action', 'rc': 0}
[9.383951] (-) TimerEvent: {}
[9.487261] (-) TimerEvent: {}
[9.588071] (-) TimerEvent: {}
[9.688437] (-) TimerEvent: {}
[9.790052] (-) TimerEvent: {}
[9.890446] (-) TimerEvent: {}
[9.992383] (-) TimerEvent: {}
[10.093030] (-) TimerEvent: {}
[10.194064] (-) TimerEvent: {}
[10.294882] (-) TimerEvent: {}
[10.396220] (-) TimerEvent: {}
[10.498839] (-) TimerEvent: {}
[10.600830] (-) TimerEvent: {}
[10.702387] (-) TimerEvent: {}
[10.804359] (-) TimerEvent: {}
[10.907807] (-) TimerEvent: {}
[11.010922] (-) TimerEvent: {}
[11.113260] (-) TimerEvent: {}
[11.214329] (-) TimerEvent: {}
[11.316106] (-) TimerEvent: {}
[11.417396] (-) TimerEvent: {}
[11.519098] (-) TimerEvent: {}
[11.622656] (-) TimerEvent: {}
[11.723421] (-) TimerEvent: {}
[11.826979] (-) TimerEvent: {}
[11.928401] (-) TimerEvent: {}
[12.029342] (-) TimerEvent: {}
[12.130184] (-) TimerEvent: {}
[12.230944] (-) TimerEvent: {}
[12.331445] (-) TimerEvent: {}
[12.433020] (-) TimerEvent: {}
[12.533474] (-) TimerEvent: {}
[12.634280] (-) TimerEvent: {}
[12.735117] (-) TimerEvent: {}
[12.836115] (-) TimerEvent: {}
[12.937829] (-) TimerEvent: {}
[13.038194] (-) TimerEvent: {}
[13.138537] (-) TimerEvent: {}
[13.240255] (-) TimerEvent: {}
[13.340599] (-) TimerEvent: {}
[13.441525] (-) TimerEvent: {}
[13.542343] (-) TimerEvent: {}
[13.644095] (-) TimerEvent: {}
[13.744815] (-) TimerEvent: {}
[13.846384] (-) TimerEvent: {}
[13.947052] (-) TimerEvent: {}
[14.047918] (-) TimerEvent: {}
[14.149173] (-) TimerEvent: {}
[14.250159] (-) TimerEvent: {}
[14.351830] (-) TimerEvent: {}
[14.452585] (-) TimerEvent: {}
[14.553052] (-) TimerEvent: {}
[14.653621] (-) TimerEvent: {}
[14.754986] (-) TimerEvent: {}
[14.855476] (-) TimerEvent: {}
[14.955834] (-) TimerEvent: {}
[15.057266] (-) TimerEvent: {}
[15.157760] (-) TimerEvent: {}
[15.259833] (-) TimerEvent: {}
[15.360350] (-) TimerEvent: {}
[15.460699] (-) TimerEvent: {}
[15.561321] (-) TimerEvent: {}
[15.661661] (-) TimerEvent: {}
[15.763636] (-) TimerEvent: {}
[15.864092] (-) TimerEvent: {}
[15.964865] (-) TimerEvent: {}
[16.067060] (-) TimerEvent: {}
[16.168033] (-) TimerEvent: {}
[16.268396] (-) TimerEvent: {}
[16.368732] (-) TimerEvent: {}
[16.469035] (-) TimerEvent: {}
[16.571207] (-) TimerEvent: {}
[16.673949] (-) TimerEvent: {}
[16.775365] (-) TimerEvent: {}
[16.842706] (cpp02_service) StdoutLine: {'line': b'[ 75%] \x1b[32m\x1b[1mLinking CXX executable demo02_client\x1b[0m\n'}
[16.875509] (-) TimerEvent: {}
[16.975987] (-) TimerEvent: {}
[17.076831] (-) TimerEvent: {}
[17.085386] (cpp02_service) StdoutLine: {'line': b'[100%] \x1b[32m\x1b[1mLinking CXX executable demo01_server\x1b[0m\n'}
[17.177063] (-) TimerEvent: {}
[17.252120] (cpp02_service) StdoutLine: {'line': b'[100%] Built target demo02_client\n'}
[17.277717] (-) TimerEvent: {}
[17.378241] (-) TimerEvent: {}
[17.412097] (cpp02_service) StdoutLine: {'line': b'[100%] Built target demo01_server\n'}
[17.439381] (cpp02_service) CommandEnded: {'returncode': 0}
[17.440665] (cpp02_service) JobProgress: {'identifier': 'cpp02_service', 'progress': 'install'}
[17.440725] (cpp02_service) Command: {'cmd': ['/usr/bin/cmake', '--install', '/home/loser/ws01_plumbing/build/cpp02_service'], 'cwd': '/home/loser/ws01_plumbing/build/cpp02_service', 'env': OrderedDict([('GJS_DEBUG_TOPICS', 'JS ERROR;JS LOG'), ('PYTHON_BASIC_REPL', '1'), ('LESSOPEN', '| /usr/bin/lesspipe %s'), ('LANGUAGE', 'zh_CN:en'), ('USER', 'loser'), ('LC_TIME', 'zh_CN.UTF-8'), ('XDG_SESSION_TYPE', 'wayland'), ('SHLVL', '1'), ('LD_LIBRARY_PATH', '/home/loser/ws01_plumbing/install/base_interfaces_demo/lib:/usr/lib/x86_64-linux-gnu/gazebo-11/plugins:/opt/ros/humble/opt/rviz_ogre_vendor/lib:/opt/ros/humble/lib/x86_64-linux-gnu:/opt/ros/humble/lib'), ('HOME', '/home/loser'), ('CHROME_DESKTOP', 'code.desktop'), ('OLDPWD', '/home/loser/ws01_plumbing/src'), ('TERM_PROGRAM_VERSION', '1.121.0'), ('DESKTOP_SESSION', 'ubuntu'), ('GIO_LAUNCHED_DESKTOP_FILE', '/usr/share/applications/code.desktop'), ('ROS_PYTHON_VERSION', '3'), ('GNOME_SHELL_SESSION_MODE', 'ubuntu'), ('GTK_MODULES', 'gail:atk-bridge'), ('LC_MONETARY', 'zh_CN.UTF-8'), ('MANAGERPID', '1438'), ('SYSTEMD_EXEC_PID', '1625'), ('IM_CONFIG_CHECK_ENV', '1'), ('VSCODE_PYTHON_AUTOACTIVATE_GUARD', '1'), ('DBUS_SESSION_BUS_ADDRESS', 'unix:path=/run/user/1000/bus'), ('COLORTERM', 'truecolor'), ('GIO_LAUNCHED_DESKTOP_FILE_PID', '2247'), ('IM_CONFIG_PHASE', '1'), ('WAYLAND_DISPLAY', 'wayland-0'), ('COLCON_PREFIX_PATH', '/home/loser/ws01_plumbing/install'), ('ROS_DISTRO', 'humble'), ('GTK_IM_MODULE', 'fcitx'), ('LOGNAME', 'loser'), ('JOURNAL_STREAM', '8:20539'), ('_', '/usr/bin/colcon'), ('ROS_VERSION', '2'), ('XDG_SESSION_CLASS', 'user'), ('USERNAME', 'loser'), ('TERM', 'xterm-256color'), ('GNOME_DESKTOP_SESSION_ID', 'this-is-deprecated'), ('FC_FONTATIONS', '1'), ('ROS_LOCALHOST_ONLY', '0'), ('PATH', '/home/loser/.config/Code/User/globalStorage/github.copilot-chat/debugCommand:/home/loser/.config/Code/User/globalStorage/github.copilot-chat/copilotCli:/opt/ros/humble/bin:/usr/local/sbin:/usr/local/bin:/usr/sbin:/usr/bin:/sbin:/bin:/usr/games:/usr/local/games:/snap/bin:/snap/bin'), ('SESSION_MANAGER', 'local/loser-vm:@/tmp/.ICE-unix/1579,unix/loser-vm:/tmp/.ICE-unix/1579'), ('INVOCATION_ID', 'c066e5289e1f46339e91e1906c356ea9'), ('PAPERSIZE', 'a4'), ('XDG_MENU_PREFIX', 'gnome-'), ('LC_ADDRESS', 'zh_CN.UTF-8'), ('GNOME_SETUP_DISPLAY', ':1'), ('XDG_RUNTIME_DIR', '/run/user/1000'), ('GDK_BACKEND', 'wayland'), ('DISPLAY', ':0'), ('LANG', 'zh_CN.UTF-8'), ('XDG_CURRENT_DESKTOP', 'ubuntu:GNOME'), ('PYTHONSTARTUP', '/home/loser/.config/Code/User/workspaceStorage/8648397a620a1c47015fb5f0b3e3803b/ms-python.python/pythonrc.py'), ('LC_TELEPHONE', 'zh_CN.UTF-8'), ('XMODIFIERS', '@im=fcitx'), ('XDG_SESSION_DESKTOP', 'ubuntu'), ('XAUTHORITY', '/run/user/1000/.mutter-Xwaylandauth.RLY4P3'), ('LS_COLORS', 'rs=0:di=01;34:ln=01;36:mh=00:pi=40;33:so=01;35:do=01;35:bd=40;33;01:cd=40;33;01:or=40;31;01:mi=00:su=37;41:sg=30;43:ca=30;41:tw=30;42:ow=34;42:st=37;44:ex=01;32:*.tar=01;31:*.tgz=01;31:*.arc=01;31:*.arj=01;31:*.taz=01;31:*.lha=01;31:*.lz4=01;31:*.lzh=01;31:*.lzma=01;31:*.tlz=01;31:*.txz=01;31:*.tzo=01;31:*.t7z=01;31:*.zip=01;31:*.z=01;31:*.dz=01;31:*.gz=01;31:*.lrz=01;31:*.lz=01;31:*.lzo=01;31:*.xz=01;31:*.zst=01;31:*.tzst=01;31:*.bz2=01;31:*.bz=01;31:*.tbz=01;31:*.tbz2=01;31:*.tz=01;31:*.deb=01;31:*.rpm=01;31:*.jar=01;31:*.war=01;31:*.ear=01;31:*.sar=01;31:*.rar=01;31:*.alz=01;31:*.ace=01;31:*.zoo=01;31:*.cpio=01;31:*.7z=01;31:*.rz=01;31:*.cab=01;31:*.wim=01;31:*.swm=01;31:*.dwm=01;31:*.esd=01;31:*.jpg=01;35:*.jpeg=01;35:*.mjpg=01;35:*.mjpeg=01;35:*.gif=01;35:*.bmp=01;35:*.pbm=01;35:*.pgm=01;35:*.ppm=01;35:*.tga=01;35:*.xbm=01;35:*.xpm=01;35:*.tif=01;35:*.tiff=01;35:*.png=01;35:*.svg=01;35:*.svgz=01;35:*.mng=01;35:*.pcx=01;35:*.mov=01;35:*.mpg=01;35:*.mpeg=01;35:*.m2v=01;35:*.mkv=01;35:*.webm=01;35:*.webp=01;35:*.ogm=01;35:*.mp4=01;35:*.m4v=01;35:*.mp4v=01;35:*.vob=01;35:*.qt=01;35:*.nuv=01;35:*.wmv=01;35:*.asf=01;35:*.rm=01;35:*.rmvb=01;35:*.flc=01;35:*.avi=01;35:*.fli=01;35:*.flv=01;35:*.gl=01;35:*.dl=01;35:*.xcf=01;35:*.xwd=01;35:*.yuv=01;35:*.cgm=01;35:*.emf=01;35:*.ogv=01;35:*.ogx=01;35:*.aac=00;36:*.au=00;36:*.flac=00;36:*.m4a=00;36:*.mid=00;36:*.midi=00;36:*.mka=00;36:*.mp3=00;36:*.mpc=00;36:*.ogg=00;36:*.ra=00;36:*.wav=00;36:*.oga=00;36:*.opus=00;36:*.spx=00;36:*.xspf=00;36:'), ('TERM_PROGRAM', 'vscode'), ('SSH_AGENT_LAUNCHER', 'gnome-keyring'), ('SSH_AUTH_SOCK', '/run/user/1000/keyring/ssh'), ('AMENT_PREFIX_PATH', '/home/loser/ws01_plumbing/install/py03_action:/home/loser/ws01_plumbing/install/cpp03_action:/home/loser/ws01_plumbing/install/py02_service:/home/loser/ws01_plumbing/install/py01_topic:/home/loser/ws01_plumbing/install/cpp02_service:/home/loser/ws01_plumbing/install/cpp01_topic:/home/loser/ws01_plumbing/install/base_interfaces_demo:/opt/ros/humble'), ('SHELL', '/bin/bash'), ('LC_NAME', 'zh_CN.UTF-8'), ('QT_ACCESSIBILITY', '1'), ('GDMSESSION', 'ubuntu'), ('LESSCLOSE', '/usr/bin/lesspipe %s %s'), ('LC_MEASUREMENT', 'zh_CN.UTF-8'), ('GJS_DEBUG_OUTPUT', 'stderr'), ('LC_IDENTIFICATION', 'zh_CN.UTF-8'), ('QT_IM_MODULE', 'fcitx'), ('PWD', '/home/loser/ws01_plumbing/build/cpp02_service'), ('XDG_CONFIG_DIRS', '/etc/xdg/xdg-ubuntu:/etc/xdg'), ('CLUTTER_IM_MODULE', 'xim'), ('XDG_DATA_DIRS', '/usr/share/ubuntu:/usr/local/share/:/usr/share/:/var/lib/snapd/desktop'), ('PYTHONPATH', '/home/loser/ws01_plumbing/install/py03_action/lib/python3.10/site-packages:/home/loser/ws01_plumbing/install/py02_service/lib/python3.10/site-packages:/home/loser/ws01_plumbing/install/py01_topic/lib/python3.10/site-packages:/home/loser/ws01_plumbing/install/base_interfaces_demo/local/lib/python3.10/dist-packages:/opt/ros/humble/lib/python3.10/site-packages:/opt/ros/humble/local/lib/python3.10/dist-packages'), ('LC_NUMERIC', 'zh_CN.UTF-8'), ('LC_PAPER', 'zh_CN.UTF-8'), ('COLCON', '1'), ('CMAKE_PREFIX_PATH', '/home/loser/ws01_plumbing/install/base_interfaces_demo:/home/loser/ws01_plumbing/install/cpp03_action:/home/loser/ws01_plumbing/install/cpp02_service:/home/loser/ws01_plumbing/install/cpp01_topic:/home/loser/ws01_plumbing/install/py03_action:/home/loser/ws01_plumbing/install/py02_service:/home/loser/ws01_plumbing/install/py01_topic:/opt/ros/humble')]), 'shell': False}
[17.454780] (cpp02_service) StdoutLine: {'line': b'-- Install configuration: ""\n'}
[17.455337] (cpp02_service) StdoutLine: {'line': b'-- Installing: /home/loser/ws01_plumbing/install/cpp02_service/lib/cpp02_service/demo01_server\n'}
[17.460497] (cpp02_service) StdoutLine: {'line': b'-- Set runtime path of "/home/loser/ws01_plumbing/install/cpp02_service/lib/cpp02_service/demo01_server" to ""\n'}
[17.462136] (cpp02_service) StdoutLine: {'line': b'-- Installing: /home/loser/ws01_plumbing/install/cpp02_service/lib/cpp02_service/demo02_client\n'}
[17.465292] (cpp02_service) StdoutLine: {'line': b'-- Set runtime path of "/home/loser/ws01_plumbing/install/cpp02_service/lib/cpp02_service/demo02_client" to ""\n'}
[17.466341] (cpp02_service) StdoutLine: {'line': b'-- Up-to-date: /home/loser/ws01_plumbing/install/cpp02_service/share/ament_index/resource_index/package_run_dependencies/cpp02_service\n'}
[17.466444] (cpp02_service) StdoutLine: {'line': b'-- Installing: /home/loser/ws01_plumbing/install/cpp02_service/share/ament_index/resource_index/parent_prefix_path/cpp02_service\n'}
[17.466540] (cpp02_service) StdoutLine: {'line': b'-- Up-to-date: /home/loser/ws01_plumbing/install/cpp02_service/share/cpp02_service/environment/ament_prefix_path.sh\n'}
[17.466611] (cpp02_service) StdoutLine: {'line': b'-- Installing: /home/loser/ws01_plumbing/install/cpp02_service/share/cpp02_service/environment/ament_prefix_path.dsv\n'}
[17.467366] (cpp02_service) StdoutLine: {'line': b'-- Up-to-date: /home/loser/ws01_plumbing/install/cpp02_service/share/cpp02_service/environment/path.sh\n'}
[17.467505] (cpp02_service) StdoutLine: {'line': b'-- Installing: /home/loser/ws01_plumbing/install/cpp02_service/share/cpp02_service/environment/path.dsv\n'}
[17.467600] (cpp02_service) StdoutLine: {'line': b'-- Up-to-date: /home/loser/ws01_plumbing/install/cpp02_service/share/cpp02_service/local_setup.bash\n'}
[17.467668] (cpp02_service) StdoutLine: {'line': b'-- Up-to-date: /home/loser/ws01_plumbing/install/cpp02_service/share/cpp02_service/local_setup.sh\n'}
[17.468075] (cpp02_service) StdoutLine: {'line': b'-- Up-to-date: /home/loser/ws01_plumbing/install/cpp02_service/share/cpp02_service/local_setup.zsh\n'}
[17.468113] (cpp02_service) StdoutLine: {'line': b'-- Installing: /home/loser/ws01_plumbing/install/cpp02_service/share/cpp02_service/local_setup.dsv\n'}
[17.468995] (cpp02_service) StdoutLine: {'line': b'-- Installing: /home/loser/ws01_plumbing/install/cpp02_service/share/cpp02_service/package.dsv\n'}
[17.469129] (cpp02_service) StdoutLine: {'line': b'-- Up-to-date: /home/loser/ws01_plumbing/install/cpp02_service/share/ament_index/resource_index/packages/cpp02_service\n'}
[17.469214] (cpp02_service) StdoutLine: {'line': b'-- Up-to-date: /home/loser/ws01_plumbing/install/cpp02_service/share/cpp02_service/cmake/cpp02_serviceConfig.cmake\n'}
[17.469263] (cpp02_service) StdoutLine: {'line': b'-- Up-to-date: /home/loser/ws01_plumbing/install/cpp02_service/share/cpp02_service/cmake/cpp02_serviceConfig-version.cmake\n'}
[17.469295] (cpp02_service) StdoutLine: {'line': b'-- Up-to-date: /home/loser/ws01_plumbing/install/cpp02_service/share/cpp02_service/package.xml\n'}
[17.471191] (cpp02_service) CommandEnded: {'returncode': 0}
[17.479094] (-) TimerEvent: {}
[17.503453] (cpp02_service) JobEnded: {'identifier': 'cpp02_service', 'rc': 0}
[17.579818] (-) TimerEvent: {}
[17.681933] (-) TimerEvent: {}
[17.782260] (-) TimerEvent: {}
[17.882590] (-) TimerEvent: {}
[17.938121] (cpp01_topic) StdoutLine: {'line': b'[ 62%] \x1b[32m\x1b[1mLinking CXX executable demo_str_cpp_publisher\x1b[0m\n'}
[17.982862] (-) TimerEvent: {}
[18.083647] (-) TimerEvent: {}
[18.093502] (cpp01_topic) StdoutLine: {'line': b'[ 75%] \x1b[32m\x1b[1mLinking CXX executable demo_stu_cpp_publisher\x1b[0m\n'}
[18.183753] (-) TimerEvent: {}
[18.196113] (cpp01_topic) StdoutLine: {'line': b'[ 75%] Built target demo_str_cpp_publisher\n'}
[18.283841] (-) TimerEvent: {}
[18.373560] (cpp01_topic) StdoutLine: {'line': b'[ 75%] Built target demo_stu_cpp_publisher\n'}
[18.384026] (-) TimerEvent: {}
[18.485432] (-) TimerEvent: {}
[18.585741] (-) TimerEvent: {}
[18.686025] (-) TimerEvent: {}
[18.786949] (-) TimerEvent: {}
[18.888083] (-) TimerEvent: {}
[18.989043] (-) TimerEvent: {}
[19.089522] (-) TimerEvent: {}
[19.189835] (-) TimerEvent: {}
[19.290726] (-) TimerEvent: {}
[19.392471] (-) TimerEvent: {}
[19.492820] (-) TimerEvent: {}
[19.593504] (-) TimerEvent: {}
[19.694295] (-) TimerEvent: {}
[19.794983] (-) TimerEvent: {}
[19.896838] (-) TimerEvent: {}
[19.997580] (-) TimerEvent: {}
[20.097829] (-) TimerEvent: {}
[20.167859] (cpp01_topic) StdoutLine: {'line': b'[ 87%] \x1b[32m\x1b[1mLinking CXX executable demo_stu_cpp_listener\x1b[0m\n'}
[20.197929] (-) TimerEvent: {}
[20.298494] (-) TimerEvent: {}
[20.399432] (-) TimerEvent: {}
[20.405637] (cpp01_topic) StdoutLine: {'line': b'[ 87%] Built target demo_stu_cpp_listener\n'}
[20.499978] (-) TimerEvent: {}
[20.594041] (cpp01_topic) StdoutLine: {'line': b'[100%] \x1b[32m\x1b[1mLinking CXX executable demo_str_cpp_listener\x1b[0m\n'}
[20.600049] (-) TimerEvent: {}
[20.700310] (-) TimerEvent: {}
[20.802983] (-) TimerEvent: {}
[20.804134] (cpp01_topic) StdoutLine: {'line': b'[100%] Built target demo_str_cpp_listener\n'}
[20.816309] (cpp01_topic) CommandEnded: {'returncode': 0}
[20.816927] (cpp01_topic) JobProgress: {'identifier': 'cpp01_topic', 'progress': 'install'}
[20.816953] (cpp01_topic) Command: {'cmd': ['/usr/bin/cmake', '--install', '/home/loser/ws01_plumbing/build/cpp01_topic'], 'cwd': '/home/loser/ws01_plumbing/build/cpp01_topic', 'env': OrderedDict([('GJS_DEBUG_TOPICS', 'JS ERROR;JS LOG'), ('PYTHON_BASIC_REPL', '1'), ('LESSOPEN', '| /usr/bin/lesspipe %s'), ('LANGUAGE', 'zh_CN:en'), ('USER', 'loser'), ('LC_TIME', 'zh_CN.UTF-8'), ('XDG_SESSION_TYPE', 'wayland'), ('SHLVL', '1'), ('LD_LIBRARY_PATH', '/home/loser/ws01_plumbing/install/base_interfaces_demo/lib:/usr/lib/x86_64-linux-gnu/gazebo-11/plugins:/opt/ros/humble/opt/rviz_ogre_vendor/lib:/opt/ros/humble/lib/x86_64-linux-gnu:/opt/ros/humble/lib'), ('HOME', '/home/loser'), ('CHROME_DESKTOP', 'code.desktop'), ('OLDPWD', '/home/loser/ws01_plumbing/src'), ('TERM_PROGRAM_VERSION', '1.121.0'), ('DESKTOP_SESSION', 'ubuntu'), ('GIO_LAUNCHED_DESKTOP_FILE', '/usr/share/applications/code.desktop'), ('ROS_PYTHON_VERSION', '3'), ('GNOME_SHELL_SESSION_MODE', 'ubuntu'), ('GTK_MODULES', 'gail:atk-bridge'), ('LC_MONETARY', 'zh_CN.UTF-8'), ('MANAGERPID', '1438'), ('SYSTEMD_EXEC_PID', '1625'), ('IM_CONFIG_CHECK_ENV', '1'), ('VSCODE_PYTHON_AUTOACTIVATE_GUARD', '1'), ('DBUS_SESSION_BUS_ADDRESS', 'unix:path=/run/user/1000/bus'), ('COLORTERM', 'truecolor'), ('GIO_LAUNCHED_DESKTOP_FILE_PID', '2247'), ('IM_CONFIG_PHASE', '1'), ('WAYLAND_DISPLAY', 'wayland-0'), ('COLCON_PREFIX_PATH', '/home/loser/ws01_plumbing/install'), ('ROS_DISTRO', 'humble'), ('GTK_IM_MODULE', 'fcitx'), ('LOGNAME', 'loser'), ('JOURNAL_STREAM', '8:20539'), ('_', '/usr/bin/colcon'), ('ROS_VERSION', '2'), ('XDG_SESSION_CLASS', 'user'), ('USERNAME', 'loser'), ('TERM', 'xterm-256color'), ('GNOME_DESKTOP_SESSION_ID', 'this-is-deprecated'), ('FC_FONTATIONS', '1'), ('ROS_LOCALHOST_ONLY', '0'), ('PATH', '/home/loser/.config/Code/User/globalStorage/github.copilot-chat/debugCommand:/home/loser/.config/Code/User/globalStorage/github.copilot-chat/copilotCli:/opt/ros/humble/bin:/usr/local/sbin:/usr/local/bin:/usr/sbin:/usr/bin:/sbin:/bin:/usr/games:/usr/local/games:/snap/bin:/snap/bin'), ('SESSION_MANAGER', 'local/loser-vm:@/tmp/.ICE-unix/1579,unix/loser-vm:/tmp/.ICE-unix/1579'), ('INVOCATION_ID', 'c066e5289e1f46339e91e1906c356ea9'), ('PAPERSIZE', 'a4'), ('XDG_MENU_PREFIX', 'gnome-'), ('LC_ADDRESS', 'zh_CN.UTF-8'), ('GNOME_SETUP_DISPLAY', ':1'), ('XDG_RUNTIME_DIR', '/run/user/1000'), ('GDK_BACKEND', 'wayland'), ('DISPLAY', ':0'), ('LANG', 'zh_CN.UTF-8'), ('XDG_CURRENT_DESKTOP', 'ubuntu:GNOME'), ('PYTHONSTARTUP', '/home/loser/.config/Code/User/workspaceStorage/8648397a620a1c47015fb5f0b3e3803b/ms-python.python/pythonrc.py'), ('LC_TELEPHONE', 'zh_CN.UTF-8'), ('XMODIFIERS', '@im=fcitx'), ('XDG_SESSION_DESKTOP', 'ubuntu'), ('XAUTHORITY', '/run/user/1000/.mutter-Xwaylandauth.RLY4P3'), ('LS_COLORS', 'rs=0:di=01;34:ln=01;36:mh=00:pi=40;33:so=01;35:do=01;35:bd=40;33;01:cd=40;33;01:or=40;31;01:mi=00:su=37;41:sg=30;43:ca=30;41:tw=30;42:ow=34;42:st=37;44:ex=01;32:*.tar=01;31:*.tgz=01;31:*.arc=01;31:*.arj=01;31:*.taz=01;31:*.lha=01;31:*.lz4=01;31:*.lzh=01;31:*.lzma=01;31:*.tlz=01;31:*.txz=01;31:*.tzo=01;31:*.t7z=01;31:*.zip=01;31:*.z=01;31:*.dz=01;31:*.gz=01;31:*.lrz=01;31:*.lz=01;31:*.lzo=01;31:*.xz=01;31:*.zst=01;31:*.tzst=01;31:*.bz2=01;31:*.bz=01;31:*.tbz=01;31:*.tbz2=01;31:*.tz=01;31:*.deb=01;31:*.rpm=01;31:*.jar=01;31:*.war=01;31:*.ear=01;31:*.sar=01;31:*.rar=01;31:*.alz=01;31:*.ace=01;31:*.zoo=01;31:*.cpio=01;31:*.7z=01;31:*.rz=01;31:*.cab=01;31:*.wim=01;31:*.swm=01;31:*.dwm=01;31:*.esd=01;31:*.jpg=01;35:*.jpeg=01;35:*.mjpg=01;35:*.mjpeg=01;35:*.gif=01;35:*.bmp=01;35:*.pbm=01;35:*.pgm=01;35:*.ppm=01;35:*.tga=01;35:*.xbm=01;35:*.xpm=01;35:*.tif=01;35:*.tiff=01;35:*.png=01;35:*.svg=01;35:*.svgz=01;35:*.mng=01;35:*.pcx=01;35:*.mov=01;35:*.mpg=01;35:*.mpeg=01;35:*.m2v=01;35:*.mkv=01;35:*.webm=01;35:*.webp=01;35:*.ogm=01;35:*.mp4=01;35:*.m4v=01;35:*.mp4v=01;35:*.vob=01;35:*.qt=01;35:*.nuv=01;35:*.wmv=01;35:*.asf=01;35:*.rm=01;35:*.rmvb=01;35:*.flc=01;35:*.avi=01;35:*.fli=01;35:*.flv=01;35:*.gl=01;35:*.dl=01;35:*.xcf=01;35:*.xwd=01;35:*.yuv=01;35:*.cgm=01;35:*.emf=01;35:*.ogv=01;35:*.ogx=01;35:*.aac=00;36:*.au=00;36:*.flac=00;36:*.m4a=00;36:*.mid=00;36:*.midi=00;36:*.mka=00;36:*.mp3=00;36:*.mpc=00;36:*.ogg=00;36:*.ra=00;36:*.wav=00;36:*.oga=00;36:*.opus=00;36:*.spx=00;36:*.xspf=00;36:'), ('TERM_PROGRAM', 'vscode'), ('SSH_AGENT_LAUNCHER', 'gnome-keyring'), ('SSH_AUTH_SOCK', '/run/user/1000/keyring/ssh'), ('AMENT_PREFIX_PATH', '/home/loser/ws01_plumbing/install/py03_action:/home/loser/ws01_plumbing/install/cpp03_action:/home/loser/ws01_plumbing/install/py02_service:/home/loser/ws01_plumbing/install/py01_topic:/home/loser/ws01_plumbing/install/cpp02_service:/home/loser/ws01_plumbing/install/cpp01_topic:/home/loser/ws01_plumbing/install/base_interfaces_demo:/opt/ros/humble'), ('SHELL', '/bin/bash'), ('LC_NAME', 'zh_CN.UTF-8'), ('QT_ACCESSIBILITY', '1'), ('GDMSESSION', 'ubuntu'), ('LESSCLOSE', '/usr/bin/lesspipe %s %s'), ('LC_MEASUREMENT', 'zh_CN.UTF-8'), ('GJS_DEBUG_OUTPUT', 'stderr'), ('LC_IDENTIFICATION', 'zh_CN.UTF-8'), ('QT_IM_MODULE', 'fcitx'), ('PWD', '/home/loser/ws01_plumbing/build/cpp01_topic'), ('XDG_CONFIG_DIRS', '/etc/xdg/xdg-ubuntu:/etc/xdg'), ('CLUTTER_IM_MODULE', 'xim'), ('XDG_DATA_DIRS', '/usr/share/ubuntu:/usr/local/share/:/usr/share/:/var/lib/snapd/desktop'), ('PYTHONPATH', '/home/loser/ws01_plumbing/install/py03_action/lib/python3.10/site-packages:/home/loser/ws01_plumbing/install/py02_service/lib/python3.10/site-packages:/home/loser/ws01_plumbing/install/py01_topic/lib/python3.10/site-packages:/home/loser/ws01_plumbing/install/base_interfaces_demo/local/lib/python3.10/dist-packages:/opt/ros/humble/lib/python3.10/site-packages:/opt/ros/humble/local/lib/python3.10/dist-packages'), ('LC_NUMERIC', 'zh_CN.UTF-8'), ('LC_PAPER', 'zh_CN.UTF-8'), ('COLCON', '1'), ('CMAKE_PREFIX_PATH', '/home/loser/ws01_plumbing/install/base_interfaces_demo:/home/loser/ws01_plumbing/install/cpp03_action:/home/loser/ws01_plumbing/install/cpp02_service:/home/loser/ws01_plumbing/install/cpp01_topic:/home/loser/ws01_plumbing/install/py03_action:/home/loser/ws01_plumbing/install/py02_service:/home/loser/ws01_plumbing/install/py01_topic:/opt/ros/humble')]), 'shell': False}
[20.823057] (cpp01_topic) StdoutLine: {'line': b'-- Install configuration: ""\n'}
[20.823194] (cpp01_topic) StdoutLine: {'line': b'-- Installing: /home/loser/ws01_plumbing/install/cpp01_topic/lib/cpp01_topic/demo_str_cpp_publisher\n'}
[20.824145] (cpp01_topic) StdoutLine: {'line': b'-- Set runtime path of "/home/loser/ws01_plumbing/install/cpp01_topic/lib/cpp01_topic/demo_str_cpp_publisher" to ""\n'}
[20.824255] (cpp01_topic) StdoutLine: {'line': b'-- Installing: /home/loser/ws01_plumbing/install/cpp01_topic/lib/cpp01_topic/demo_str_cpp_listener\n'}
[20.826355] (cpp01_topic) StdoutLine: {'line': b'-- Set runtime path of "/home/loser/ws01_plumbing/install/cpp01_topic/lib/cpp01_topic/demo_str_cpp_listener" to ""\n'}
[20.826483] (cpp01_topic) StdoutLine: {'line': b'-- Installing: /home/loser/ws01_plumbing/install/cpp01_topic/lib/cpp01_topic/demo_stu_cpp_publisher\n'}
[20.827279] (cpp01_topic) StdoutLine: {'line': b'-- Set runtime path of "/home/loser/ws01_plumbing/install/cpp01_topic/lib/cpp01_topic/demo_stu_cpp_publisher" to ""\n'}
[20.827413] (cpp01_topic) StdoutLine: {'line': b'-- Installing: /home/loser/ws01_plumbing/install/cpp01_topic/lib/cpp01_topic/demo_stu_cpp_listener\n'}
[20.829643] (cpp01_topic) StdoutLine: {'line': b'-- Set runtime path of "/home/loser/ws01_plumbing/install/cpp01_topic/lib/cpp01_topic/demo_stu_cpp_listener" to ""\n'}
[20.829718] (cpp01_topic) StdoutLine: {'line': b'-- Up-to-date: /home/loser/ws01_plumbing/install/cpp01_topic/share/ament_index/resource_index/package_run_dependencies/cpp01_topic\n'}
[20.829750] (cpp01_topic) StdoutLine: {'line': b'-- Installing: /home/loser/ws01_plumbing/install/cpp01_topic/share/ament_index/resource_index/parent_prefix_path/cpp01_topic\n'}
[20.829846] (cpp01_topic) StdoutLine: {'line': b'-- Up-to-date: /home/loser/ws01_plumbing/install/cpp01_topic/share/cpp01_topic/environment/ament_prefix_path.sh\n'}
[20.829894] (cpp01_topic) StdoutLine: {'line': b'-- Installing: /home/loser/ws01_plumbing/install/cpp01_topic/share/cpp01_topic/environment/ament_prefix_path.dsv\n'}
[20.829966] (cpp01_topic) StdoutLine: {'line': b'-- Up-to-date: /home/loser/ws01_plumbing/install/cpp01_topic/share/cpp01_topic/environment/path.sh\n'}
[20.830009] (cpp01_topic) StdoutLine: {'line': b'-- Installing: /home/loser/ws01_plumbing/install/cpp01_topic/share/cpp01_topic/environment/path.dsv\n'}
[20.830062] (cpp01_topic) StdoutLine: {'line': b'-- Up-to-date: /home/loser/ws01_plumbing/install/cpp01_topic/share/cpp01_topic/local_setup.bash\n'}
[20.830110] (cpp01_topic) StdoutLine: {'line': b'-- Up-to-date: /home/loser/ws01_plumbing/install/cpp01_topic/share/cpp01_topic/local_setup.sh\n'}
[20.830136] (cpp01_topic) StdoutLine: {'line': b'-- Up-to-date: /home/loser/ws01_plumbing/install/cpp01_topic/share/cpp01_topic/local_setup.zsh\n'}
[20.830157] (cpp01_topic) StdoutLine: {'line': b'-- Installing: /home/loser/ws01_plumbing/install/cpp01_topic/share/cpp01_topic/local_setup.dsv\n'}
[20.830316] (cpp01_topic) StdoutLine: {'line': b'-- Installing: /home/loser/ws01_plumbing/install/cpp01_topic/share/cpp01_topic/package.dsv\n'}
[20.830427] (cpp01_topic) StdoutLine: {'line': b'-- Up-to-date: /home/loser/ws01_plumbing/install/cpp01_topic/share/ament_index/resource_index/packages/cpp01_topic\n'}
[20.830460] (cpp01_topic) StdoutLine: {'line': b'-- Up-to-date: /home/loser/ws01_plumbing/install/cpp01_topic/share/cpp01_topic/cmake/cpp01_topicConfig.cmake\n'}
[20.830483] (cpp01_topic) StdoutLine: {'line': b'-- Up-to-date: /home/loser/ws01_plumbing/install/cpp01_topic/share/cpp01_topic/cmake/cpp01_topicConfig-version.cmake\n'}
[20.830506] (cpp01_topic) StdoutLine: {'line': b'-- Up-to-date: /home/loser/ws01_plumbing/install/cpp01_topic/share/cpp01_topic/package.xml\n'}
[20.833800] (cpp01_topic) CommandEnded: {'returncode': 0}
[20.847094] (cpp01_topic) JobEnded: {'identifier': 'cpp01_topic', 'rc': 0}
[20.848152] (-) EventReactorShutdown: {}
