[0.000000] (-) TimerEvent: {}
[0.000214] (base_interfaces_demo) JobQueued: {'identifier': 'base_interfaces_demo', 'dependencies': OrderedDict()}
[0.000243] (cpp01_topic) JobQueued: {'identifier': 'cpp01_topic', 'dependencies': OrderedDict([('base_interfaces_demo', '/home/loser/ws01_plumbing/install/base_interfaces_demo')])}
[0.000261] (cpp02_service) JobQueued: {'identifier': 'cpp02_service', 'dependencies': OrderedDict([('base_interfaces_demo', '/home/loser/ws01_plumbing/install/base_interfaces_demo')])}
[0.000273] (py01_topic) JobQueued: {'identifier': 'py01_topic', 'dependencies': OrderedDict([('base_interfaces_demo', '/home/loser/ws01_plumbing/install/base_interfaces_demo')])}
[0.000283] (py02_service) JobQueued: {'identifier': 'py02_service', 'dependencies': OrderedDict([('base_interfaces_demo', '/home/loser/ws01_plumbing/install/base_interfaces_demo')])}
[0.000294] (base_interfaces_demo) JobStarted: {'identifier': 'base_interfaces_demo'}
[0.007869] (base_interfaces_demo) JobProgress: {'identifier': 'base_interfaces_demo', 'progress': 'cmake'}
[0.008483] (base_interfaces_demo) JobProgress: {'identifier': 'base_interfaces_demo', 'progress': 'build'}
[0.009091] (base_interfaces_demo) Command: {'cmd': ['/usr/bin/cmake', '--build', '/home/loser/ws01_plumbing/build/base_interfaces_demo', '--', '-j4', '-l4'], 'cwd': '/home/loser/ws01_plumbing/build/base_interfaces_demo', 'env': OrderedDict([('GJS_DEBUG_TOPICS', 'JS ERROR;JS LOG'), ('PYTHON_BASIC_REPL', '1'), ('LESSOPEN', '| /usr/bin/lesspipe %s'), ('LANGUAGE', 'zh_CN:en'), ('USER', 'loser'), ('LC_TIME', 'zh_CN.UTF-8'), ('XDG_SESSION_TYPE', 'wayland'), ('SHLVL', '1'), ('LD_LIBRARY_PATH', '/home/loser/ws01_plumbing/install/base_interfaces_demo/lib:/usr/lib/x86_64-linux-gnu/gazebo-11/plugins:/opt/ros/humble/opt/rviz_ogre_vendor/lib:/opt/ros/humble/lib/x86_64-linux-gnu:/opt/ros/humble/lib'), ('HOME', '/home/loser'), ('CHROME_DESKTOP', 'code.desktop'), ('TERM_PROGRAM_VERSION', '1.121.0'), ('DESKTOP_SESSION', 'ubuntu'), ('GIO_LAUNCHED_DESKTOP_FILE', '/usr/share/applications/code.desktop'), ('ROS_PYTHON_VERSION', '3'), ('GNOME_SHELL_SESSION_MODE', 'ubuntu'), ('GTK_MODULES', 'gail:atk-bridge'), ('LC_MONETARY', 'zh_CN.UTF-8'), ('MANAGERPID', '1453'), ('SYSTEMD_EXEC_PID', '1615'), ('IM_CONFIG_CHECK_ENV', '1'), ('VSCODE_PYTHON_AUTOACTIVATE_GUARD', '1'), ('DBUS_SESSION_BUS_ADDRESS', 'unix:path=/run/user/1000/bus'), ('COLORTERM', 'truecolor'), ('GIO_LAUNCHED_DESKTOP_FILE_PID', '17729'), ('IM_CONFIG_PHASE', '1'), ('WAYLAND_DISPLAY', 'wayland-0'), ('COLCON_PREFIX_PATH', '/home/loser/ws01_plumbing/install'), ('ROS_DISTRO', 'humble'), ('GTK_IM_MODULE', 'fcitx'), ('LOGNAME', 'loser'), ('JOURNAL_STREAM', '8:20518'), ('_', '/usr/bin/colcon'), ('ROS_VERSION', '2'), ('XDG_SESSION_CLASS', 'user'), ('USERNAME', 'loser'), ('TERM', 'xterm-256color'), ('GNOME_DESKTOP_SESSION_ID', 'this-is-deprecated'), ('FC_FONTATIONS', '1'), ('ROS_LOCALHOST_ONLY', '0'), ('PATH', '/home/loser/.config/Code/User/globalStorage/github.copilot-chat/debugCommand:/home/loser/.config/Code/User/globalStorage/github.copilot-chat/copilotCli:/opt/ros/humble/bin:/usr/local/sbin:/usr/local/bin:/usr/sbin:/usr/bin:/sbin:/bin:/usr/games:/usr/local/games:/snap/bin:/snap/bin'), ('SESSION_MANAGER', 'local/loser-vm:@/tmp/.ICE-unix/1583,unix/loser-vm:/tmp/.ICE-unix/1583'), ('INVOCATION_ID', '3049aaef72ab45bda2c45e7e91538e54'), ('PAPERSIZE', 'a4'), ('XDG_MENU_PREFIX', 'gnome-'), ('LC_ADDRESS', 'zh_CN.UTF-8'), ('GNOME_SETUP_DISPLAY', ':1'), ('XDG_RUNTIME_DIR', '/run/user/1000'), ('GDK_BACKEND', 'wayland'), ('DISPLAY', ':0'), ('LANG', 'zh_CN.UTF-8'), ('XDG_CURRENT_DESKTOP', 'ubuntu:GNOME'), ('PYTHONSTARTUP', '/home/loser/.config/Code/User/workspaceStorage/8648397a620a1c47015fb5f0b3e3803b/ms-python.python/pythonrc.py'), ('LC_TELEPHONE', 'zh_CN.UTF-8'), ('XMODIFIERS', '@im=fcitx'), ('XDG_SESSION_DESKTOP', 'ubuntu'), ('XAUTHORITY', '/run/user/1000/.mutter-Xwaylandauth.3PQSP3'), ('LS_COLORS', 'rs=0:di=01;34:ln=01;36:mh=00:pi=40;33:so=01;35:do=01;35:bd=40;33;01:cd=40;33;01:or=40;31;01:mi=00:su=37;41:sg=30;43:ca=30;41:tw=30;42:ow=34;42:st=37;44:ex=01;32:*.tar=01;31:*.tgz=01;31:*.arc=01;31:*.arj=01;31:*.taz=01;31:*.lha=01;31:*.lz4=01;31:*.lzh=01;31:*.lzma=01;31:*.tlz=01;31:*.txz=01;31:*.tzo=01;31:*.t7z=01;31:*.zip=01;31:*.z=01;31:*.dz=01;31:*.gz=01;31:*.lrz=01;31:*.lz=01;31:*.lzo=01;31:*.xz=01;31:*.zst=01;31:*.tzst=01;31:*.bz2=01;31:*.bz=01;31:*.tbz=01;31:*.tbz2=01;31:*.tz=01;31:*.deb=01;31:*.rpm=01;31:*.jar=01;31:*.war=01;31:*.ear=01;31:*.sar=01;31:*.rar=01;31:*.alz=01;31:*.ace=01;31:*.zoo=01;31:*.cpio=01;31:*.7z=01;31:*.rz=01;31:*.cab=01;31:*.wim=01;31:*.swm=01;31:*.dwm=01;31:*.esd=01;31:*.jpg=01;35:*.jpeg=01;35:*.mjpg=01;35:*.mjpeg=01;35:*.gif=01;35:*.bmp=01;35:*.pbm=01;35:*.pgm=01;35:*.ppm=01;35:*.tga=01;35:*.xbm=01;35:*.xpm=01;35:*.tif=01;35:*.tiff=01;35:*.png=01;35:*.svg=01;35:*.svgz=01;35:*.mng=01;35:*.pcx=01;35:*.mov=01;35:*.mpg=01;35:*.mpeg=01;35:*.m2v=01;35:*.mkv=01;35:*.webm=01;35:*.webp=01;35:*.ogm=01;35:*.mp4=01;35:*.m4v=01;35:*.mp4v=01;35:*.vob=01;35:*.qt=01;35:*.nuv=01;35:*.wmv=01;35:*.asf=01;35:*.rm=01;35:*.rmvb=01;35:*.flc=01;35:*.avi=01;35:*.fli=01;35:*.flv=01;35:*.gl=01;35:*.dl=01;35:*.xcf=01;35:*.xwd=01;35:*.yuv=01;35:*.cgm=01;35:*.emf=01;35:*.ogv=01;35:*.ogx=01;35:*.aac=00;36:*.au=00;36:*.flac=00;36:*.m4a=00;36:*.mid=00;36:*.midi=00;36:*.mka=00;36:*.mp3=00;36:*.mpc=00;36:*.ogg=00;36:*.ra=00;36:*.wav=00;36:*.oga=00;36:*.opus=00;36:*.spx=00;36:*.xspf=00;36:'), ('TERM_PROGRAM', 'vscode'), ('SSH_AGENT_LAUNCHER', 'gnome-keyring'), ('SSH_AUTH_SOCK', '/run/user/1000/keyring/ssh'), ('AMENT_PREFIX_PATH', '/home/loser/ws01_plumbing/install/py02_service:/home/loser/ws01_plumbing/install/py01_topic:/home/loser/ws01_plumbing/install/cpp02_service:/home/loser/ws01_plumbing/install/cpp01_topic:/home/loser/ws01_plumbing/install/base_interfaces_demo:/opt/ros/humble'), ('SHELL', '/bin/bash'), ('LC_NAME', 'zh_CN.UTF-8'), ('QT_ACCESSIBILITY', '1'), ('GDMSESSION', 'ubuntu'), ('LESSCLOSE', '/usr/bin/lesspipe %s %s'), ('LC_MEASUREMENT', 'zh_CN.UTF-8'), ('GJS_DEBUG_OUTPUT', 'stderr'), ('LC_IDENTIFICATION', 'zh_CN.UTF-8'), ('QT_IM_MODULE', 'fcitx'), ('PWD', '/home/loser/ws01_plumbing/build/base_interfaces_demo'), ('XDG_CONFIG_DIRS', '/etc/xdg/xdg-ubuntu:/etc/xdg'), ('CLUTTER_IM_MODULE', 'xim'), ('XDG_DATA_DIRS', '/usr/share/ubuntu:/usr/local/share/:/usr/share/:/var/lib/snapd/desktop'), ('PYTHONPATH', '/home/loser/ws01_plumbing/install/py02_service/lib/python3.10/site-packages:/home/loser/ws01_plumbing/install/py01_topic/lib/python3.10/site-packages:/home/loser/ws01_plumbing/install/base_interfaces_demo/local/lib/python3.10/dist-packages:/opt/ros/humble/lib/python3.10/site-packages:/opt/ros/humble/local/lib/python3.10/dist-packages'), ('LC_NUMERIC', 'zh_CN.UTF-8'), ('LC_PAPER', 'zh_CN.UTF-8'), ('COLCON', '1'), ('CMAKE_PREFIX_PATH', '/home/loser/ws01_plumbing/install/cpp02_service:/home/loser/ws01_plumbing/install/cpp01_topic:/home/loser/ws01_plumbing/install/base_interfaces_demo:/home/loser/ws01_plumbing/install/py02_service:/home/loser/ws01_plumbing/install/py01_topic:/opt/ros/humble')]), 'shell': False}
[0.059068] (base_interfaces_demo) StdoutLine: {'line': b'[  2%] Built target base_interfaces_demo__cpp\n'}
[0.060986] (base_interfaces_demo) StdoutLine: {'line': b'[ 12%] Built target base_interfaces_demo__rosidl_generator_c\n'}
[0.066053] (base_interfaces_demo) StdoutLine: {'line': b'[ 15%] Built target base_interfaces_demo__rs\n'}
[0.069032] (base_interfaces_demo) StdoutLine: {'line': b'[ 15%] Built target ament_cmake_python_copy_base_interfaces_demo\n'}
[0.078024] (base_interfaces_demo) StdoutLine: {'line': b'[ 25%] Built target base_interfaces_demo__rosidl_typesupport_cpp\n'}
[0.080658] (base_interfaces_demo) StdoutLine: {'line': b'[ 35%] Built target base_interfaces_demo__rosidl_typesupport_fastrtps_cpp\n'}
[0.084241] (base_interfaces_demo) StdoutLine: {'line': b'[ 45%] Built target base_interfaces_demo__rosidl_typesupport_introspection_cpp\n'}
[0.090174] (base_interfaces_demo) StdoutLine: {'line': b'[ 55%] Built target base_interfaces_demo__rosidl_typesupport_c\n'}
[0.096813] (base_interfaces_demo) StdoutLine: {'line': b'[ 65%] Built target base_interfaces_demo__rosidl_typesupport_introspection_c\n'}
[0.100167] (-) TimerEvent: {}
[0.103293] (base_interfaces_demo) StdoutLine: {'line': b'[ 75%] Built target base_interfaces_demo__rosidl_typesupport_fastrtps_c\n'}
[0.144950] (base_interfaces_demo) StdoutLine: {'line': b'[ 75%] Built target base_interfaces_demo\n'}
[0.159822] (base_interfaces_demo) StdoutLine: {'line': b'[ 77%] Built target base_interfaces_demo__py\n'}
[0.177197] (base_interfaces_demo) StdoutLine: {'line': b'[ 85%] Built target base_interfaces_demo__rosidl_generator_py\n'}
[0.200201] (base_interfaces_demo) StdoutLine: {'line': b'[ 90%] Built target base_interfaces_demo__rosidl_typesupport_introspection_c__pyext\n'}
[0.200344] (-) TimerEvent: {}
[0.212656] (base_interfaces_demo) StdoutLine: {'line': b'[ 95%] Built target base_interfaces_demo__rosidl_typesupport_fastrtps_c__pyext\n'}
[0.213275] (base_interfaces_demo) StdoutLine: {'line': b'[100%] Built target base_interfaces_demo__rosidl_typesupport_c__pyext\n'}
[0.229000] (base_interfaces_demo) StdoutLine: {'line': b'running egg_info\n'}
[0.229586] (base_interfaces_demo) StdoutLine: {'line': b'writing base_interfaces_demo.egg-info/PKG-INFO\n'}
[0.229649] (base_interfaces_demo) StdoutLine: {'line': b'writing dependency_links to base_interfaces_demo.egg-info/dependency_links.txt\n'}
[0.229978] (base_interfaces_demo) StdoutLine: {'line': b'writing top-level names to base_interfaces_demo.egg-info/top_level.txt\n'}
[0.231264] (base_interfaces_demo) StdoutLine: {'line': b"reading manifest file 'base_interfaces_demo.egg-info/SOURCES.txt'\n"}
[0.231527] (base_interfaces_demo) StdoutLine: {'line': b"writing manifest file 'base_interfaces_demo.egg-info/SOURCES.txt'\n"}
[0.250978] (base_interfaces_demo) StdoutLine: {'line': b'[100%] Built target ament_cmake_python_build_base_interfaces_demo_egg\n'}
[0.260873] (base_interfaces_demo) CommandEnded: {'returncode': 0}
[0.261723] (base_interfaces_demo) JobProgress: {'identifier': 'base_interfaces_demo', 'progress': 'install'}
[0.267816] (base_interfaces_demo) Command: {'cmd': ['/usr/bin/cmake', '--install', '/home/loser/ws01_plumbing/build/base_interfaces_demo'], 'cwd': '/home/loser/ws01_plumbing/build/base_interfaces_demo', 'env': OrderedDict([('GJS_DEBUG_TOPICS', 'JS ERROR;JS LOG'), ('PYTHON_BASIC_REPL', '1'), ('LESSOPEN', '| /usr/bin/lesspipe %s'), ('LANGUAGE', 'zh_CN:en'), ('USER', 'loser'), ('LC_TIME', 'zh_CN.UTF-8'), ('XDG_SESSION_TYPE', 'wayland'), ('SHLVL', '1'), ('LD_LIBRARY_PATH', '/home/loser/ws01_plumbing/install/base_interfaces_demo/lib:/usr/lib/x86_64-linux-gnu/gazebo-11/plugins:/opt/ros/humble/opt/rviz_ogre_vendor/lib:/opt/ros/humble/lib/x86_64-linux-gnu:/opt/ros/humble/lib'), ('HOME', '/home/loser'), ('CHROME_DESKTOP', 'code.desktop'), ('TERM_PROGRAM_VERSION', '1.121.0'), ('DESKTOP_SESSION', 'ubuntu'), ('GIO_LAUNCHED_DESKTOP_FILE', '/usr/share/applications/code.desktop'), ('ROS_PYTHON_VERSION', '3'), ('GNOME_SHELL_SESSION_MODE', 'ubuntu'), ('GTK_MODULES', 'gail:atk-bridge'), ('LC_MONETARY', 'zh_CN.UTF-8'), ('MANAGERPID', '1453'), ('SYSTEMD_EXEC_PID', '1615'), ('IM_CONFIG_CHECK_ENV', '1'), ('VSCODE_PYTHON_AUTOACTIVATE_GUARD', '1'), ('DBUS_SESSION_BUS_ADDRESS', 'unix:path=/run/user/1000/bus'), ('COLORTERM', 'truecolor'), ('GIO_LAUNCHED_DESKTOP_FILE_PID', '17729'), ('IM_CONFIG_PHASE', '1'), ('WAYLAND_DISPLAY', 'wayland-0'), ('COLCON_PREFIX_PATH', '/home/loser/ws01_plumbing/install'), ('ROS_DISTRO', 'humble'), ('GTK_IM_MODULE', 'fcitx'), ('LOGNAME', 'loser'), ('JOURNAL_STREAM', '8:20518'), ('_', '/usr/bin/colcon'), ('ROS_VERSION', '2'), ('XDG_SESSION_CLASS', 'user'), ('USERNAME', 'loser'), ('TERM', 'xterm-256color'), ('GNOME_DESKTOP_SESSION_ID', 'this-is-deprecated'), ('FC_FONTATIONS', '1'), ('ROS_LOCALHOST_ONLY', '0'), ('PATH', '/home/loser/.config/Code/User/globalStorage/github.copilot-chat/debugCommand:/home/loser/.config/Code/User/globalStorage/github.copilot-chat/copilotCli:/opt/ros/humble/bin:/usr/local/sbin:/usr/local/bin:/usr/sbin:/usr/bin:/sbin:/bin:/usr/games:/usr/local/games:/snap/bin:/snap/bin'), ('SESSION_MANAGER', 'local/loser-vm:@/tmp/.ICE-unix/1583,unix/loser-vm:/tmp/.ICE-unix/1583'), ('INVOCATION_ID', '3049aaef72ab45bda2c45e7e91538e54'), ('PAPERSIZE', 'a4'), ('XDG_MENU_PREFIX', 'gnome-'), ('LC_ADDRESS', 'zh_CN.UTF-8'), ('GNOME_SETUP_DISPLAY', ':1'), ('XDG_RUNTIME_DIR', '/run/user/1000'), ('GDK_BACKEND', 'wayland'), ('DISPLAY', ':0'), ('LANG', 'zh_CN.UTF-8'), ('XDG_CURRENT_DESKTOP', 'ubuntu:GNOME'), ('PYTHONSTARTUP', '/home/loser/.config/Code/User/workspaceStorage/8648397a620a1c47015fb5f0b3e3803b/ms-python.python/pythonrc.py'), ('LC_TELEPHONE', 'zh_CN.UTF-8'), ('XMODIFIERS', '@im=fcitx'), ('XDG_SESSION_DESKTOP', 'ubuntu'), ('XAUTHORITY', '/run/user/1000/.mutter-Xwaylandauth.3PQSP3'), ('LS_COLORS', 'rs=0:di=01;34:ln=01;36:mh=00:pi=40;33:so=01;35:do=01;35:bd=40;33;01:cd=40;33;01:or=40;31;01:mi=00:su=37;41:sg=30;43:ca=30;41:tw=30;42:ow=34;42:st=37;44:ex=01;32:*.tar=01;31:*.tgz=01;31:*.arc=01;31:*.arj=01;31:*.taz=01;31:*.lha=01;31:*.lz4=01;31:*.lzh=01;31:*.lzma=01;31:*.tlz=01;31:*.txz=01;31:*.tzo=01;31:*.t7z=01;31:*.zip=01;31:*.z=01;31:*.dz=01;31:*.gz=01;31:*.lrz=01;31:*.lz=01;31:*.lzo=01;31:*.xz=01;31:*.zst=01;31:*.tzst=01;31:*.bz2=01;31:*.bz=01;31:*.tbz=01;31:*.tbz2=01;31:*.tz=01;31:*.deb=01;31:*.rpm=01;31:*.jar=01;31:*.war=01;31:*.ear=01;31:*.sar=01;31:*.rar=01;31:*.alz=01;31:*.ace=01;31:*.zoo=01;31:*.cpio=01;31:*.7z=01;31:*.rz=01;31:*.cab=01;31:*.wim=01;31:*.swm=01;31:*.dwm=01;31:*.esd=01;31:*.jpg=01;35:*.jpeg=01;35:*.mjpg=01;35:*.mjpeg=01;35:*.gif=01;35:*.bmp=01;35:*.pbm=01;35:*.pgm=01;35:*.ppm=01;35:*.tga=01;35:*.xbm=01;35:*.xpm=01;35:*.tif=01;35:*.tiff=01;35:*.png=01;35:*.svg=01;35:*.svgz=01;35:*.mng=01;35:*.pcx=01;35:*.mov=01;35:*.mpg=01;35:*.mpeg=01;35:*.m2v=01;35:*.mkv=01;35:*.webm=01;35:*.webp=01;35:*.ogm=01;35:*.mp4=01;35:*.m4v=01;35:*.mp4v=01;35:*.vob=01;35:*.qt=01;35:*.nuv=01;35:*.wmv=01;35:*.asf=01;35:*.rm=01;35:*.rmvb=01;35:*.flc=01;35:*.avi=01;35:*.fli=01;35:*.flv=01;35:*.gl=01;35:*.dl=01;35:*.xcf=01;35:*.xwd=01;35:*.yuv=01;35:*.cgm=01;35:*.emf=01;35:*.ogv=01;35:*.ogx=01;35:*.aac=00;36:*.au=00;36:*.flac=00;36:*.m4a=00;36:*.mid=00;36:*.midi=00;36:*.mka=00;36:*.mp3=00;36:*.mpc=00;36:*.ogg=00;36:*.ra=00;36:*.wav=00;36:*.oga=00;36:*.opus=00;36:*.spx=00;36:*.xspf=00;36:'), ('TERM_PROGRAM', 'vscode'), ('SSH_AGENT_LAUNCHER', 'gnome-keyring'), ('SSH_AUTH_SOCK', '/run/user/1000/keyring/ssh'), ('AMENT_PREFIX_PATH', '/home/loser/ws01_plumbing/install/py02_service:/home/loser/ws01_plumbing/install/py01_topic:/home/loser/ws01_plumbing/install/cpp02_service:/home/loser/ws01_plumbing/install/cpp01_topic:/home/loser/ws01_plumbing/install/base_interfaces_demo:/opt/ros/humble'), ('SHELL', '/bin/bash'), ('LC_NAME', 'zh_CN.UTF-8'), ('QT_ACCESSIBILITY', '1'), ('GDMSESSION', 'ubuntu'), ('LESSCLOSE', '/usr/bin/lesspipe %s %s'), ('LC_MEASUREMENT', 'zh_CN.UTF-8'), ('GJS_DEBUG_OUTPUT', 'stderr'), ('LC_IDENTIFICATION', 'zh_CN.UTF-8'), ('QT_IM_MODULE', 'fcitx'), ('PWD', '/home/loser/ws01_plumbing/build/base_interfaces_demo'), ('XDG_CONFIG_DIRS', '/etc/xdg/xdg-ubuntu:/etc/xdg'), ('CLUTTER_IM_MODULE', 'xim'), ('XDG_DATA_DIRS', '/usr/share/ubuntu:/usr/local/share/:/usr/share/:/var/lib/snapd/desktop'), ('PYTHONPATH', '/home/loser/ws01_plumbing/install/py02_service/lib/python3.10/site-packages:/home/loser/ws01_plumbing/install/py01_topic/lib/python3.10/site-packages:/home/loser/ws01_plumbing/install/base_interfaces_demo/local/lib/python3.10/dist-packages:/opt/ros/humble/lib/python3.10/site-packages:/opt/ros/humble/local/lib/python3.10/dist-packages'), ('LC_NUMERIC', 'zh_CN.UTF-8'), ('LC_PAPER', 'zh_CN.UTF-8'), ('COLCON', '1'), ('CMAKE_PREFIX_PATH', '/home/loser/ws01_plumbing/install/cpp02_service:/home/loser/ws01_plumbing/install/cpp01_topic:/home/loser/ws01_plumbing/install/base_interfaces_demo:/home/loser/ws01_plumbing/install/py02_service:/home/loser/ws01_plumbing/install/py01_topic:/opt/ros/humble')]), 'shell': False}
[0.274189] (base_interfaces_demo) StdoutLine: {'line': b'-- Install configuration: ""\n'}
[0.274371] (base_interfaces_demo) StdoutLine: {'line': b'-- Up-to-date: /home/loser/ws01_plumbing/install/base_interfaces_demo/share/ament_index/resource_index/rosidl_interfaces/base_interfaces_demo\n'}
[0.274409] (base_interfaces_demo) StdoutLine: {'line': b'-- Up-to-date: /home/loser/ws01_plumbing/install/base_interfaces_demo/include/base_interfaces_demo/base_interfaces_demo\n'}
[0.274435] (base_interfaces_demo) StdoutLine: {'line': b'-- Up-to-date: /home/loser/ws01_plumbing/install/base_interfaces_demo/include/base_interfaces_demo/base_interfaces_demo/msg\n'}
[0.274846] (base_interfaces_demo) StdoutLine: {'line': b'-- Up-to-date: /home/loser/ws01_plumbing/install/base_interfaces_demo/include/base_interfaces_demo/base_interfaces_demo/msg/detail\n'}
[0.274994] (base_interfaces_demo) StdoutLine: {'line': b'-- Up-to-date: /home/loser/ws01_plumbing/install/base_interfaces_demo/include/base_interfaces_demo/base_interfaces_demo/msg/detail/student__struct.h\n'}
[0.275049] (base_interfaces_demo) StdoutLine: {'line': b'-- Up-to-date: /home/loser/ws01_plumbing/install/base_interfaces_demo/include/base_interfaces_demo/base_interfaces_demo/msg/detail/student__functions.h\n'}
[0.275075] (base_interfaces_demo) StdoutLine: {'line': b'-- Up-to-date: /home/loser/ws01_plumbing/install/base_interfaces_demo/include/base_interfaces_demo/base_interfaces_demo/msg/detail/student__functions.c\n'}
[0.275388] (base_interfaces_demo) StdoutLine: {'line': b'-- Up-to-date: /home/loser/ws01_plumbing/install/base_interfaces_demo/include/base_interfaces_demo/base_interfaces_demo/msg/detail/student__type_support.h\n'}
[0.275423] (base_interfaces_demo) StdoutLine: {'line': b'-- Up-to-date: /home/loser/ws01_plumbing/install/base_interfaces_demo/include/base_interfaces_demo/base_interfaces_demo/msg/rosidl_generator_c__visibility_control.h\n'}
[0.275447] (base_interfaces_demo) StdoutLine: {'line': b'-- Up-to-date: /home/loser/ws01_plumbing/install/base_interfaces_demo/include/base_interfaces_demo/base_interfaces_demo/msg/student.h\n'}
[0.275620] (base_interfaces_demo) StdoutLine: {'line': b'-- Up-to-date: /home/loser/ws01_plumbing/install/base_interfaces_demo/include/base_interfaces_demo/base_interfaces_demo/srv\n'}
[0.275654] (base_interfaces_demo) StdoutLine: {'line': b'-- Up-to-date: /home/loser/ws01_plumbing/install/base_interfaces_demo/include/base_interfaces_demo/base_interfaces_demo/srv/detail\n'}
[0.275680] (base_interfaces_demo) StdoutLine: {'line': b'-- Up-to-date: /home/loser/ws01_plumbing/install/base_interfaces_demo/include/base_interfaces_demo/base_interfaces_demo/srv/detail/addints__functions.c\n'}
[0.276035] (base_interfaces_demo) StdoutLine: {'line': b'-- Up-to-date: /home/loser/ws01_plumbing/install/base_interfaces_demo/include/base_interfaces_demo/base_interfaces_demo/srv/detail/addints__type_support.h\n'}
[0.276068] (base_interfaces_demo) StdoutLine: {'line': b'-- Up-to-date: /home/loser/ws01_plumbing/install/base_interfaces_demo/include/base_interfaces_demo/base_interfaces_demo/srv/detail/addints__struct.h\n'}
[0.276089] (base_interfaces_demo) StdoutLine: {'line': b'-- Up-to-date: /home/loser/ws01_plumbing/install/base_interfaces_demo/include/base_interfaces_demo/base_interfaces_demo/srv/detail/addints__functions.h\n'}
[0.276125] (base_interfaces_demo) StdoutLine: {'line': b'-- Up-to-date: /home/loser/ws01_plumbing/install/base_interfaces_demo/include/base_interfaces_demo/base_interfaces_demo/srv/addints.h\n'}
[0.276146] (base_interfaces_demo) StdoutLine: {'line': b'-- Up-to-date: /home/loser/ws01_plumbing/install/base_interfaces_demo/share/base_interfaces_demo/environment/library_path.sh\n'}
[0.276198] (base_interfaces_demo) StdoutLine: {'line': b'-- Up-to-date: /home/loser/ws01_plumbing/install/base_interfaces_demo/share/base_interfaces_demo/environment/library_path.dsv\n'}
[0.276242] (base_interfaces_demo) StdoutLine: {'line': b'-- Up-to-date: /home/loser/ws01_plumbing/install/base_interfaces_demo/lib/libbase_interfaces_demo__rosidl_generator_c.so\n'}
[0.276269] (base_interfaces_demo) StdoutLine: {'line': b'-- Up-to-date: /home/loser/ws01_plumbing/install/base_interfaces_demo/include/base_interfaces_demo/base_interfaces_demo\n'}
[0.276289] (base_interfaces_demo) StdoutLine: {'line': b'-- Up-to-date: /home/loser/ws01_plumbing/install/base_interfaces_demo/include/base_interfaces_demo/base_interfaces_demo/msg\n'}
[0.276505] (base_interfaces_demo) StdoutLine: {'line': b'-- Up-to-date: /home/loser/ws01_plumbing/install/base_interfaces_demo/include/base_interfaces_demo/base_interfaces_demo/msg/detail\n'}
[0.276527] (base_interfaces_demo) StdoutLine: {'line': b'-- Up-to-date: /home/loser/ws01_plumbing/install/base_interfaces_demo/include/base_interfaces_demo/base_interfaces_demo/msg/detail/student__rosidl_typesupport_fastrtps_c.h\n'}
[0.276549] (base_interfaces_demo) StdoutLine: {'line': b'-- Up-to-date: /home/loser/ws01_plumbing/install/base_interfaces_demo/include/base_interfaces_demo/base_interfaces_demo/msg/rosidl_typesupport_fastrtps_c__visibility_control.h\n'}
[0.276569] (base_interfaces_demo) StdoutLine: {'line': b'-- Up-to-date: /home/loser/ws01_plumbing/install/base_interfaces_demo/include/base_interfaces_demo/base_interfaces_demo/srv\n'}
[0.276589] (base_interfaces_demo) StdoutLine: {'line': b'-- Up-to-date: /home/loser/ws01_plumbing/install/base_interfaces_demo/include/base_interfaces_demo/base_interfaces_demo/srv/detail\n'}
[0.276660] (base_interfaces_demo) StdoutLine: {'line': b'-- Up-to-date: /home/loser/ws01_plumbing/install/base_interfaces_demo/include/base_interfaces_demo/base_interfaces_demo/srv/detail/addints__rosidl_typesupport_fastrtps_c.h\n'}
[0.277363] (base_interfaces_demo) StdoutLine: {'line': b'-- Up-to-date: /home/loser/ws01_plumbing/install/base_interfaces_demo/lib/libbase_interfaces_demo__rosidl_typesupport_fastrtps_c.so\n'}
[0.277412] (base_interfaces_demo) StdoutLine: {'line': b'-- Up-to-date: /home/loser/ws01_plumbing/install/base_interfaces_demo/include/base_interfaces_demo/base_interfaces_demo\n'}
[0.277441] (base_interfaces_demo) StdoutLine: {'line': b'-- Up-to-date: /home/loser/ws01_plumbing/install/base_interfaces_demo/include/base_interfaces_demo/base_interfaces_demo/msg\n'}
[0.277504] (base_interfaces_demo) StdoutLine: {'line': b'-- Up-to-date: /home/loser/ws01_plumbing/install/base_interfaces_demo/include/base_interfaces_demo/base_interfaces_demo/msg/detail\n'}
[0.277527] (base_interfaces_demo) StdoutLine: {'line': b'-- Up-to-date: /home/loser/ws01_plumbing/install/base_interfaces_demo/include/base_interfaces_demo/base_interfaces_demo/msg/detail/student__type_support.c\n'}
[0.277548] (base_interfaces_demo) StdoutLine: {'line': b'-- Up-to-date: /home/loser/ws01_plumbing/install/base_interfaces_demo/include/base_interfaces_demo/base_interfaces_demo/msg/detail/student__rosidl_typesupport_introspection_c.h\n'}
[0.277567] (base_interfaces_demo) StdoutLine: {'line': b'-- Up-to-date: /home/loser/ws01_plumbing/install/base_interfaces_demo/include/base_interfaces_demo/base_interfaces_demo/msg/rosidl_typesupport_introspection_c__visibility_control.h\n'}
[0.277585] (base_interfaces_demo) StdoutLine: {'line': b'-- Up-to-date: /home/loser/ws01_plumbing/install/base_interfaces_demo/include/base_interfaces_demo/base_interfaces_demo/srv\n'}
[0.277603] (base_interfaces_demo) StdoutLine: {'line': b'-- Up-to-date: /home/loser/ws01_plumbing/install/base_interfaces_demo/include/base_interfaces_demo/base_interfaces_demo/srv/detail\n'}
[0.277626] (base_interfaces_demo) StdoutLine: {'line': b'-- Up-to-date: /home/loser/ws01_plumbing/install/base_interfaces_demo/include/base_interfaces_demo/base_interfaces_demo/srv/detail/addints__type_support.c\n'}
[0.277645] (base_interfaces_demo) StdoutLine: {'line': b'-- Up-to-date: /home/loser/ws01_plumbing/install/base_interfaces_demo/include/base_interfaces_demo/base_interfaces_demo/srv/detail/addints__rosidl_typesupport_introspection_c.h\n'}
[0.277663] (base_interfaces_demo) StdoutLine: {'line': b'-- Up-to-date: /home/loser/ws01_plumbing/install/base_interfaces_demo/lib/libbase_interfaces_demo__rosidl_typesupport_introspection_c.so\n'}
[0.277681] (base_interfaces_demo) StdoutLine: {'line': b'-- Up-to-date: /home/loser/ws01_plumbing/install/base_interfaces_demo/lib/libbase_interfaces_demo__rosidl_typesupport_c.so\n'}
[0.277699] (base_interfaces_demo) StdoutLine: {'line': b'-- Up-to-date: /home/loser/ws01_plumbing/install/base_interfaces_demo/include/base_interfaces_demo/base_interfaces_demo\n'}
[0.277719] (base_interfaces_demo) StdoutLine: {'line': b'-- Up-to-date: /home/loser/ws01_plumbing/install/base_interfaces_demo/include/base_interfaces_demo/base_interfaces_demo/msg\n'}
[0.277737] (base_interfaces_demo) StdoutLine: {'line': b'-- Up-to-date: /home/loser/ws01_plumbing/install/base_interfaces_demo/include/base_interfaces_demo/base_interfaces_demo/msg/detail\n'}
[0.277754] (base_interfaces_demo) StdoutLine: {'line': b'-- Up-to-date: /home/loser/ws01_plumbing/install/base_interfaces_demo/include/base_interfaces_demo/base_interfaces_demo/msg/detail/student__traits.hpp\n'}
[0.277772] (base_interfaces_demo) StdoutLine: {'line': b'-- Up-to-date: /home/loser/ws01_plumbing/install/base_interfaces_demo/include/base_interfaces_demo/base_interfaces_demo/msg/detail/student__builder.hpp\n'}
[0.277789] (base_interfaces_demo) StdoutLine: {'line': b'-- Up-to-date: /home/loser/ws01_plumbing/install/base_interfaces_demo/include/base_interfaces_demo/base_interfaces_demo/msg/detail/student__type_support.hpp\n'}
[0.277808] (base_interfaces_demo) StdoutLine: {'line': b'-- Up-to-date: /home/loser/ws01_plumbing/install/base_interfaces_demo/include/base_interfaces_demo/base_interfaces_demo/msg/detail/student__struct.hpp\n'}
[0.277831] (base_interfaces_demo) StdoutLine: {'line': b'-- Up-to-date: /home/loser/ws01_plumbing/install/base_interfaces_demo/include/base_interfaces_demo/base_interfaces_demo/msg/rosidl_generator_cpp__visibility_control.hpp\n'}
[0.277849] (base_interfaces_demo) StdoutLine: {'line': b'-- Up-to-date: /home/loser/ws01_plumbing/install/base_interfaces_demo/include/base_interfaces_demo/base_interfaces_demo/msg/student.hpp\n'}
[0.277866] (base_interfaces_demo) StdoutLine: {'line': b'-- Up-to-date: /home/loser/ws01_plumbing/install/base_interfaces_demo/include/base_interfaces_demo/base_interfaces_demo/srv\n'}
[0.277884] (base_interfaces_demo) StdoutLine: {'line': b'-- Up-to-date: /home/loser/ws01_plumbing/install/base_interfaces_demo/include/base_interfaces_demo/base_interfaces_demo/srv/detail\n'}
[0.277901] (base_interfaces_demo) StdoutLine: {'line': b'-- Up-to-date: /home/loser/ws01_plumbing/install/base_interfaces_demo/include/base_interfaces_demo/base_interfaces_demo/srv/detail/addints__builder.hpp\n'}
[0.277917] (base_interfaces_demo) StdoutLine: {'line': b'-- Up-to-date: /home/loser/ws01_plumbing/install/base_interfaces_demo/include/base_interfaces_demo/base_interfaces_demo/srv/detail/addints__traits.hpp\n'}
[0.277934] (base_interfaces_demo) StdoutLine: {'line': b'-- Up-to-date: /home/loser/ws01_plumbing/install/base_interfaces_demo/include/base_interfaces_demo/base_interfaces_demo/srv/detail/addints__type_support.hpp\n'}
[0.277951] (base_interfaces_demo) StdoutLine: {'line': b'-- Up-to-date: /home/loser/ws01_plumbing/install/base_interfaces_demo/include/base_interfaces_demo/base_interfaces_demo/srv/detail/addints__struct.hpp\n'}
[0.277968] (base_interfaces_demo) StdoutLine: {'line': b'-- Up-to-date: /home/loser/ws01_plumbing/install/base_interfaces_demo/include/base_interfaces_demo/base_interfaces_demo/srv/addints.hpp\n'}
[0.277985] (base_interfaces_demo) StdoutLine: {'line': b'-- Up-to-date: /home/loser/ws01_plumbing/install/base_interfaces_demo/include/base_interfaces_demo/base_interfaces_demo\n'}
[0.278002] (base_interfaces_demo) StdoutLine: {'line': b'-- Up-to-date: /home/loser/ws01_plumbing/install/base_interfaces_demo/include/base_interfaces_demo/base_interfaces_demo/msg\n'}
[0.278019] (base_interfaces_demo) StdoutLine: {'line': b'-- Up-to-date: /home/loser/ws01_plumbing/install/base_interfaces_demo/include/base_interfaces_demo/base_interfaces_demo/msg/detail\n'}
[0.278037] (base_interfaces_demo) StdoutLine: {'line': b'-- Up-to-date: /home/loser/ws01_plumbing/install/base_interfaces_demo/include/base_interfaces_demo/base_interfaces_demo/msg/detail/student__rosidl_typesupport_fastrtps_cpp.hpp\n'}
[0.278054] (base_interfaces_demo) StdoutLine: {'line': b'-- Up-to-date: /home/loser/ws01_plumbing/install/base_interfaces_demo/include/base_interfaces_demo/base_interfaces_demo/msg/detail/dds_fastrtps\n'}
[0.278072] (base_interfaces_demo) StdoutLine: {'line': b'-- Up-to-date: /home/loser/ws01_plumbing/install/base_interfaces_demo/include/base_interfaces_demo/base_interfaces_demo/msg/rosidl_typesupport_fastrtps_cpp__visibility_control.h\n'}
[0.278089] (base_interfaces_demo) StdoutLine: {'line': b'-- Up-to-date: /home/loser/ws01_plumbing/install/base_interfaces_demo/include/base_interfaces_demo/base_interfaces_demo/srv\n'}
[0.278117] (base_interfaces_demo) StdoutLine: {'line': b'-- Up-to-date: /home/loser/ws01_plumbing/install/base_interfaces_demo/include/base_interfaces_demo/base_interfaces_demo/srv/detail\n'}
[0.278135] (base_interfaces_demo) StdoutLine: {'line': b'-- Up-to-date: /home/loser/ws01_plumbing/install/base_interfaces_demo/include/base_interfaces_demo/base_interfaces_demo/srv/detail/dds_fastrtps\n'}
[0.278152] (base_interfaces_demo) StdoutLine: {'line': b'-- Up-to-date: /home/loser/ws01_plumbing/install/base_interfaces_demo/include/base_interfaces_demo/base_interfaces_demo/srv/detail/addints__rosidl_typesupport_fastrtps_cpp.hpp\n'}
[0.278170] (base_interfaces_demo) StdoutLine: {'line': b'-- Up-to-date: /home/loser/ws01_plumbing/install/base_interfaces_demo/lib/libbase_interfaces_demo__rosidl_typesupport_fastrtps_cpp.so\n'}
[0.278189] (base_interfaces_demo) StdoutLine: {'line': b'-- Up-to-date: /home/loser/ws01_plumbing/install/base_interfaces_demo/include/base_interfaces_demo/base_interfaces_demo\n'}
[0.278207] (base_interfaces_demo) StdoutLine: {'line': b'-- Up-to-date: /home/loser/ws01_plumbing/install/base_interfaces_demo/include/base_interfaces_demo/base_interfaces_demo/msg\n'}
[0.278224] (base_interfaces_demo) StdoutLine: {'line': b'-- Up-to-date: /home/loser/ws01_plumbing/install/base_interfaces_demo/include/base_interfaces_demo/base_interfaces_demo/msg/detail\n'}
[0.278242] (base_interfaces_demo) StdoutLine: {'line': b'-- Up-to-date: /home/loser/ws01_plumbing/install/base_interfaces_demo/include/base_interfaces_demo/base_interfaces_demo/msg/detail/student__type_support.cpp\n'}
[0.278259] (base_interfaces_demo) StdoutLine: {'line': b'-- Up-to-date: /home/loser/ws01_plumbing/install/base_interfaces_demo/include/base_interfaces_demo/base_interfaces_demo/msg/detail/student__rosidl_typesupport_introspection_cpp.hpp\n'}
[0.278276] (base_interfaces_demo) StdoutLine: {'line': b'-- Up-to-date: /home/loser/ws01_plumbing/install/base_interfaces_demo/include/base_interfaces_demo/base_interfaces_demo/srv\n'}
[0.278294] (base_interfaces_demo) StdoutLine: {'line': b'-- Up-to-date: /home/loser/ws01_plumbing/install/base_interfaces_demo/include/base_interfaces_demo/base_interfaces_demo/srv/detail\n'}
[0.278311] (base_interfaces_demo) StdoutLine: {'line': b'-- Up-to-date: /home/loser/ws01_plumbing/install/base_interfaces_demo/include/base_interfaces_demo/base_interfaces_demo/srv/detail/addints__rosidl_typesupport_introspection_cpp.hpp\n'}
[0.278331] (base_interfaces_demo) StdoutLine: {'line': b'-- Up-to-date: /home/loser/ws01_plumbing/install/base_interfaces_demo/include/base_interfaces_demo/base_interfaces_demo/srv/detail/addints__type_support.cpp\n'}
[0.278348] (base_interfaces_demo) StdoutLine: {'line': b'-- Up-to-date: /home/loser/ws01_plumbing/install/base_interfaces_demo/lib/libbase_interfaces_demo__rosidl_typesupport_introspection_cpp.so\n'}
[0.278365] (base_interfaces_demo) StdoutLine: {'line': b'-- Up-to-date: /home/loser/ws01_plumbing/install/base_interfaces_demo/lib/libbase_interfaces_demo__rosidl_typesupport_cpp.so\n'}
[0.278382] (base_interfaces_demo) StdoutLine: {'line': b'-- Up-to-date: /home/loser/ws01_plumbing/install/base_interfaces_demo/share/base_interfaces_demo/environment/pythonpath.sh\n'}
[0.278399] (base_interfaces_demo) StdoutLine: {'line': b'-- Up-to-date: /home/loser/ws01_plumbing/install/base_interfaces_demo/share/base_interfaces_demo/environment/pythonpath.dsv\n'}
[0.278416] (base_interfaces_demo) StdoutLine: {'line': b'-- Up-to-date: /home/loser/ws01_plumbing/install/base_interfaces_demo/local/lib/python3.10/dist-packages/base_interfaces_demo-0.0.0-py3.10.egg-info\n'}
[0.278435] (base_interfaces_demo) StdoutLine: {'line': b'-- Installing: /home/loser/ws01_plumbing/install/base_interfaces_demo/local/lib/python3.10/dist-packages/base_interfaces_demo-0.0.0-py3.10.egg-info/top_level.txt\n'}
[0.278479] (base_interfaces_demo) StdoutLine: {'line': b'-- Installing: /home/loser/ws01_plumbing/install/base_interfaces_demo/local/lib/python3.10/dist-packages/base_interfaces_demo-0.0.0-py3.10.egg-info/PKG-INFO\n'}
[0.278503] (base_interfaces_demo) StdoutLine: {'line': b'-- Installing: /home/loser/ws01_plumbing/install/base_interfaces_demo/local/lib/python3.10/dist-packages/base_interfaces_demo-0.0.0-py3.10.egg-info/SOURCES.txt\n'}
[0.278523] (base_interfaces_demo) StdoutLine: {'line': b'-- Installing: /home/loser/ws01_plumbing/install/base_interfaces_demo/local/lib/python3.10/dist-packages/base_interfaces_demo-0.0.0-py3.10.egg-info/dependency_links.txt\n'}
[0.278543] (base_interfaces_demo) StdoutLine: {'line': b'-- Up-to-date: /home/loser/ws01_plumbing/install/base_interfaces_demo/local/lib/python3.10/dist-packages/base_interfaces_demo\n'}
[0.278561] (base_interfaces_demo) StdoutLine: {'line': b'-- Up-to-date: /home/loser/ws01_plumbing/install/base_interfaces_demo/local/lib/python3.10/dist-packages/base_interfaces_demo/libbase_interfaces_demo__rosidl_generator_py.so\n'}
[0.278580] (base_interfaces_demo) StdoutLine: {'line': b'-- Up-to-date: /home/loser/ws01_plumbing/install/base_interfaces_demo/local/lib/python3.10/dist-packages/base_interfaces_demo/__init__.py\n'}
[0.278599] (base_interfaces_demo) StdoutLine: {'line': b'-- Up-to-date: /home/loser/ws01_plumbing/install/base_interfaces_demo/local/lib/python3.10/dist-packages/base_interfaces_demo/_base_interfaces_demo_s.ep.rosidl_typesupport_fastrtps_c.c\n'}
[0.278618] (base_interfaces_demo) StdoutLine: {'line': b'-- Up-to-date: /home/loser/ws01_plumbing/install/base_interfaces_demo/local/lib/python3.10/dist-packages/base_interfaces_demo/msg\n'}
[0.278639] (base_interfaces_demo) StdoutLine: {'line': b'-- Up-to-date: /home/loser/ws01_plumbing/install/base_interfaces_demo/local/lib/python3.10/dist-packages/base_interfaces_demo/msg/_student_s.c\n'}
[0.278658] (base_interfaces_demo) StdoutLine: {'line': b'-- Up-to-date: /home/loser/ws01_plumbing/install/base_interfaces_demo/local/lib/python3.10/dist-packages/base_interfaces_demo/msg/_student.py\n'}
[0.278677] (base_interfaces_demo) StdoutLine: {'line': b'-- Up-to-date: /home/loser/ws01_plumbing/install/base_interfaces_demo/local/lib/python3.10/dist-packages/base_interfaces_demo/msg/__init__.py\n'}
[0.278696] (base_interfaces_demo) StdoutLine: {'line': b'-- Up-to-date: /home/loser/ws01_plumbing/install/base_interfaces_demo/local/lib/python3.10/dist-packages/base_interfaces_demo/_base_interfaces_demo_s.ep.rosidl_typesupport_c.c\n'}
[0.278714] (base_interfaces_demo) StdoutLine: {'line': b'-- Up-to-date: /home/loser/ws01_plumbing/install/base_interfaces_demo/local/lib/python3.10/dist-packages/base_interfaces_demo/base_interfaces_demo_s__rosidl_typesupport_c.cpython-310-x86_64-linux-gnu.so\n'}
[0.278733] (base_interfaces_demo) StdoutLine: {'line': b'-- Up-to-date: /home/loser/ws01_plumbing/install/base_interfaces_demo/local/lib/python3.10/dist-packages/base_interfaces_demo/base_interfaces_demo_s__rosidl_typesupport_fastrtps_c.cpython-310-x86_64-linux-gnu.so\n'}
[0.278751] (base_interfaces_demo) StdoutLine: {'line': b'-- Up-to-date: /home/loser/ws01_plumbing/install/base_interfaces_demo/local/lib/python3.10/dist-packages/base_interfaces_demo/_base_interfaces_demo_s.ep.rosidl_typesupport_introspection_c.c\n'}
[0.278769] (base_interfaces_demo) StdoutLine: {'line': b'-- Up-to-date: /home/loser/ws01_plumbing/install/base_interfaces_demo/local/lib/python3.10/dist-packages/base_interfaces_demo/base_interfaces_demo_s__rosidl_typesupport_introspection_c.cpython-310-x86_64-linux-gnu.so\n'}
[0.278786] (base_interfaces_demo) StdoutLine: {'line': b'-- Up-to-date: /home/loser/ws01_plumbing/install/base_interfaces_demo/local/lib/python3.10/dist-packages/base_interfaces_demo/srv\n'}
[0.278805] (base_interfaces_demo) StdoutLine: {'line': b'-- Up-to-date: /home/loser/ws01_plumbing/install/base_interfaces_demo/local/lib/python3.10/dist-packages/base_interfaces_demo/srv/_addints_s.c\n'}
[0.278822] (base_interfaces_demo) StdoutLine: {'line': b'-- Up-to-date: /home/loser/ws01_plumbing/install/base_interfaces_demo/local/lib/python3.10/dist-packages/base_interfaces_demo/srv/__init__.py\n'}
[0.278839] (base_interfaces_demo) StdoutLine: {'line': b'-- Up-to-date: /home/loser/ws01_plumbing/install/base_interfaces_demo/local/lib/python3.10/dist-packages/base_interfaces_demo/srv/_addints.py\n'}
[0.297575] (base_interfaces_demo) StdoutLine: {'line': b"Listing '/home/loser/ws01_plumbing/install/base_interfaces_demo/local/lib/python3.10/dist-packages/base_interfaces_demo'...\n"}
[0.297694] (base_interfaces_demo) StdoutLine: {'line': b"Listing '/home/loser/ws01_plumbing/install/base_interfaces_demo/local/lib/python3.10/dist-packages/base_interfaces_demo/msg'...\n"}
[0.297727] (base_interfaces_demo) StdoutLine: {'line': b"Listing '/home/loser/ws01_plumbing/install/base_interfaces_demo/local/lib/python3.10/dist-packages/base_interfaces_demo/srv'...\n"}
[0.297775] (base_interfaces_demo) StdoutLine: {'line': b'-- Up-to-date: /home/loser/ws01_plumbing/install/base_interfaces_demo/local/lib/python3.10/dist-packages/base_interfaces_demo/base_interfaces_demo_s__rosidl_typesupport_fastrtps_c.cpython-310-x86_64-linux-gnu.so\n'}
[0.297800] (base_interfaces_demo) StdoutLine: {'line': b'-- Up-to-date: /home/loser/ws01_plumbing/install/base_interfaces_demo/local/lib/python3.10/dist-packages/base_interfaces_demo/base_interfaces_demo_s__rosidl_typesupport_introspection_c.cpython-310-x86_64-linux-gnu.so\n'}
[0.297939] (base_interfaces_demo) StdoutLine: {'line': b'-- Up-to-date: /home/loser/ws01_plumbing/install/base_interfaces_demo/local/lib/python3.10/dist-packages/base_interfaces_demo/base_interfaces_demo_s__rosidl_typesupport_c.cpython-310-x86_64-linux-gnu.so\n'}
[0.298119] (base_interfaces_demo) StdoutLine: {'line': b'-- Up-to-date: /home/loser/ws01_plumbing/install/base_interfaces_demo/lib/libbase_interfaces_demo__rosidl_generator_py.so\n'}
[0.298233] (base_interfaces_demo) StdoutLine: {'line': b'-- Up-to-date: /home/loser/ws01_plumbing/install/base_interfaces_demo/share/ament_index/resource_index/rust_packages/base_interfaces_demo\n'}
[0.298265] (base_interfaces_demo) StdoutLine: {'line': b'-- Up-to-date: /home/loser/ws01_plumbing/install/base_interfaces_demo/share/base_interfaces_demo/rust\n'}
[0.298310] (base_interfaces_demo) StdoutLine: {'line': b'-- Up-to-date: /home/loser/ws01_plumbing/install/base_interfaces_demo/share/base_interfaces_demo/rust/build.rs\n'}
[0.298332] (base_interfaces_demo) StdoutLine: {'line': b'-- Up-to-date: /home/loser/ws01_plumbing/install/base_interfaces_demo/share/base_interfaces_demo/rust/src\n'}
[0.298383] (base_interfaces_demo) StdoutLine: {'line': b'-- Up-to-date: /home/loser/ws01_plumbing/install/base_interfaces_demo/share/base_interfaces_demo/rust/src/lib.rs\n'}
[0.298405] (base_interfaces_demo) StdoutLine: {'line': b'-- Up-to-date: /home/loser/ws01_plumbing/install/base_interfaces_demo/share/base_interfaces_demo/rust/src/msg.rs\n'}
[0.298497] (base_interfaces_demo) StdoutLine: {'line': b'-- Up-to-date: /home/loser/ws01_plumbing/install/base_interfaces_demo/share/base_interfaces_demo/rust/src/msg\n'}
[0.298520] (base_interfaces_demo) StdoutLine: {'line': b'-- Up-to-date: /home/loser/ws01_plumbing/install/base_interfaces_demo/share/base_interfaces_demo/rust/src/msg/rmw.rs\n'}
[0.298543] (base_interfaces_demo) StdoutLine: {'line': b'-- Up-to-date: /home/loser/ws01_plumbing/install/base_interfaces_demo/share/base_interfaces_demo/rust/src/srv.rs\n'}
[0.298587] (base_interfaces_demo) StdoutLine: {'line': b'-- Up-to-date: /home/loser/ws01_plumbing/install/base_interfaces_demo/share/base_interfaces_demo/rust/src/srv\n'}
[0.298610] (base_interfaces_demo) StdoutLine: {'line': b'-- Up-to-date: /home/loser/ws01_plumbing/install/base_interfaces_demo/share/base_interfaces_demo/rust/src/srv/rmw.rs\n'}
[0.298660] (base_interfaces_demo) StdoutLine: {'line': b'-- Up-to-date: /home/loser/ws01_plumbing/install/base_interfaces_demo/share/base_interfaces_demo/rust/Cargo.toml\n'}
[0.298684] (base_interfaces_demo) StdoutLine: {'line': b'-- Up-to-date: /home/loser/ws01_plumbing/install/base_interfaces_demo/share/base_interfaces_demo/msg/Student.idl\n'}
[0.298705] (base_interfaces_demo) StdoutLine: {'line': b'-- Up-to-date: /home/loser/ws01_plumbing/install/base_interfaces_demo/share/base_interfaces_demo/srv/Addints.idl\n'}
[0.300172] (base_interfaces_demo) StdoutLine: {'line': b'-- Up-to-date: /home/loser/ws01_plumbing/install/base_interfaces_demo/share/base_interfaces_demo/msg/Student.msg\n'}
[0.300201] (base_interfaces_demo) StdoutLine: {'line': b'-- Up-to-date: /home/loser/ws01_plumbing/install/base_interfaces_demo/share/base_interfaces_demo/srv/Addints.srv\n'}
[0.300224] (base_interfaces_demo) StdoutLine: {'line': b'-- Up-to-date: /home/loser/ws01_plumbing/install/base_interfaces_demo/share/base_interfaces_demo/srv/Addints_Request.msg\n'}
[0.300243] (base_interfaces_demo) StdoutLine: {'line': b'-- Up-to-date: /home/loser/ws01_plumbing/install/base_interfaces_demo/share/base_interfaces_demo/srv/Addints_Response.msg\n'}
[0.300262] (base_interfaces_demo) StdoutLine: {'line': b'-- Up-to-date: /home/loser/ws01_plumbing/install/base_interfaces_demo/share/ament_index/resource_index/package_run_dependencies/base_interfaces_demo\n'}
[0.300281] (base_interfaces_demo) StdoutLine: {'line': b'-- Up-to-date: /home/loser/ws01_plumbing/install/base_interfaces_demo/share/ament_index/resource_index/parent_prefix_path/base_interfaces_demo\n'}
[0.300301] (base_interfaces_demo) StdoutLine: {'line': b'-- Up-to-date: /home/loser/ws01_plumbing/install/base_interfaces_demo/share/base_interfaces_demo/environment/ament_prefix_path.sh\n'}
[0.300319] (base_interfaces_demo) StdoutLine: {'line': b'-- Up-to-date: /home/loser/ws01_plumbing/install/base_interfaces_demo/share/base_interfaces_demo/environment/ament_prefix_path.dsv\n'}
[0.300337] (base_interfaces_demo) StdoutLine: {'line': b'-- Up-to-date: /home/loser/ws01_plumbing/install/base_interfaces_demo/share/base_interfaces_demo/environment/path.sh\n'}
[0.300354] (-) TimerEvent: {}
[0.300412] (base_interfaces_demo) StdoutLine: {'line': b'-- Up-to-date: /home/loser/ws01_plumbing/install/base_interfaces_demo/share/base_interfaces_demo/environment/path.dsv\n'}
[0.300443] (base_interfaces_demo) StdoutLine: {'line': b'-- Up-to-date: /home/loser/ws01_plumbing/install/base_interfaces_demo/share/base_interfaces_demo/local_setup.bash\n'}
[0.300463] (base_interfaces_demo) StdoutLine: {'line': b'-- Up-to-date: /home/loser/ws01_plumbing/install/base_interfaces_demo/share/base_interfaces_demo/local_setup.sh\n'}
[0.300481] (base_interfaces_demo) StdoutLine: {'line': b'-- Up-to-date: /home/loser/ws01_plumbing/install/base_interfaces_demo/share/base_interfaces_demo/local_setup.zsh\n'}
[0.300500] (base_interfaces_demo) StdoutLine: {'line': b'-- Up-to-date: /home/loser/ws01_plumbing/install/base_interfaces_demo/share/base_interfaces_demo/local_setup.dsv\n'}
[0.300520] (base_interfaces_demo) StdoutLine: {'line': b'-- Installing: /home/loser/ws01_plumbing/install/base_interfaces_demo/share/base_interfaces_demo/package.dsv\n'}
[0.300539] (base_interfaces_demo) StdoutLine: {'line': b'-- Up-to-date: /home/loser/ws01_plumbing/install/base_interfaces_demo/share/ament_index/resource_index/packages/base_interfaces_demo\n'}
[0.300559] (base_interfaces_demo) StdoutLine: {'line': b'-- Up-to-date: /home/loser/ws01_plumbing/install/base_interfaces_demo/share/base_interfaces_demo/cmake/export_base_interfaces_demo__rosidl_generator_cExport.cmake\n'}
[0.300579] (base_interfaces_demo) StdoutLine: {'line': b'-- Up-to-date: /home/loser/ws01_plumbing/install/base_interfaces_demo/share/base_interfaces_demo/cmake/export_base_interfaces_demo__rosidl_generator_cExport-noconfig.cmake\n'}
[0.300598] (base_interfaces_demo) StdoutLine: {'line': b'-- Up-to-date: /home/loser/ws01_plumbing/install/base_interfaces_demo/share/base_interfaces_demo/cmake/export_base_interfaces_demo__rosidl_typesupport_fastrtps_cExport.cmake\n'}
[0.300618] (base_interfaces_demo) StdoutLine: {'line': b'-- Up-to-date: /home/loser/ws01_plumbing/install/base_interfaces_demo/share/base_interfaces_demo/cmake/export_base_interfaces_demo__rosidl_typesupport_fastrtps_cExport-noconfig.cmake\n'}
[0.300636] (base_interfaces_demo) StdoutLine: {'line': b'-- Up-to-date: /home/loser/ws01_plumbing/install/base_interfaces_demo/share/base_interfaces_demo/cmake/base_interfaces_demo__rosidl_typesupport_introspection_cExport.cmake\n'}
[0.300653] (base_interfaces_demo) StdoutLine: {'line': b'-- Up-to-date: /home/loser/ws01_plumbing/install/base_interfaces_demo/share/base_interfaces_demo/cmake/base_interfaces_demo__rosidl_typesupport_introspection_cExport-noconfig.cmake\n'}
[0.300672] (base_interfaces_demo) StdoutLine: {'line': b'-- Up-to-date: /home/loser/ws01_plumbing/install/base_interfaces_demo/share/base_interfaces_demo/cmake/base_interfaces_demo__rosidl_typesupport_cExport.cmake\n'}
[0.300689] (base_interfaces_demo) StdoutLine: {'line': b'-- Up-to-date: /home/loser/ws01_plumbing/install/base_interfaces_demo/share/base_interfaces_demo/cmake/base_interfaces_demo__rosidl_typesupport_cExport-noconfig.cmake\n'}
[0.300706] (base_interfaces_demo) StdoutLine: {'line': b'-- Up-to-date: /home/loser/ws01_plumbing/install/base_interfaces_demo/share/base_interfaces_demo/cmake/export_base_interfaces_demo__rosidl_generator_cppExport.cmake\n'}
[0.300723] (base_interfaces_demo) StdoutLine: {'line': b'-- Up-to-date: /home/loser/ws01_plumbing/install/base_interfaces_demo/share/base_interfaces_demo/cmake/export_base_interfaces_demo__rosidl_typesupport_fastrtps_cppExport.cmake\n'}
[0.300740] (base_interfaces_demo) StdoutLine: {'line': b'-- Up-to-date: /home/loser/ws01_plumbing/install/base_interfaces_demo/share/base_interfaces_demo/cmake/export_base_interfaces_demo__rosidl_typesupport_fastrtps_cppExport-noconfig.cmake\n'}
[0.300757] (base_interfaces_demo) StdoutLine: {'line': b'-- Up-to-date: /home/loser/ws01_plumbing/install/base_interfaces_demo/share/base_interfaces_demo/cmake/base_interfaces_demo__rosidl_typesupport_introspection_cppExport.cmake\n'}
[0.302638] (base_interfaces_demo) StdoutLine: {'line': b'-- Up-to-date: /home/loser/ws01_plumbing/install/base_interfaces_demo/share/base_interfaces_demo/cmake/base_interfaces_demo__rosidl_typesupport_introspection_cppExport-noconfig.cmake\n'}
[0.302677] (base_interfaces_demo) StdoutLine: {'line': b'-- Up-to-date: /home/loser/ws01_plumbing/install/base_interfaces_demo/share/base_interfaces_demo/cmake/base_interfaces_demo__rosidl_typesupport_cppExport.cmake\n'}
[0.302704] (base_interfaces_demo) StdoutLine: {'line': b'-- Up-to-date: /home/loser/ws01_plumbing/install/base_interfaces_demo/share/base_interfaces_demo/cmake/base_interfaces_demo__rosidl_typesupport_cppExport-noconfig.cmake\n'}
[0.302729] (base_interfaces_demo) StdoutLine: {'line': b'-- Up-to-date: /home/loser/ws01_plumbing/install/base_interfaces_demo/share/base_interfaces_demo/cmake/export_base_interfaces_demo__rosidl_generator_pyExport.cmake\n'}
[0.302757] (base_interfaces_demo) StdoutLine: {'line': b'-- Up-to-date: /home/loser/ws01_plumbing/install/base_interfaces_demo/share/base_interfaces_demo/cmake/export_base_interfaces_demo__rosidl_generator_pyExport-noconfig.cmake\n'}
[0.302779] (base_interfaces_demo) StdoutLine: {'line': b'-- Up-to-date: /home/loser/ws01_plumbing/install/base_interfaces_demo/share/base_interfaces_demo/cmake/rosidl_cmake-extras.cmake\n'}
[0.302805] (base_interfaces_demo) StdoutLine: {'line': b'-- Up-to-date: /home/loser/ws01_plumbing/install/base_interfaces_demo/share/base_interfaces_demo/cmake/ament_cmake_export_include_directories-extras.cmake\n'}
[0.302827] (base_interfaces_demo) StdoutLine: {'line': b'-- Up-to-date: /home/loser/ws01_plumbing/install/base_interfaces_demo/share/base_interfaces_demo/cmake/ament_cmake_export_libraries-extras.cmake\n'}
[0.303214] (base_interfaces_demo) StdoutLine: {'line': b'-- Up-to-date: /home/loser/ws01_plumbing/install/base_interfaces_demo/share/base_interfaces_demo/cmake/ament_cmake_export_targets-extras.cmake\n'}
[0.303581] (base_interfaces_demo) StdoutLine: {'line': b'-- Up-to-date: /home/loser/ws01_plumbing/install/base_interfaces_demo/share/base_interfaces_demo/cmake/rosidl_cmake_export_typesupport_targets-extras.cmake\n'}
[0.303902] (base_interfaces_demo) StdoutLine: {'line': b'-- Up-to-date: /home/loser/ws01_plumbing/install/base_interfaces_demo/share/base_interfaces_demo/cmake/ament_cmake_export_dependencies-extras.cmake\n'}
[0.303939] (base_interfaces_demo) StdoutLine: {'line': b'-- Up-to-date: /home/loser/ws01_plumbing/install/base_interfaces_demo/share/base_interfaces_demo/cmake/rosidl_cmake_export_typesupport_libraries-extras.cmake\n'}
[0.303966] (base_interfaces_demo) StdoutLine: {'line': b'-- Up-to-date: /home/loser/ws01_plumbing/install/base_interfaces_demo/share/base_interfaces_demo/cmake/base_interfaces_demoConfig.cmake\n'}
[0.303989] (base_interfaces_demo) StdoutLine: {'line': b'-- Up-to-date: /home/loser/ws01_plumbing/install/base_interfaces_demo/share/base_interfaces_demo/cmake/base_interfaces_demoConfig-version.cmake\n'}
[0.304023] (base_interfaces_demo) StdoutLine: {'line': b'-- Up-to-date: /home/loser/ws01_plumbing/install/base_interfaces_demo/share/base_interfaces_demo/package.xml\n'}
[0.304162] (base_interfaces_demo) CommandEnded: {'returncode': 0}
[0.318636] (base_interfaces_demo) JobEnded: {'identifier': 'base_interfaces_demo', 'rc': 0}
[0.319718] (cpp01_topic) JobStarted: {'identifier': 'cpp01_topic'}
[0.321991] (cpp02_service) JobStarted: {'identifier': 'cpp02_service'}
[0.324601] (py01_topic) JobStarted: {'identifier': 'py01_topic'}
[0.331275] (py02_service) JobStarted: {'identifier': 'py02_service'}
[0.336842] (cpp01_topic) JobProgress: {'identifier': 'cpp01_topic', 'progress': 'cmake'}
[0.337603] (cpp01_topic) JobProgress: {'identifier': 'cpp01_topic', 'progress': 'build'}
[0.340320] (cpp01_topic) Command: {'cmd': ['/usr/bin/cmake', '--build', '/home/loser/ws01_plumbing/build/cpp01_topic', '--', '-j4', '-l4'], 'cwd': '/home/loser/ws01_plumbing/build/cpp01_topic', 'env': OrderedDict([('GJS_DEBUG_TOPICS', 'JS ERROR;JS LOG'), ('PYTHON_BASIC_REPL', '1'), ('LESSOPEN', '| /usr/bin/lesspipe %s'), ('LANGUAGE', 'zh_CN:en'), ('USER', 'loser'), ('LC_TIME', 'zh_CN.UTF-8'), ('XDG_SESSION_TYPE', 'wayland'), ('SHLVL', '1'), ('LD_LIBRARY_PATH', '/home/loser/ws01_plumbing/install/base_interfaces_demo/lib:/usr/lib/x86_64-linux-gnu/gazebo-11/plugins:/opt/ros/humble/opt/rviz_ogre_vendor/lib:/opt/ros/humble/lib/x86_64-linux-gnu:/opt/ros/humble/lib'), ('HOME', '/home/loser'), ('CHROME_DESKTOP', 'code.desktop'), ('TERM_PROGRAM_VERSION', '1.121.0'), ('DESKTOP_SESSION', 'ubuntu'), ('GIO_LAUNCHED_DESKTOP_FILE', '/usr/share/applications/code.desktop'), ('ROS_PYTHON_VERSION', '3'), ('GNOME_SHELL_SESSION_MODE', 'ubuntu'), ('GTK_MODULES', 'gail:atk-bridge'), ('LC_MONETARY', 'zh_CN.UTF-8'), ('MANAGERPID', '1453'), ('SYSTEMD_EXEC_PID', '1615'), ('IM_CONFIG_CHECK_ENV', '1'), ('VSCODE_PYTHON_AUTOACTIVATE_GUARD', '1'), ('DBUS_SESSION_BUS_ADDRESS', 'unix:path=/run/user/1000/bus'), ('COLORTERM', 'truecolor'), ('GIO_LAUNCHED_DESKTOP_FILE_PID', '17729'), ('IM_CONFIG_PHASE', '1'), ('WAYLAND_DISPLAY', 'wayland-0'), ('COLCON_PREFIX_PATH', '/home/loser/ws01_plumbing/install'), ('ROS_DISTRO', 'humble'), ('GTK_IM_MODULE', 'fcitx'), ('LOGNAME', 'loser'), ('JOURNAL_STREAM', '8:20518'), ('_', '/usr/bin/colcon'), ('ROS_VERSION', '2'), ('XDG_SESSION_CLASS', 'user'), ('USERNAME', 'loser'), ('TERM', 'xterm-256color'), ('GNOME_DESKTOP_SESSION_ID', 'this-is-deprecated'), ('FC_FONTATIONS', '1'), ('ROS_LOCALHOST_ONLY', '0'), ('PATH', '/home/loser/.config/Code/User/globalStorage/github.copilot-chat/debugCommand:/home/loser/.config/Code/User/globalStorage/github.copilot-chat/copilotCli:/opt/ros/humble/bin:/usr/local/sbin:/usr/local/bin:/usr/sbin:/usr/bin:/sbin:/bin:/usr/games:/usr/local/games:/snap/bin:/snap/bin'), ('SESSION_MANAGER', 'local/loser-vm:@/tmp/.ICE-unix/1583,unix/loser-vm:/tmp/.ICE-unix/1583'), ('INVOCATION_ID', '3049aaef72ab45bda2c45e7e91538e54'), ('PAPERSIZE', 'a4'), ('XDG_MENU_PREFIX', 'gnome-'), ('LC_ADDRESS', 'zh_CN.UTF-8'), ('GNOME_SETUP_DISPLAY', ':1'), ('XDG_RUNTIME_DIR', '/run/user/1000'), ('GDK_BACKEND', 'wayland'), ('DISPLAY', ':0'), ('LANG', 'zh_CN.UTF-8'), ('XDG_CURRENT_DESKTOP', 'ubuntu:GNOME'), ('PYTHONSTARTUP', '/home/loser/.config/Code/User/workspaceStorage/8648397a620a1c47015fb5f0b3e3803b/ms-python.python/pythonrc.py'), ('LC_TELEPHONE', 'zh_CN.UTF-8'), ('XMODIFIERS', '@im=fcitx'), ('XDG_SESSION_DESKTOP', 'ubuntu'), ('XAUTHORITY', '/run/user/1000/.mutter-Xwaylandauth.3PQSP3'), ('LS_COLORS', 'rs=0:di=01;34:ln=01;36:mh=00:pi=40;33:so=01;35:do=01;35:bd=40;33;01:cd=40;33;01:or=40;31;01:mi=00:su=37;41:sg=30;43:ca=30;41:tw=30;42:ow=34;42:st=37;44:ex=01;32:*.tar=01;31:*.tgz=01;31:*.arc=01;31:*.arj=01;31:*.taz=01;31:*.lha=01;31:*.lz4=01;31:*.lzh=01;31:*.lzma=01;31:*.tlz=01;31:*.txz=01;31:*.tzo=01;31:*.t7z=01;31:*.zip=01;31:*.z=01;31:*.dz=01;31:*.gz=01;31:*.lrz=01;31:*.lz=01;31:*.lzo=01;31:*.xz=01;31:*.zst=01;31:*.tzst=01;31:*.bz2=01;31:*.bz=01;31:*.tbz=01;31:*.tbz2=01;31:*.tz=01;31:*.deb=01;31:*.rpm=01;31:*.jar=01;31:*.war=01;31:*.ear=01;31:*.sar=01;31:*.rar=01;31:*.alz=01;31:*.ace=01;31:*.zoo=01;31:*.cpio=01;31:*.7z=01;31:*.rz=01;31:*.cab=01;31:*.wim=01;31:*.swm=01;31:*.dwm=01;31:*.esd=01;31:*.jpg=01;35:*.jpeg=01;35:*.mjpg=01;35:*.mjpeg=01;35:*.gif=01;35:*.bmp=01;35:*.pbm=01;35:*.pgm=01;35:*.ppm=01;35:*.tga=01;35:*.xbm=01;35:*.xpm=01;35:*.tif=01;35:*.tiff=01;35:*.png=01;35:*.svg=01;35:*.svgz=01;35:*.mng=01;35:*.pcx=01;35:*.mov=01;35:*.mpg=01;35:*.mpeg=01;35:*.m2v=01;35:*.mkv=01;35:*.webm=01;35:*.webp=01;35:*.ogm=01;35:*.mp4=01;35:*.m4v=01;35:*.mp4v=01;35:*.vob=01;35:*.qt=01;35:*.nuv=01;35:*.wmv=01;35:*.asf=01;35:*.rm=01;35:*.rmvb=01;35:*.flc=01;35:*.avi=01;35:*.fli=01;35:*.flv=01;35:*.gl=01;35:*.dl=01;35:*.xcf=01;35:*.xwd=01;35:*.yuv=01;35:*.cgm=01;35:*.emf=01;35:*.ogv=01;35:*.ogx=01;35:*.aac=00;36:*.au=00;36:*.flac=00;36:*.m4a=00;36:*.mid=00;36:*.midi=00;36:*.mka=00;36:*.mp3=00;36:*.mpc=00;36:*.ogg=00;36:*.ra=00;36:*.wav=00;36:*.oga=00;36:*.opus=00;36:*.spx=00;36:*.xspf=00;36:'), ('TERM_PROGRAM', 'vscode'), ('SSH_AGENT_LAUNCHER', 'gnome-keyring'), ('SSH_AUTH_SOCK', '/run/user/1000/keyring/ssh'), ('AMENT_PREFIX_PATH', '/home/loser/ws01_plumbing/install/py02_service:/home/loser/ws01_plumbing/install/py01_topic:/home/loser/ws01_plumbing/install/cpp02_service:/home/loser/ws01_plumbing/install/cpp01_topic:/home/loser/ws01_plumbing/install/base_interfaces_demo:/opt/ros/humble'), ('SHELL', '/bin/bash'), ('LC_NAME', 'zh_CN.UTF-8'), ('QT_ACCESSIBILITY', '1'), ('GDMSESSION', 'ubuntu'), ('LESSCLOSE', '/usr/bin/lesspipe %s %s'), ('LC_MEASUREMENT', 'zh_CN.UTF-8'), ('GJS_DEBUG_OUTPUT', 'stderr'), ('LC_IDENTIFICATION', 'zh_CN.UTF-8'), ('QT_IM_MODULE', 'fcitx'), ('PWD', '/home/loser/ws01_plumbing/build/cpp01_topic'), ('XDG_CONFIG_DIRS', '/etc/xdg/xdg-ubuntu:/etc/xdg'), ('CLUTTER_IM_MODULE', 'xim'), ('XDG_DATA_DIRS', '/usr/share/ubuntu:/usr/local/share/:/usr/share/:/var/lib/snapd/desktop'), ('PYTHONPATH', '/home/loser/ws01_plumbing/install/py02_service/lib/python3.10/site-packages:/home/loser/ws01_plumbing/install/py01_topic/lib/python3.10/site-packages:/home/loser/ws01_plumbing/install/base_interfaces_demo/local/lib/python3.10/dist-packages:/opt/ros/humble/lib/python3.10/site-packages:/opt/ros/humble/local/lib/python3.10/dist-packages'), ('LC_NUMERIC', 'zh_CN.UTF-8'), ('LC_PAPER', 'zh_CN.UTF-8'), ('COLCON', '1'), ('CMAKE_PREFIX_PATH', '/home/loser/ws01_plumbing/install/base_interfaces_demo:/home/loser/ws01_plumbing/install/cpp02_service:/home/loser/ws01_plumbing/install/cpp01_topic:/home/loser/ws01_plumbing/install/py02_service:/home/loser/ws01_plumbing/install/py01_topic:/opt/ros/humble')]), 'shell': False}
[0.344230] (cpp02_service) JobProgress: {'identifier': 'cpp02_service', 'progress': 'cmake'}
[0.344261] (cpp02_service) JobProgress: {'identifier': 'cpp02_service', 'progress': 'build'}
[0.344272] (cpp02_service) Command: {'cmd': ['/usr/bin/cmake', '--build', '/home/loser/ws01_plumbing/build/cpp02_service', '--', '-j4', '-l4'], 'cwd': '/home/loser/ws01_plumbing/build/cpp02_service', 'env': OrderedDict([('GJS_DEBUG_TOPICS', 'JS ERROR;JS LOG'), ('PYTHON_BASIC_REPL', '1'), ('LESSOPEN', '| /usr/bin/lesspipe %s'), ('LANGUAGE', 'zh_CN:en'), ('USER', 'loser'), ('LC_TIME', 'zh_CN.UTF-8'), ('XDG_SESSION_TYPE', 'wayland'), ('SHLVL', '1'), ('LD_LIBRARY_PATH', '/home/loser/ws01_plumbing/install/base_interfaces_demo/lib:/usr/lib/x86_64-linux-gnu/gazebo-11/plugins:/opt/ros/humble/opt/rviz_ogre_vendor/lib:/opt/ros/humble/lib/x86_64-linux-gnu:/opt/ros/humble/lib'), ('HOME', '/home/loser'), ('CHROME_DESKTOP', 'code.desktop'), ('TERM_PROGRAM_VERSION', '1.121.0'), ('DESKTOP_SESSION', 'ubuntu'), ('GIO_LAUNCHED_DESKTOP_FILE', '/usr/share/applications/code.desktop'), ('ROS_PYTHON_VERSION', '3'), ('GNOME_SHELL_SESSION_MODE', 'ubuntu'), ('GTK_MODULES', 'gail:atk-bridge'), ('LC_MONETARY', 'zh_CN.UTF-8'), ('MANAGERPID', '1453'), ('SYSTEMD_EXEC_PID', '1615'), ('IM_CONFIG_CHECK_ENV', '1'), ('VSCODE_PYTHON_AUTOACTIVATE_GUARD', '1'), ('DBUS_SESSION_BUS_ADDRESS', 'unix:path=/run/user/1000/bus'), ('COLORTERM', 'truecolor'), ('GIO_LAUNCHED_DESKTOP_FILE_PID', '17729'), ('IM_CONFIG_PHASE', '1'), ('WAYLAND_DISPLAY', 'wayland-0'), ('COLCON_PREFIX_PATH', '/home/loser/ws01_plumbing/install'), ('ROS_DISTRO', 'humble'), ('GTK_IM_MODULE', 'fcitx'), ('LOGNAME', 'loser'), ('JOURNAL_STREAM', '8:20518'), ('_', '/usr/bin/colcon'), ('ROS_VERSION', '2'), ('XDG_SESSION_CLASS', 'user'), ('USERNAME', 'loser'), ('TERM', 'xterm-256color'), ('GNOME_DESKTOP_SESSION_ID', 'this-is-deprecated'), ('FC_FONTATIONS', '1'), ('ROS_LOCALHOST_ONLY', '0'), ('PATH', '/home/loser/.config/Code/User/globalStorage/github.copilot-chat/debugCommand:/home/loser/.config/Code/User/globalStorage/github.copilot-chat/copilotCli:/opt/ros/humble/bin:/usr/local/sbin:/usr/local/bin:/usr/sbin:/usr/bin:/sbin:/bin:/usr/games:/usr/local/games:/snap/bin:/snap/bin'), ('SESSION_MANAGER', 'local/loser-vm:@/tmp/.ICE-unix/1583,unix/loser-vm:/tmp/.ICE-unix/1583'), ('INVOCATION_ID', '3049aaef72ab45bda2c45e7e91538e54'), ('PAPERSIZE', 'a4'), ('XDG_MENU_PREFIX', 'gnome-'), ('LC_ADDRESS', 'zh_CN.UTF-8'), ('GNOME_SETUP_DISPLAY', ':1'), ('XDG_RUNTIME_DIR', '/run/user/1000'), ('GDK_BACKEND', 'wayland'), ('DISPLAY', ':0'), ('LANG', 'zh_CN.UTF-8'), ('XDG_CURRENT_DESKTOP', 'ubuntu:GNOME'), ('PYTHONSTARTUP', '/home/loser/.config/Code/User/workspaceStorage/8648397a620a1c47015fb5f0b3e3803b/ms-python.python/pythonrc.py'), ('LC_TELEPHONE', 'zh_CN.UTF-8'), ('XMODIFIERS', '@im=fcitx'), ('XDG_SESSION_DESKTOP', 'ubuntu'), ('XAUTHORITY', '/run/user/1000/.mutter-Xwaylandauth.3PQSP3'), ('LS_COLORS', 'rs=0:di=01;34:ln=01;36:mh=00:pi=40;33:so=01;35:do=01;35:bd=40;33;01:cd=40;33;01:or=40;31;01:mi=00:su=37;41:sg=30;43:ca=30;41:tw=30;42:ow=34;42:st=37;44:ex=01;32:*.tar=01;31:*.tgz=01;31:*.arc=01;31:*.arj=01;31:*.taz=01;31:*.lha=01;31:*.lz4=01;31:*.lzh=01;31:*.lzma=01;31:*.tlz=01;31:*.txz=01;31:*.tzo=01;31:*.t7z=01;31:*.zip=01;31:*.z=01;31:*.dz=01;31:*.gz=01;31:*.lrz=01;31:*.lz=01;31:*.lzo=01;31:*.xz=01;31:*.zst=01;31:*.tzst=01;31:*.bz2=01;31:*.bz=01;31:*.tbz=01;31:*.tbz2=01;31:*.tz=01;31:*.deb=01;31:*.rpm=01;31:*.jar=01;31:*.war=01;31:*.ear=01;31:*.sar=01;31:*.rar=01;31:*.alz=01;31:*.ace=01;31:*.zoo=01;31:*.cpio=01;31:*.7z=01;31:*.rz=01;31:*.cab=01;31:*.wim=01;31:*.swm=01;31:*.dwm=01;31:*.esd=01;31:*.jpg=01;35:*.jpeg=01;35:*.mjpg=01;35:*.mjpeg=01;35:*.gif=01;35:*.bmp=01;35:*.pbm=01;35:*.pgm=01;35:*.ppm=01;35:*.tga=01;35:*.xbm=01;35:*.xpm=01;35:*.tif=01;35:*.tiff=01;35:*.png=01;35:*.svg=01;35:*.svgz=01;35:*.mng=01;35:*.pcx=01;35:*.mov=01;35:*.mpg=01;35:*.mpeg=01;35:*.m2v=01;35:*.mkv=01;35:*.webm=01;35:*.webp=01;35:*.ogm=01;35:*.mp4=01;35:*.m4v=01;35:*.mp4v=01;35:*.vob=01;35:*.qt=01;35:*.nuv=01;35:*.wmv=01;35:*.asf=01;35:*.rm=01;35:*.rmvb=01;35:*.flc=01;35:*.avi=01;35:*.fli=01;35:*.flv=01;35:*.gl=01;35:*.dl=01;35:*.xcf=01;35:*.xwd=01;35:*.yuv=01;35:*.cgm=01;35:*.emf=01;35:*.ogv=01;35:*.ogx=01;35:*.aac=00;36:*.au=00;36:*.flac=00;36:*.m4a=00;36:*.mid=00;36:*.midi=00;36:*.mka=00;36:*.mp3=00;36:*.mpc=00;36:*.ogg=00;36:*.ra=00;36:*.wav=00;36:*.oga=00;36:*.opus=00;36:*.spx=00;36:*.xspf=00;36:'), ('TERM_PROGRAM', 'vscode'), ('SSH_AGENT_LAUNCHER', 'gnome-keyring'), ('SSH_AUTH_SOCK', '/run/user/1000/keyring/ssh'), ('AMENT_PREFIX_PATH', '/home/loser/ws01_plumbing/install/py02_service:/home/loser/ws01_plumbing/install/py01_topic:/home/loser/ws01_plumbing/install/cpp02_service:/home/loser/ws01_plumbing/install/cpp01_topic:/home/loser/ws01_plumbing/install/base_interfaces_demo:/opt/ros/humble'), ('SHELL', '/bin/bash'), ('LC_NAME', 'zh_CN.UTF-8'), ('QT_ACCESSIBILITY', '1'), ('GDMSESSION', 'ubuntu'), ('LESSCLOSE', '/usr/bin/lesspipe %s %s'), ('LC_MEASUREMENT', 'zh_CN.UTF-8'), ('GJS_DEBUG_OUTPUT', 'stderr'), ('LC_IDENTIFICATION', 'zh_CN.UTF-8'), ('QT_IM_MODULE', 'fcitx'), ('PWD', '/home/loser/ws01_plumbing/build/cpp02_service'), ('XDG_CONFIG_DIRS', '/etc/xdg/xdg-ubuntu:/etc/xdg'), ('CLUTTER_IM_MODULE', 'xim'), ('XDG_DATA_DIRS', '/usr/share/ubuntu:/usr/local/share/:/usr/share/:/var/lib/snapd/desktop'), ('PYTHONPATH', '/home/loser/ws01_plumbing/install/py02_service/lib/python3.10/site-packages:/home/loser/ws01_plumbing/install/py01_topic/lib/python3.10/site-packages:/home/loser/ws01_plumbing/install/base_interfaces_demo/local/lib/python3.10/dist-packages:/opt/ros/humble/lib/python3.10/site-packages:/opt/ros/humble/local/lib/python3.10/dist-packages'), ('LC_NUMERIC', 'zh_CN.UTF-8'), ('LC_PAPER', 'zh_CN.UTF-8'), ('COLCON', '1'), ('CMAKE_PREFIX_PATH', '/home/loser/ws01_plumbing/install/base_interfaces_demo:/home/loser/ws01_plumbing/install/cpp02_service:/home/loser/ws01_plumbing/install/cpp01_topic:/home/loser/ws01_plumbing/install/py02_service:/home/loser/ws01_plumbing/install/py01_topic:/opt/ros/humble')]), 'shell': False}
[0.387417] (cpp02_service) StdoutLine: {'line': b'\x1b[35m\x1b[1mConsolidate compiler generated dependencies of target demo02_client\x1b[0m\n'}
[0.402160] (-) TimerEvent: {}
[0.414232] (cpp02_service) StdoutLine: {'line': b'[ 25%] \x1b[32mBuilding CXX object CMakeFiles/demo02_client.dir/src/demo02_client.cpp.o\x1b[0m\n'}
[0.415436] (cpp02_service) StdoutLine: {'line': b'[ 75%] Built target demo01_server\n'}
[0.438555] (cpp01_topic) StdoutLine: {'line': b'[ 25%] Built target demo_stu_cpp_listener\n'}
[0.439163] (cpp01_topic) StdoutLine: {'line': b'[ 50%] Built target demo_str_cpp_publisher\n'}
[0.440679] (cpp01_topic) StdoutLine: {'line': b'[ 75%] Built target demo_str_cpp_listener\n'}
[0.440762] (cpp01_topic) StdoutLine: {'line': b'[100%] Built target demo_stu_cpp_publisher\n'}
[0.502256] (-) TimerEvent: {}
[0.602527] (-) TimerEvent: {}
[0.691637] (cpp01_topic) CommandEnded: {'returncode': 0}
[0.692170] (cpp01_topic) JobProgress: {'identifier': 'cpp01_topic', 'progress': 'install'}
[0.692219] (cpp01_topic) Command: {'cmd': ['/usr/bin/cmake', '--install', '/home/loser/ws01_plumbing/build/cpp01_topic'], 'cwd': '/home/loser/ws01_plumbing/build/cpp01_topic', 'env': OrderedDict([('GJS_DEBUG_TOPICS', 'JS ERROR;JS LOG'), ('PYTHON_BASIC_REPL', '1'), ('LESSOPEN', '| /usr/bin/lesspipe %s'), ('LANGUAGE', 'zh_CN:en'), ('USER', 'loser'), ('LC_TIME', 'zh_CN.UTF-8'), ('XDG_SESSION_TYPE', 'wayland'), ('SHLVL', '1'), ('LD_LIBRARY_PATH', '/home/loser/ws01_plumbing/install/base_interfaces_demo/lib:/usr/lib/x86_64-linux-gnu/gazebo-11/plugins:/opt/ros/humble/opt/rviz_ogre_vendor/lib:/opt/ros/humble/lib/x86_64-linux-gnu:/opt/ros/humble/lib'), ('HOME', '/home/loser'), ('CHROME_DESKTOP', 'code.desktop'), ('TERM_PROGRAM_VERSION', '1.121.0'), ('DESKTOP_SESSION', 'ubuntu'), ('GIO_LAUNCHED_DESKTOP_FILE', '/usr/share/applications/code.desktop'), ('ROS_PYTHON_VERSION', '3'), ('GNOME_SHELL_SESSION_MODE', 'ubuntu'), ('GTK_MODULES', 'gail:atk-bridge'), ('LC_MONETARY', 'zh_CN.UTF-8'), ('MANAGERPID', '1453'), ('SYSTEMD_EXEC_PID', '1615'), ('IM_CONFIG_CHECK_ENV', '1'), ('VSCODE_PYTHON_AUTOACTIVATE_GUARD', '1'), ('DBUS_SESSION_BUS_ADDRESS', 'unix:path=/run/user/1000/bus'), ('COLORTERM', 'truecolor'), ('GIO_LAUNCHED_DESKTOP_FILE_PID', '17729'), ('IM_CONFIG_PHASE', '1'), ('WAYLAND_DISPLAY', 'wayland-0'), ('COLCON_PREFIX_PATH', '/home/loser/ws01_plumbing/install'), ('ROS_DISTRO', 'humble'), ('GTK_IM_MODULE', 'fcitx'), ('LOGNAME', 'loser'), ('JOURNAL_STREAM', '8:20518'), ('_', '/usr/bin/colcon'), ('ROS_VERSION', '2'), ('XDG_SESSION_CLASS', 'user'), ('USERNAME', 'loser'), ('TERM', 'xterm-256color'), ('GNOME_DESKTOP_SESSION_ID', 'this-is-deprecated'), ('FC_FONTATIONS', '1'), ('ROS_LOCALHOST_ONLY', '0'), ('PATH', '/home/loser/.config/Code/User/globalStorage/github.copilot-chat/debugCommand:/home/loser/.config/Code/User/globalStorage/github.copilot-chat/copilotCli:/opt/ros/humble/bin:/usr/local/sbin:/usr/local/bin:/usr/sbin:/usr/bin:/sbin:/bin:/usr/games:/usr/local/games:/snap/bin:/snap/bin'), ('SESSION_MANAGER', 'local/loser-vm:@/tmp/.ICE-unix/1583,unix/loser-vm:/tmp/.ICE-unix/1583'), ('INVOCATION_ID', '3049aaef72ab45bda2c45e7e91538e54'), ('PAPERSIZE', 'a4'), ('XDG_MENU_PREFIX', 'gnome-'), ('LC_ADDRESS', 'zh_CN.UTF-8'), ('GNOME_SETUP_DISPLAY', ':1'), ('XDG_RUNTIME_DIR', '/run/user/1000'), ('GDK_BACKEND', 'wayland'), ('DISPLAY', ':0'), ('LANG', 'zh_CN.UTF-8'), ('XDG_CURRENT_DESKTOP', 'ubuntu:GNOME'), ('PYTHONSTARTUP', '/home/loser/.config/Code/User/workspaceStorage/8648397a620a1c47015fb5f0b3e3803b/ms-python.python/pythonrc.py'), ('LC_TELEPHONE', 'zh_CN.UTF-8'), ('XMODIFIERS', '@im=fcitx'), ('XDG_SESSION_DESKTOP', 'ubuntu'), ('XAUTHORITY', '/run/user/1000/.mutter-Xwaylandauth.3PQSP3'), ('LS_COLORS', 'rs=0:di=01;34:ln=01;36:mh=00:pi=40;33:so=01;35:do=01;35:bd=40;33;01:cd=40;33;01:or=40;31;01:mi=00:su=37;41:sg=30;43:ca=30;41:tw=30;42:ow=34;42:st=37;44:ex=01;32:*.tar=01;31:*.tgz=01;31:*.arc=01;31:*.arj=01;31:*.taz=01;31:*.lha=01;31:*.lz4=01;31:*.lzh=01;31:*.lzma=01;31:*.tlz=01;31:*.txz=01;31:*.tzo=01;31:*.t7z=01;31:*.zip=01;31:*.z=01;31:*.dz=01;31:*.gz=01;31:*.lrz=01;31:*.lz=01;31:*.lzo=01;31:*.xz=01;31:*.zst=01;31:*.tzst=01;31:*.bz2=01;31:*.bz=01;31:*.tbz=01;31:*.tbz2=01;31:*.tz=01;31:*.deb=01;31:*.rpm=01;31:*.jar=01;31:*.war=01;31:*.ear=01;31:*.sar=01;31:*.rar=01;31:*.alz=01;31:*.ace=01;31:*.zoo=01;31:*.cpio=01;31:*.7z=01;31:*.rz=01;31:*.cab=01;31:*.wim=01;31:*.swm=01;31:*.dwm=01;31:*.esd=01;31:*.jpg=01;35:*.jpeg=01;35:*.mjpg=01;35:*.mjpeg=01;35:*.gif=01;35:*.bmp=01;35:*.pbm=01;35:*.pgm=01;35:*.ppm=01;35:*.tga=01;35:*.xbm=01;35:*.xpm=01;35:*.tif=01;35:*.tiff=01;35:*.png=01;35:*.svg=01;35:*.svgz=01;35:*.mng=01;35:*.pcx=01;35:*.mov=01;35:*.mpg=01;35:*.mpeg=01;35:*.m2v=01;35:*.mkv=01;35:*.webm=01;35:*.webp=01;35:*.ogm=01;35:*.mp4=01;35:*.m4v=01;35:*.mp4v=01;35:*.vob=01;35:*.qt=01;35:*.nuv=01;35:*.wmv=01;35:*.asf=01;35:*.rm=01;35:*.rmvb=01;35:*.flc=01;35:*.avi=01;35:*.fli=01;35:*.flv=01;35:*.gl=01;35:*.dl=01;35:*.xcf=01;35:*.xwd=01;35:*.yuv=01;35:*.cgm=01;35:*.emf=01;35:*.ogv=01;35:*.ogx=01;35:*.aac=00;36:*.au=00;36:*.flac=00;36:*.m4a=00;36:*.mid=00;36:*.midi=00;36:*.mka=00;36:*.mp3=00;36:*.mpc=00;36:*.ogg=00;36:*.ra=00;36:*.wav=00;36:*.oga=00;36:*.opus=00;36:*.spx=00;36:*.xspf=00;36:'), ('TERM_PROGRAM', 'vscode'), ('SSH_AGENT_LAUNCHER', 'gnome-keyring'), ('SSH_AUTH_SOCK', '/run/user/1000/keyring/ssh'), ('AMENT_PREFIX_PATH', '/home/loser/ws01_plumbing/install/py02_service:/home/loser/ws01_plumbing/install/py01_topic:/home/loser/ws01_plumbing/install/cpp02_service:/home/loser/ws01_plumbing/install/cpp01_topic:/home/loser/ws01_plumbing/install/base_interfaces_demo:/opt/ros/humble'), ('SHELL', '/bin/bash'), ('LC_NAME', 'zh_CN.UTF-8'), ('QT_ACCESSIBILITY', '1'), ('GDMSESSION', 'ubuntu'), ('LESSCLOSE', '/usr/bin/lesspipe %s %s'), ('LC_MEASUREMENT', 'zh_CN.UTF-8'), ('GJS_DEBUG_OUTPUT', 'stderr'), ('LC_IDENTIFICATION', 'zh_CN.UTF-8'), ('QT_IM_MODULE', 'fcitx'), ('PWD', '/home/loser/ws01_plumbing/build/cpp01_topic'), ('XDG_CONFIG_DIRS', '/etc/xdg/xdg-ubuntu:/etc/xdg'), ('CLUTTER_IM_MODULE', 'xim'), ('XDG_DATA_DIRS', '/usr/share/ubuntu:/usr/local/share/:/usr/share/:/var/lib/snapd/desktop'), ('PYTHONPATH', '/home/loser/ws01_plumbing/install/py02_service/lib/python3.10/site-packages:/home/loser/ws01_plumbing/install/py01_topic/lib/python3.10/site-packages:/home/loser/ws01_plumbing/install/base_interfaces_demo/local/lib/python3.10/dist-packages:/opt/ros/humble/lib/python3.10/site-packages:/opt/ros/humble/local/lib/python3.10/dist-packages'), ('LC_NUMERIC', 'zh_CN.UTF-8'), ('LC_PAPER', 'zh_CN.UTF-8'), ('COLCON', '1'), ('CMAKE_PREFIX_PATH', '/home/loser/ws01_plumbing/install/base_interfaces_demo:/home/loser/ws01_plumbing/install/cpp02_service:/home/loser/ws01_plumbing/install/cpp01_topic:/home/loser/ws01_plumbing/install/py02_service:/home/loser/ws01_plumbing/install/py01_topic:/opt/ros/humble')]), 'shell': False}
[0.698615] (cpp01_topic) StdoutLine: {'line': b'-- Install configuration: ""\n'}
[0.698885] (cpp01_topic) StdoutLine: {'line': b'-- Up-to-date: /home/loser/ws01_plumbing/install/cpp01_topic/lib/cpp01_topic/demo_str_cpp_publisher\n'}
[0.698993] (cpp01_topic) StdoutLine: {'line': b'-- Up-to-date: /home/loser/ws01_plumbing/install/cpp01_topic/lib/cpp01_topic/demo_str_cpp_listener\n'}
[0.699066] (cpp01_topic) StdoutLine: {'line': b'-- Up-to-date: /home/loser/ws01_plumbing/install/cpp01_topic/lib/cpp01_topic/demo_stu_cpp_publisher\n'}
[0.699159] (cpp01_topic) StdoutLine: {'line': b'-- Up-to-date: /home/loser/ws01_plumbing/install/cpp01_topic/lib/cpp01_topic/demo_stu_cpp_listener\n'}
[0.699257] (cpp01_topic) StdoutLine: {'line': b'-- Up-to-date: /home/loser/ws01_plumbing/install/cpp01_topic/share/ament_index/resource_index/package_run_dependencies/cpp01_topic\n'}
[0.699327] (cpp01_topic) StdoutLine: {'line': b'-- Up-to-date: /home/loser/ws01_plumbing/install/cpp01_topic/share/ament_index/resource_index/parent_prefix_path/cpp01_topic\n'}
[0.699397] (cpp01_topic) StdoutLine: {'line': b'-- Up-to-date: /home/loser/ws01_plumbing/install/cpp01_topic/share/cpp01_topic/environment/ament_prefix_path.sh\n'}
[0.699465] (cpp01_topic) StdoutLine: {'line': b'-- Up-to-date: /home/loser/ws01_plumbing/install/cpp01_topic/share/cpp01_topic/environment/ament_prefix_path.dsv\n'}
[0.699551] (cpp01_topic) StdoutLine: {'line': b'-- Up-to-date: /home/loser/ws01_plumbing/install/cpp01_topic/share/cpp01_topic/environment/path.sh\n'}
[0.699633] (cpp01_topic) StdoutLine: {'line': b'-- Up-to-date: /home/loser/ws01_plumbing/install/cpp01_topic/share/cpp01_topic/environment/path.dsv\n'}
[0.699703] (cpp01_topic) StdoutLine: {'line': b'-- Up-to-date: /home/loser/ws01_plumbing/install/cpp01_topic/share/cpp01_topic/local_setup.bash\n'}
[0.699773] (cpp01_topic) StdoutLine: {'line': b'-- Up-to-date: /home/loser/ws01_plumbing/install/cpp01_topic/share/cpp01_topic/local_setup.sh\n'}
[0.699840] (cpp01_topic) StdoutLine: {'line': b'-- Up-to-date: /home/loser/ws01_plumbing/install/cpp01_topic/share/cpp01_topic/local_setup.zsh\n'}
[0.699907] (cpp01_topic) StdoutLine: {'line': b'-- Up-to-date: /home/loser/ws01_plumbing/install/cpp01_topic/share/cpp01_topic/local_setup.dsv\n'}
[0.699983] (cpp01_topic) StdoutLine: {'line': b'-- Installing: /home/loser/ws01_plumbing/install/cpp01_topic/share/cpp01_topic/package.dsv\n'}
[0.700063] (cpp01_topic) StdoutLine: {'line': b'-- Up-to-date: /home/loser/ws01_plumbing/install/cpp01_topic/share/ament_index/resource_index/packages/cpp01_topic\n'}
[0.700143] (cpp01_topic) StdoutLine: {'line': b'-- Up-to-date: /home/loser/ws01_plumbing/install/cpp01_topic/share/cpp01_topic/cmake/cpp01_topicConfig.cmake\n'}
[0.700216] (cpp01_topic) StdoutLine: {'line': b'-- Up-to-date: /home/loser/ws01_plumbing/install/cpp01_topic/share/cpp01_topic/cmake/cpp01_topicConfig-version.cmake\n'}
[0.700284] (cpp01_topic) StdoutLine: {'line': b'-- Up-to-date: /home/loser/ws01_plumbing/install/cpp01_topic/share/cpp01_topic/package.xml\n'}
[0.700898] (cpp01_topic) CommandEnded: {'returncode': 0}
[0.702697] (-) TimerEvent: {}
[0.719678] (cpp01_topic) JobEnded: {'identifier': 'cpp01_topic', 'rc': 0}
[0.804153] (-) TimerEvent: {}
[0.904488] (-) TimerEvent: {}
[0.941459] (py01_topic) Command: {'cmd': ['/usr/bin/python3', '-W', 'ignore:setup.py install is deprecated', '-W', 'ignore:easy_install command is deprecated', 'setup.py', 'egg_info', '--egg-base', '../../build/py01_topic', 'build', '--build-base', '/home/loser/ws01_plumbing/build/py01_topic/build', 'install', '--record', '/home/loser/ws01_plumbing/build/py01_topic/install.log', '--single-version-externally-managed', 'install_data'], 'cwd': '/home/loser/ws01_plumbing/src/py01_topic', 'env': {'GJS_DEBUG_TOPICS': 'JS ERROR;JS LOG', 'PYTHON_BASIC_REPL': '1', 'LESSOPEN': '| /usr/bin/lesspipe %s', 'LANGUAGE': 'zh_CN:en', 'USER': 'loser', 'LC_TIME': 'zh_CN.UTF-8', 'XDG_SESSION_TYPE': 'wayland', 'SHLVL': '1', 'LD_LIBRARY_PATH': '/home/loser/ws01_plumbing/install/base_interfaces_demo/lib:/usr/lib/x86_64-linux-gnu/gazebo-11/plugins:/opt/ros/humble/opt/rviz_ogre_vendor/lib:/opt/ros/humble/lib/x86_64-linux-gnu:/opt/ros/humble/lib', 'HOME': '/home/loser', 'CHROME_DESKTOP': 'code.desktop', 'TERM_PROGRAM_VERSION': '1.121.0', 'DESKTOP_SESSION': 'ubuntu', 'GIO_LAUNCHED_DESKTOP_FILE': '/usr/share/applications/code.desktop', 'ROS_PYTHON_VERSION': '3', 'GNOME_SHELL_SESSION_MODE': 'ubuntu', 'GTK_MODULES': 'gail:atk-bridge', 'LC_MONETARY': 'zh_CN.UTF-8', 'MANAGERPID': '1453', 'SYSTEMD_EXEC_PID': '1615', 'IM_CONFIG_CHECK_ENV': '1', 'VSCODE_PYTHON_AUTOACTIVATE_GUARD': '1', 'DBUS_SESSION_BUS_ADDRESS': 'unix:path=/run/user/1000/bus', 'COLORTERM': 'truecolor', 'GIO_LAUNCHED_DESKTOP_FILE_PID': '17729', 'IM_CONFIG_PHASE': '1', 'WAYLAND_DISPLAY': 'wayland-0', 'COLCON_PREFIX_PATH': '/home/loser/ws01_plumbing/install', 'ROS_DISTRO': 'humble', 'GTK_IM_MODULE': 'fcitx', 'LOGNAME': 'loser', 'JOURNAL_STREAM': '8:20518', '_': '/usr/bin/colcon', 'ROS_VERSION': '2', 'XDG_SESSION_CLASS': 'user', 'USERNAME': 'loser', 'TERM': 'xterm-256color', 'GNOME_DESKTOP_SESSION_ID': 'this-is-deprecated', 'FC_FONTATIONS': '1', 'ROS_LOCALHOST_ONLY': '0', 'PATH': '/home/loser/.config/Code/User/globalStorage/github.copilot-chat/debugCommand:/home/loser/.config/Code/User/globalStorage/github.copilot-chat/copilotCli:/opt/ros/humble/bin:/usr/local/sbin:/usr/local/bin:/usr/sbin:/usr/bin:/sbin:/bin:/usr/games:/usr/local/games:/snap/bin:/snap/bin', 'SESSION_MANAGER': 'local/loser-vm:@/tmp/.ICE-unix/1583,unix/loser-vm:/tmp/.ICE-unix/1583', 'INVOCATION_ID': '3049aaef72ab45bda2c45e7e91538e54', 'PAPERSIZE': 'a4', 'XDG_MENU_PREFIX': 'gnome-', 'LC_ADDRESS': 'zh_CN.UTF-8', 'GNOME_SETUP_DISPLAY': ':1', 'XDG_RUNTIME_DIR': '/run/user/1000', 'GDK_BACKEND': 'wayland', 'DISPLAY': ':0', 'LANG': 'zh_CN.UTF-8', 'XDG_CURRENT_DESKTOP': 'ubuntu:GNOME', 'PYTHONSTARTUP': '/home/loser/.config/Code/User/workspaceStorage/8648397a620a1c47015fb5f0b3e3803b/ms-python.python/pythonrc.py', 'LC_TELEPHONE': 'zh_CN.UTF-8', 'XMODIFIERS': '@im=fcitx', 'XDG_SESSION_DESKTOP': 'ubuntu', 'XAUTHORITY': '/run/user/1000/.mutter-Xwaylandauth.3PQSP3', 'LS_COLORS': 'rs=0:di=01;34:ln=01;36:mh=00:pi=40;33:so=01;35:do=01;35:bd=40;33;01:cd=40;33;01:or=40;31;01:mi=00:su=37;41:sg=30;43:ca=30;41:tw=30;42:ow=34;42:st=37;44:ex=01;32:*.tar=01;31:*.tgz=01;31:*.arc=01;31:*.arj=01;31:*.taz=01;31:*.lha=01;31:*.lz4=01;31:*.lzh=01;31:*.lzma=01;31:*.tlz=01;31:*.txz=01;31:*.tzo=01;31:*.t7z=01;31:*.zip=01;31:*.z=01;31:*.dz=01;31:*.gz=01;31:*.lrz=01;31:*.lz=01;31:*.lzo=01;31:*.xz=01;31:*.zst=01;31:*.tzst=01;31:*.bz2=01;31:*.bz=01;31:*.tbz=01;31:*.tbz2=01;31:*.tz=01;31:*.deb=01;31:*.rpm=01;31:*.jar=01;31:*.war=01;31:*.ear=01;31:*.sar=01;31:*.rar=01;31:*.alz=01;31:*.ace=01;31:*.zoo=01;31:*.cpio=01;31:*.7z=01;31:*.rz=01;31:*.cab=01;31:*.wim=01;31:*.swm=01;31:*.dwm=01;31:*.esd=01;31:*.jpg=01;35:*.jpeg=01;35:*.mjpg=01;35:*.mjpeg=01;35:*.gif=01;35:*.bmp=01;35:*.pbm=01;35:*.pgm=01;35:*.ppm=01;35:*.tga=01;35:*.xbm=01;35:*.xpm=01;35:*.tif=01;35:*.tiff=01;35:*.png=01;35:*.svg=01;35:*.svgz=01;35:*.mng=01;35:*.pcx=01;35:*.mov=01;35:*.mpg=01;35:*.mpeg=01;35:*.m2v=01;35:*.mkv=01;35:*.webm=01;35:*.webp=01;35:*.ogm=01;35:*.mp4=01;35:*.m4v=01;35:*.mp4v=01;35:*.vob=01;35:*.qt=01;35:*.nuv=01;35:*.wmv=01;35:*.asf=01;35:*.rm=01;35:*.rmvb=01;35:*.flc=01;35:*.avi=01;35:*.fli=01;35:*.flv=01;35:*.gl=01;35:*.dl=01;35:*.xcf=01;35:*.xwd=01;35:*.yuv=01;35:*.cgm=01;35:*.emf=01;35:*.ogv=01;35:*.ogx=01;35:*.aac=00;36:*.au=00;36:*.flac=00;36:*.m4a=00;36:*.mid=00;36:*.midi=00;36:*.mka=00;36:*.mp3=00;36:*.mpc=00;36:*.ogg=00;36:*.ra=00;36:*.wav=00;36:*.oga=00;36:*.opus=00;36:*.spx=00;36:*.xspf=00;36:', 'TERM_PROGRAM': 'vscode', 'SSH_AGENT_LAUNCHER': 'gnome-keyring', 'SSH_AUTH_SOCK': '/run/user/1000/keyring/ssh', 'AMENT_PREFIX_PATH': '/home/loser/ws01_plumbing/install/py02_service:/home/loser/ws01_plumbing/install/py01_topic:/home/loser/ws01_plumbing/install/cpp02_service:/home/loser/ws01_plumbing/install/cpp01_topic:/home/loser/ws01_plumbing/install/base_interfaces_demo:/opt/ros/humble', 'SHELL': '/bin/bash', 'LC_NAME': 'zh_CN.UTF-8', 'QT_ACCESSIBILITY': '1', 'GDMSESSION': 'ubuntu', 'LESSCLOSE': '/usr/bin/lesspipe %s %s', 'LC_MEASUREMENT': 'zh_CN.UTF-8', 'GJS_DEBUG_OUTPUT': 'stderr', 'LC_IDENTIFICATION': 'zh_CN.UTF-8', 'QT_IM_MODULE': 'fcitx', 'PWD': '/home/loser/ws01_plumbing/build/py01_topic', 'XDG_CONFIG_DIRS': '/etc/xdg/xdg-ubuntu:/etc/xdg', 'CLUTTER_IM_MODULE': 'xim', 'XDG_DATA_DIRS': '/usr/share/ubuntu:/usr/local/share/:/usr/share/:/var/lib/snapd/desktop', 'PYTHONPATH': '/home/loser/ws01_plumbing/build/py01_topic/prefix_override:/usr/lib/python3/dist-packages/colcon_core/task/python/colcon_distutils_commands:/home/loser/ws01_plumbing/install/py01_topic/lib/python3.10/site-packages:/home/loser/ws01_plumbing/install/py02_service/lib/python3.10/site-packages:/home/loser/ws01_plumbing/install/py01_topic/lib/python3.10/site-packages:/home/loser/ws01_plumbing/install/base_interfaces_demo/local/lib/python3.10/dist-packages:/opt/ros/humble/lib/python3.10/site-packages:/opt/ros/humble/local/lib/python3.10/dist-packages', 'LC_NUMERIC': 'zh_CN.UTF-8', 'LC_PAPER': 'zh_CN.UTF-8', 'COLCON': '1', 'CMAKE_PREFIX_PATH': '/home/loser/ws01_plumbing/install/base_interfaces_demo:/home/loser/ws01_plumbing/install/cpp02_service:/home/loser/ws01_plumbing/install/cpp01_topic'}, 'shell': False}
[0.969756] (py02_service) Command: {'cmd': ['/usr/bin/python3', '-W', 'ignore:setup.py install is deprecated', '-W', 'ignore:easy_install command is deprecated', 'setup.py', 'egg_info', '--egg-base', '../../build/py02_service', 'build', '--build-base', '/home/loser/ws01_plumbing/build/py02_service/build', 'install', '--record', '/home/loser/ws01_plumbing/build/py02_service/install.log', '--single-version-externally-managed', 'install_data'], 'cwd': '/home/loser/ws01_plumbing/src/py02_service', 'env': {'GJS_DEBUG_TOPICS': 'JS ERROR;JS LOG', 'PYTHON_BASIC_REPL': '1', 'LESSOPEN': '| /usr/bin/lesspipe %s', 'LANGUAGE': 'zh_CN:en', 'USER': 'loser', 'LC_TIME': 'zh_CN.UTF-8', 'XDG_SESSION_TYPE': 'wayland', 'SHLVL': '1', 'LD_LIBRARY_PATH': '/home/loser/ws01_plumbing/install/base_interfaces_demo/lib:/usr/lib/x86_64-linux-gnu/gazebo-11/plugins:/opt/ros/humble/opt/rviz_ogre_vendor/lib:/opt/ros/humble/lib/x86_64-linux-gnu:/opt/ros/humble/lib', 'HOME': '/home/loser', 'CHROME_DESKTOP': 'code.desktop', 'TERM_PROGRAM_VERSION': '1.121.0', 'DESKTOP_SESSION': 'ubuntu', 'GIO_LAUNCHED_DESKTOP_FILE': '/usr/share/applications/code.desktop', 'ROS_PYTHON_VERSION': '3', 'GNOME_SHELL_SESSION_MODE': 'ubuntu', 'GTK_MODULES': 'gail:atk-bridge', 'LC_MONETARY': 'zh_CN.UTF-8', 'MANAGERPID': '1453', 'SYSTEMD_EXEC_PID': '1615', 'IM_CONFIG_CHECK_ENV': '1', 'VSCODE_PYTHON_AUTOACTIVATE_GUARD': '1', 'DBUS_SESSION_BUS_ADDRESS': 'unix:path=/run/user/1000/bus', 'COLORTERM': 'truecolor', 'GIO_LAUNCHED_DESKTOP_FILE_PID': '17729', 'IM_CONFIG_PHASE': '1', 'WAYLAND_DISPLAY': 'wayland-0', 'COLCON_PREFIX_PATH': '/home/loser/ws01_plumbing/install', 'ROS_DISTRO': 'humble', 'GTK_IM_MODULE': 'fcitx', 'LOGNAME': 'loser', 'JOURNAL_STREAM': '8:20518', '_': '/usr/bin/colcon', 'ROS_VERSION': '2', 'XDG_SESSION_CLASS': 'user', 'USERNAME': 'loser', 'TERM': 'xterm-256color', 'GNOME_DESKTOP_SESSION_ID': 'this-is-deprecated', 'FC_FONTATIONS': '1', 'ROS_LOCALHOST_ONLY': '0', 'PATH': '/home/loser/.config/Code/User/globalStorage/github.copilot-chat/debugCommand:/home/loser/.config/Code/User/globalStorage/github.copilot-chat/copilotCli:/opt/ros/humble/bin:/usr/local/sbin:/usr/local/bin:/usr/sbin:/usr/bin:/sbin:/bin:/usr/games:/usr/local/games:/snap/bin:/snap/bin', 'SESSION_MANAGER': 'local/loser-vm:@/tmp/.ICE-unix/1583,unix/loser-vm:/tmp/.ICE-unix/1583', 'INVOCATION_ID': '3049aaef72ab45bda2c45e7e91538e54', 'PAPERSIZE': 'a4', 'XDG_MENU_PREFIX': 'gnome-', 'LC_ADDRESS': 'zh_CN.UTF-8', 'GNOME_SETUP_DISPLAY': ':1', 'XDG_RUNTIME_DIR': '/run/user/1000', 'GDK_BACKEND': 'wayland', 'DISPLAY': ':0', 'LANG': 'zh_CN.UTF-8', 'XDG_CURRENT_DESKTOP': 'ubuntu:GNOME', 'PYTHONSTARTUP': '/home/loser/.config/Code/User/workspaceStorage/8648397a620a1c47015fb5f0b3e3803b/ms-python.python/pythonrc.py', 'LC_TELEPHONE': 'zh_CN.UTF-8', 'XMODIFIERS': '@im=fcitx', 'XDG_SESSION_DESKTOP': 'ubuntu', 'XAUTHORITY': '/run/user/1000/.mutter-Xwaylandauth.3PQSP3', 'LS_COLORS': 'rs=0:di=01;34:ln=01;36:mh=00:pi=40;33:so=01;35:do=01;35:bd=40;33;01:cd=40;33;01:or=40;31;01:mi=00:su=37;41:sg=30;43:ca=30;41:tw=30;42:ow=34;42:st=37;44:ex=01;32:*.tar=01;31:*.tgz=01;31:*.arc=01;31:*.arj=01;31:*.taz=01;31:*.lha=01;31:*.lz4=01;31:*.lzh=01;31:*.lzma=01;31:*.tlz=01;31:*.txz=01;31:*.tzo=01;31:*.t7z=01;31:*.zip=01;31:*.z=01;31:*.dz=01;31:*.gz=01;31:*.lrz=01;31:*.lz=01;31:*.lzo=01;31:*.xz=01;31:*.zst=01;31:*.tzst=01;31:*.bz2=01;31:*.bz=01;31:*.tbz=01;31:*.tbz2=01;31:*.tz=01;31:*.deb=01;31:*.rpm=01;31:*.jar=01;31:*.war=01;31:*.ear=01;31:*.sar=01;31:*.rar=01;31:*.alz=01;31:*.ace=01;31:*.zoo=01;31:*.cpio=01;31:*.7z=01;31:*.rz=01;31:*.cab=01;31:*.wim=01;31:*.swm=01;31:*.dwm=01;31:*.esd=01;31:*.jpg=01;35:*.jpeg=01;35:*.mjpg=01;35:*.mjpeg=01;35:*.gif=01;35:*.bmp=01;35:*.pbm=01;35:*.pgm=01;35:*.ppm=01;35:*.tga=01;35:*.xbm=01;35:*.xpm=01;35:*.tif=01;35:*.tiff=01;35:*.png=01;35:*.svg=01;35:*.svgz=01;35:*.mng=01;35:*.pcx=01;35:*.mov=01;35:*.mpg=01;35:*.mpeg=01;35:*.m2v=01;35:*.mkv=01;35:*.webm=01;35:*.webp=01;35:*.ogm=01;35:*.mp4=01;35:*.m4v=01;35:*.mp4v=01;35:*.vob=01;35:*.qt=01;35:*.nuv=01;35:*.wmv=01;35:*.asf=01;35:*.rm=01;35:*.rmvb=01;35:*.flc=01;35:*.avi=01;35:*.fli=01;35:*.flv=01;35:*.gl=01;35:*.dl=01;35:*.xcf=01;35:*.xwd=01;35:*.yuv=01;35:*.cgm=01;35:*.emf=01;35:*.ogv=01;35:*.ogx=01;35:*.aac=00;36:*.au=00;36:*.flac=00;36:*.m4a=00;36:*.mid=00;36:*.midi=00;36:*.mka=00;36:*.mp3=00;36:*.mpc=00;36:*.ogg=00;36:*.ra=00;36:*.wav=00;36:*.oga=00;36:*.opus=00;36:*.spx=00;36:*.xspf=00;36:', 'TERM_PROGRAM': 'vscode', 'SSH_AGENT_LAUNCHER': 'gnome-keyring', 'SSH_AUTH_SOCK': '/run/user/1000/keyring/ssh', 'AMENT_PREFIX_PATH': '/home/loser/ws01_plumbing/install/py02_service:/home/loser/ws01_plumbing/install/py01_topic:/home/loser/ws01_plumbing/install/cpp02_service:/home/loser/ws01_plumbing/install/cpp01_topic:/home/loser/ws01_plumbing/install/base_interfaces_demo:/opt/ros/humble', 'SHELL': '/bin/bash', 'LC_NAME': 'zh_CN.UTF-8', 'QT_ACCESSIBILITY': '1', 'GDMSESSION': 'ubuntu', 'LESSCLOSE': '/usr/bin/lesspipe %s %s', 'LC_MEASUREMENT': 'zh_CN.UTF-8', 'GJS_DEBUG_OUTPUT': 'stderr', 'LC_IDENTIFICATION': 'zh_CN.UTF-8', 'QT_IM_MODULE': 'fcitx', 'PWD': '/home/loser/ws01_plumbing/build/py02_service', 'XDG_CONFIG_DIRS': '/etc/xdg/xdg-ubuntu:/etc/xdg', 'CLUTTER_IM_MODULE': 'xim', 'XDG_DATA_DIRS': '/usr/share/ubuntu:/usr/local/share/:/usr/share/:/var/lib/snapd/desktop', 'PYTHONPATH': '/home/loser/ws01_plumbing/build/py02_service/prefix_override:/usr/lib/python3/dist-packages/colcon_core/task/python/colcon_distutils_commands:/home/loser/ws01_plumbing/install/py02_service/lib/python3.10/site-packages:/home/loser/ws01_plumbing/install/py02_service/lib/python3.10/site-packages:/home/loser/ws01_plumbing/install/py01_topic/lib/python3.10/site-packages:/home/loser/ws01_plumbing/install/base_interfaces_demo/local/lib/python3.10/dist-packages:/opt/ros/humble/lib/python3.10/site-packages:/opt/ros/humble/local/lib/python3.10/dist-packages', 'LC_NUMERIC': 'zh_CN.UTF-8', 'LC_PAPER': 'zh_CN.UTF-8', 'COLCON': '1', 'CMAKE_PREFIX_PATH': '/home/loser/ws01_plumbing/install/base_interfaces_demo:/home/loser/ws01_plumbing/install/cpp02_service:/home/loser/ws01_plumbing/install/cpp01_topic'}, 'shell': False}
[1.005035] (-) TimerEvent: {}
[1.053511] (py01_topic) StdoutLine: {'line': b'running egg_info\n'}
[1.053894] (py01_topic) StdoutLine: {'line': b'writing ../../build/py01_topic/py01_topic.egg-info/PKG-INFO\n'}
[1.054946] (py01_topic) StdoutLine: {'line': b'writing dependency_links to ../../build/py01_topic/py01_topic.egg-info/dependency_links.txt\n'}
[1.055074] (py01_topic) StdoutLine: {'line': b'writing entry points to ../../build/py01_topic/py01_topic.egg-info/entry_points.txt\n'}
[1.055254] (py01_topic) StdoutLine: {'line': b'writing requirements to ../../build/py01_topic/py01_topic.egg-info/requires.txt\n'}
[1.055333] (py01_topic) StdoutLine: {'line': b'writing top-level names to ../../build/py01_topic/py01_topic.egg-info/top_level.txt\n'}
[1.056217] (py01_topic) StdoutLine: {'line': b"reading manifest file '../../build/py01_topic/py01_topic.egg-info/SOURCES.txt'\n"}
[1.056409] (py01_topic) StdoutLine: {'line': b"writing manifest file '../../build/py01_topic/py01_topic.egg-info/SOURCES.txt'\n"}
[1.056443] (py01_topic) StdoutLine: {'line': b'running build\n'}
[1.056468] (py01_topic) StdoutLine: {'line': b'running build_py\n'}
[1.056491] (py01_topic) StdoutLine: {'line': b'running install\n'}
[1.056511] (py01_topic) StdoutLine: {'line': b'running install_lib\n'}
[1.057576] (py01_topic) StdoutLine: {'line': b'running install_data\n'}
[1.057672] (py01_topic) StdoutLine: {'line': b'running install_egg_info\n'}
[1.058628] (py01_topic) StdoutLine: {'line': b"removing '/home/loser/ws01_plumbing/install/py01_topic/lib/python3.10/site-packages/py01_topic-0.0.0-py3.10.egg-info' (and everything under it)\n"}
[1.060486] (py01_topic) StdoutLine: {'line': b'Copying ../../build/py01_topic/py01_topic.egg-info to /home/loser/ws01_plumbing/install/py01_topic/lib/python3.10/site-packages/py01_topic-0.0.0-py3.10.egg-info\n'}
[1.061368] (py01_topic) StdoutLine: {'line': b'running install_scripts\n'}
[1.074484] (py01_topic) StdoutLine: {'line': b'Installing demo_str_py_listener script to /home/loser/ws01_plumbing/install/py01_topic/lib/py01_topic\n'}
[1.074693] (py01_topic) StdoutLine: {'line': b'Installing demo_str_py_publisher script to /home/loser/ws01_plumbing/install/py01_topic/lib/py01_topic\n'}
[1.074781] (py01_topic) StdoutLine: {'line': b'Installing demo_stu_py_listener script to /home/loser/ws01_plumbing/install/py01_topic/lib/py01_topic\n'}
[1.074856] (py01_topic) StdoutLine: {'line': b'Installing demo_stu_py_publisher script to /home/loser/ws01_plumbing/install/py01_topic/lib/py01_topic\n'}
[1.074931] (py01_topic) StdoutLine: {'line': b"writing list of installed files to '/home/loser/ws01_plumbing/build/py01_topic/install.log'\n"}
[1.094625] (py01_topic) CommandEnded: {'returncode': 0}
[1.103888] (py01_topic) JobEnded: {'identifier': 'py01_topic', 'rc': 0}
[1.105078] (-) TimerEvent: {}
[1.106742] (py02_service) StdoutLine: {'line': b'running egg_info\n'}
[1.107069] (py02_service) StdoutLine: {'line': b'writing ../../build/py02_service/py02_service.egg-info/PKG-INFO\n'}
[1.107499] (py02_service) StdoutLine: {'line': b'writing dependency_links to ../../build/py02_service/py02_service.egg-info/dependency_links.txt\n'}
[1.107606] (py02_service) StdoutLine: {'line': b'writing entry points to ../../build/py02_service/py02_service.egg-info/entry_points.txt\n'}
[1.107830] (py02_service) StdoutLine: {'line': b'writing requirements to ../../build/py02_service/py02_service.egg-info/requires.txt\n'}
[1.107970] (py02_service) StdoutLine: {'line': b'writing top-level names to ../../build/py02_service/py02_service.egg-info/top_level.txt\n'}
[1.109147] (py02_service) StdoutLine: {'line': b"reading manifest file '../../build/py02_service/py02_service.egg-info/SOURCES.txt'\n"}
[1.109276] (py02_service) StdoutLine: {'line': b"writing manifest file '../../build/py02_service/py02_service.egg-info/SOURCES.txt'\n"}
[1.109504] (py02_service) StdoutLine: {'line': b'running build\n'}
[1.110018] (py02_service) StdoutLine: {'line': b'running build_py\n'}
[1.110082] (py02_service) StdoutLine: {'line': b'running install\n'}
[1.110581] (py02_service) StdoutLine: {'line': b'running install_lib\n'}
[1.110782] (py02_service) StdoutLine: {'line': b'running install_data\n'}
[1.111238] (py02_service) StdoutLine: {'line': b'running install_egg_info\n'}
[1.113117] (py02_service) StdoutLine: {'line': b"removing '/home/loser/ws01_plumbing/install/py02_service/lib/python3.10/site-packages/py02_service-0.0.0-py3.10.egg-info' (and everything under it)\n"}
[1.113251] (py02_service) StdoutLine: {'line': b'Copying ../../build/py02_service/py02_service.egg-info to /home/loser/ws01_plumbing/install/py02_service/lib/python3.10/site-packages/py02_service-0.0.0-py3.10.egg-info\n'}
[1.113338] (py02_service) StdoutLine: {'line': b'running install_scripts\n'}
[1.126145] (py02_service) StdoutLine: {'line': b'Installing demo01_server script to /home/loser/ws01_plumbing/install/py02_service/lib/py02_service\n'}
[1.130321] (py02_service) StdoutLine: {'line': b"writing list of installed files to '/home/loser/ws01_plumbing/build/py02_service/install.log'\n"}
[1.147621] (py02_service) CommandEnded: {'returncode': 0}
[1.153821] (py02_service) JobEnded: {'identifier': 'py02_service', 'rc': 0}
[1.208166] (-) TimerEvent: {}
[1.308441] (-) TimerEvent: {}
[1.408789] (-) TimerEvent: {}
[1.509067] (-) TimerEvent: {}
[1.609401] (-) TimerEvent: {}
[1.711369] (-) TimerEvent: {}
[1.812166] (-) TimerEvent: {}
[1.912646] (-) TimerEvent: {}
[2.013029] (-) TimerEvent: {}
[2.113394] (-) TimerEvent: {}
[2.209867] (cpp02_service) StdoutLine: {'line': b'[100%] \x1b[32m\x1b[1mLinking CXX executable demo02_client\x1b[0m\n'}
[2.214167] (-) TimerEvent: {}
[2.289993] (cpp02_service) StdoutLine: {'line': b'[100%] Built target demo02_client\n'}
[2.298897] (cpp02_service) CommandEnded: {'returncode': 0}
[2.299280] (cpp02_service) JobProgress: {'identifier': 'cpp02_service', 'progress': 'install'}
[2.299502] (cpp02_service) Command: {'cmd': ['/usr/bin/cmake', '--install', '/home/loser/ws01_plumbing/build/cpp02_service'], 'cwd': '/home/loser/ws01_plumbing/build/cpp02_service', 'env': OrderedDict([('GJS_DEBUG_TOPICS', 'JS ERROR;JS LOG'), ('PYTHON_BASIC_REPL', '1'), ('LESSOPEN', '| /usr/bin/lesspipe %s'), ('LANGUAGE', 'zh_CN:en'), ('USER', 'loser'), ('LC_TIME', 'zh_CN.UTF-8'), ('XDG_SESSION_TYPE', 'wayland'), ('SHLVL', '1'), ('LD_LIBRARY_PATH', '/home/loser/ws01_plumbing/install/base_interfaces_demo/lib:/usr/lib/x86_64-linux-gnu/gazebo-11/plugins:/opt/ros/humble/opt/rviz_ogre_vendor/lib:/opt/ros/humble/lib/x86_64-linux-gnu:/opt/ros/humble/lib'), ('HOME', '/home/loser'), ('CHROME_DESKTOP', 'code.desktop'), ('TERM_PROGRAM_VERSION', '1.121.0'), ('DESKTOP_SESSION', 'ubuntu'), ('GIO_LAUNCHED_DESKTOP_FILE', '/usr/share/applications/code.desktop'), ('ROS_PYTHON_VERSION', '3'), ('GNOME_SHELL_SESSION_MODE', 'ubuntu'), ('GTK_MODULES', 'gail:atk-bridge'), ('LC_MONETARY', 'zh_CN.UTF-8'), ('MANAGERPID', '1453'), ('SYSTEMD_EXEC_PID', '1615'), ('IM_CONFIG_CHECK_ENV', '1'), ('VSCODE_PYTHON_AUTOACTIVATE_GUARD', '1'), ('DBUS_SESSION_BUS_ADDRESS', 'unix:path=/run/user/1000/bus'), ('COLORTERM', 'truecolor'), ('GIO_LAUNCHED_DESKTOP_FILE_PID', '17729'), ('IM_CONFIG_PHASE', '1'), ('WAYLAND_DISPLAY', 'wayland-0'), ('COLCON_PREFIX_PATH', '/home/loser/ws01_plumbing/install'), ('ROS_DISTRO', 'humble'), ('GTK_IM_MODULE', 'fcitx'), ('LOGNAME', 'loser'), ('JOURNAL_STREAM', '8:20518'), ('_', '/usr/bin/colcon'), ('ROS_VERSION', '2'), ('XDG_SESSION_CLASS', 'user'), ('USERNAME', 'loser'), ('TERM', 'xterm-256color'), ('GNOME_DESKTOP_SESSION_ID', 'this-is-deprecated'), ('FC_FONTATIONS', '1'), ('ROS_LOCALHOST_ONLY', '0'), ('PATH', '/home/loser/.config/Code/User/globalStorage/github.copilot-chat/debugCommand:/home/loser/.config/Code/User/globalStorage/github.copilot-chat/copilotCli:/opt/ros/humble/bin:/usr/local/sbin:/usr/local/bin:/usr/sbin:/usr/bin:/sbin:/bin:/usr/games:/usr/local/games:/snap/bin:/snap/bin'), ('SESSION_MANAGER', 'local/loser-vm:@/tmp/.ICE-unix/1583,unix/loser-vm:/tmp/.ICE-unix/1583'), ('INVOCATION_ID', '3049aaef72ab45bda2c45e7e91538e54'), ('PAPERSIZE', 'a4'), ('XDG_MENU_PREFIX', 'gnome-'), ('LC_ADDRESS', 'zh_CN.UTF-8'), ('GNOME_SETUP_DISPLAY', ':1'), ('XDG_RUNTIME_DIR', '/run/user/1000'), ('GDK_BACKEND', 'wayland'), ('DISPLAY', ':0'), ('LANG', 'zh_CN.UTF-8'), ('XDG_CURRENT_DESKTOP', 'ubuntu:GNOME'), ('PYTHONSTARTUP', '/home/loser/.config/Code/User/workspaceStorage/8648397a620a1c47015fb5f0b3e3803b/ms-python.python/pythonrc.py'), ('LC_TELEPHONE', 'zh_CN.UTF-8'), ('XMODIFIERS', '@im=fcitx'), ('XDG_SESSION_DESKTOP', 'ubuntu'), ('XAUTHORITY', '/run/user/1000/.mutter-Xwaylandauth.3PQSP3'), ('LS_COLORS', 'rs=0:di=01;34:ln=01;36:mh=00:pi=40;33:so=01;35:do=01;35:bd=40;33;01:cd=40;33;01:or=40;31;01:mi=00:su=37;41:sg=30;43:ca=30;41:tw=30;42:ow=34;42:st=37;44:ex=01;32:*.tar=01;31:*.tgz=01;31:*.arc=01;31:*.arj=01;31:*.taz=01;31:*.lha=01;31:*.lz4=01;31:*.lzh=01;31:*.lzma=01;31:*.tlz=01;31:*.txz=01;31:*.tzo=01;31:*.t7z=01;31:*.zip=01;31:*.z=01;31:*.dz=01;31:*.gz=01;31:*.lrz=01;31:*.lz=01;31:*.lzo=01;31:*.xz=01;31:*.zst=01;31:*.tzst=01;31:*.bz2=01;31:*.bz=01;31:*.tbz=01;31:*.tbz2=01;31:*.tz=01;31:*.deb=01;31:*.rpm=01;31:*.jar=01;31:*.war=01;31:*.ear=01;31:*.sar=01;31:*.rar=01;31:*.alz=01;31:*.ace=01;31:*.zoo=01;31:*.cpio=01;31:*.7z=01;31:*.rz=01;31:*.cab=01;31:*.wim=01;31:*.swm=01;31:*.dwm=01;31:*.esd=01;31:*.jpg=01;35:*.jpeg=01;35:*.mjpg=01;35:*.mjpeg=01;35:*.gif=01;35:*.bmp=01;35:*.pbm=01;35:*.pgm=01;35:*.ppm=01;35:*.tga=01;35:*.xbm=01;35:*.xpm=01;35:*.tif=01;35:*.tiff=01;35:*.png=01;35:*.svg=01;35:*.svgz=01;35:*.mng=01;35:*.pcx=01;35:*.mov=01;35:*.mpg=01;35:*.mpeg=01;35:*.m2v=01;35:*.mkv=01;35:*.webm=01;35:*.webp=01;35:*.ogm=01;35:*.mp4=01;35:*.m4v=01;35:*.mp4v=01;35:*.vob=01;35:*.qt=01;35:*.nuv=01;35:*.wmv=01;35:*.asf=01;35:*.rm=01;35:*.rmvb=01;35:*.flc=01;35:*.avi=01;35:*.fli=01;35:*.flv=01;35:*.gl=01;35:*.dl=01;35:*.xcf=01;35:*.xwd=01;35:*.yuv=01;35:*.cgm=01;35:*.emf=01;35:*.ogv=01;35:*.ogx=01;35:*.aac=00;36:*.au=00;36:*.flac=00;36:*.m4a=00;36:*.mid=00;36:*.midi=00;36:*.mka=00;36:*.mp3=00;36:*.mpc=00;36:*.ogg=00;36:*.ra=00;36:*.wav=00;36:*.oga=00;36:*.opus=00;36:*.spx=00;36:*.xspf=00;36:'), ('TERM_PROGRAM', 'vscode'), ('SSH_AGENT_LAUNCHER', 'gnome-keyring'), ('SSH_AUTH_SOCK', '/run/user/1000/keyring/ssh'), ('AMENT_PREFIX_PATH', '/home/loser/ws01_plumbing/install/py02_service:/home/loser/ws01_plumbing/install/py01_topic:/home/loser/ws01_plumbing/install/cpp02_service:/home/loser/ws01_plumbing/install/cpp01_topic:/home/loser/ws01_plumbing/install/base_interfaces_demo:/opt/ros/humble'), ('SHELL', '/bin/bash'), ('LC_NAME', 'zh_CN.UTF-8'), ('QT_ACCESSIBILITY', '1'), ('GDMSESSION', 'ubuntu'), ('LESSCLOSE', '/usr/bin/lesspipe %s %s'), ('LC_MEASUREMENT', 'zh_CN.UTF-8'), ('GJS_DEBUG_OUTPUT', 'stderr'), ('LC_IDENTIFICATION', 'zh_CN.UTF-8'), ('QT_IM_MODULE', 'fcitx'), ('PWD', '/home/loser/ws01_plumbing/build/cpp02_service'), ('XDG_CONFIG_DIRS', '/etc/xdg/xdg-ubuntu:/etc/xdg'), ('CLUTTER_IM_MODULE', 'xim'), ('XDG_DATA_DIRS', '/usr/share/ubuntu:/usr/local/share/:/usr/share/:/var/lib/snapd/desktop'), ('PYTHONPATH', '/home/loser/ws01_plumbing/install/py02_service/lib/python3.10/site-packages:/home/loser/ws01_plumbing/install/py01_topic/lib/python3.10/site-packages:/home/loser/ws01_plumbing/install/base_interfaces_demo/local/lib/python3.10/dist-packages:/opt/ros/humble/lib/python3.10/site-packages:/opt/ros/humble/local/lib/python3.10/dist-packages'), ('LC_NUMERIC', 'zh_CN.UTF-8'), ('LC_PAPER', 'zh_CN.UTF-8'), ('COLCON', '1'), ('CMAKE_PREFIX_PATH', '/home/loser/ws01_plumbing/install/base_interfaces_demo:/home/loser/ws01_plumbing/install/cpp02_service:/home/loser/ws01_plumbing/install/cpp01_topic:/home/loser/ws01_plumbing/install/py02_service:/home/loser/ws01_plumbing/install/py01_topic:/opt/ros/humble')]), 'shell': False}
[2.303917] (cpp02_service) StdoutLine: {'line': b'-- Install configuration: ""\n'}
[2.304000] (cpp02_service) StdoutLine: {'line': b'-- Up-to-date: /home/loser/ws01_plumbing/install/cpp02_service/lib/cpp02_service/demo01_server\n'}
[2.304330] (cpp02_service) StdoutLine: {'line': b'-- Installing: /home/loser/ws01_plumbing/install/cpp02_service/lib/cpp02_service/demo02_client\n'}
[2.304455] (cpp02_service) StdoutLine: {'line': b'-- Set runtime path of "/home/loser/ws01_plumbing/install/cpp02_service/lib/cpp02_service/demo02_client" to ""\n'}
[2.305254] (cpp02_service) StdoutLine: {'line': b'-- Up-to-date: /home/loser/ws01_plumbing/install/cpp02_service/share/ament_index/resource_index/package_run_dependencies/cpp02_service\n'}
[2.305340] (cpp02_service) StdoutLine: {'line': b'-- Up-to-date: /home/loser/ws01_plumbing/install/cpp02_service/share/ament_index/resource_index/parent_prefix_path/cpp02_service\n'}
[2.305376] (cpp02_service) StdoutLine: {'line': b'-- Up-to-date: /home/loser/ws01_plumbing/install/cpp02_service/share/cpp02_service/environment/ament_prefix_path.sh\n'}
[2.305449] (cpp02_service) StdoutLine: {'line': b'-- Up-to-date: /home/loser/ws01_plumbing/install/cpp02_service/share/cpp02_service/environment/ament_prefix_path.dsv\n'}
[2.305578] (cpp02_service) StdoutLine: {'line': b'-- Up-to-date: /home/loser/ws01_plumbing/install/cpp02_service/share/cpp02_service/environment/path.sh\n'}
[2.305635] (cpp02_service) StdoutLine: {'line': b'-- Up-to-date: /home/loser/ws01_plumbing/install/cpp02_service/share/cpp02_service/environment/path.dsv\n'}
[2.305844] (cpp02_service) StdoutLine: {'line': b'-- Up-to-date: /home/loser/ws01_plumbing/install/cpp02_service/share/cpp02_service/local_setup.bash\n'}
[2.305990] (cpp02_service) StdoutLine: {'line': b'-- Up-to-date: /home/loser/ws01_plumbing/install/cpp02_service/share/cpp02_service/local_setup.sh\n'}
[2.306393] (cpp02_service) StdoutLine: {'line': b'-- Up-to-date: /home/loser/ws01_plumbing/install/cpp02_service/share/cpp02_service/local_setup.zsh\n'}
[2.306434] (cpp02_service) StdoutLine: {'line': b'-- Up-to-date: /home/loser/ws01_plumbing/install/cpp02_service/share/cpp02_service/local_setup.dsv\n'}
[2.306461] (cpp02_service) StdoutLine: {'line': b'-- Installing: /home/loser/ws01_plumbing/install/cpp02_service/share/cpp02_service/package.dsv\n'}
[2.306487] (cpp02_service) StdoutLine: {'line': b'-- Up-to-date: /home/loser/ws01_plumbing/install/cpp02_service/share/ament_index/resource_index/packages/cpp02_service\n'}
[2.306509] (cpp02_service) StdoutLine: {'line': b'-- Up-to-date: /home/loser/ws01_plumbing/install/cpp02_service/share/cpp02_service/cmake/cpp02_serviceConfig.cmake\n'}
[2.306531] (cpp02_service) StdoutLine: {'line': b'-- Up-to-date: /home/loser/ws01_plumbing/install/cpp02_service/share/cpp02_service/cmake/cpp02_serviceConfig-version.cmake\n'}
[2.306553] (cpp02_service) StdoutLine: {'line': b'-- Up-to-date: /home/loser/ws01_plumbing/install/cpp02_service/share/cpp02_service/package.xml\n'}
[2.306574] (cpp02_service) CommandEnded: {'returncode': 0}
[2.314233] (-) TimerEvent: {}
[2.316468] (cpp02_service) JobEnded: {'identifier': 'cpp02_service', 'rc': 0}
[2.317066] (-) EventReactorShutdown: {}
